sigla,ano,quesito,jurado,nota
BJF,1996,Mestre-Sala e Porta-Bandeira,J1,10
BJF,1996,Bateria,J5,10
BJF,1996,Bateria,J4,10
BJF,1996,Bateria,J3,10
BJF,1996,Bateria,J2,10
BJF,1996,Bateria,J1,10
BJF,1996,Samba-Enredo,J5,9.5
BJF,1996,Pen.,Pen.,0
BJF,1996,Samba-Enredo,J3,10
BJF,1996,Samba-Enredo,J2,10
BJF,1996,Samba-Enredo,J1,10
BJF,1996,Harmonia,J5,10
BJF,1996,Harmonia,J4,10
BJF,1996,Harmonia,J3,10
BJF,1996,Harmonia,J2,9.5
BJF,1996,Harmonia,J1,10
BJF,1996,Evolução,J5,10
BJF,1996,Evolução,J4,10
BJF,1996,Evolução,J3,9.5
BJF,1996,Evolução,J2,10
BJF,1996,Evolução,J1,10
BJF,1996,Enredo,J5,10
BJF,1996,Enredo,J4,10
BJF,1996,Enredo,J3,10
BJF,1996,Enredo,J2,10
BJF,1996,Enredo,J1,8.5
BJF,1996,Conjunto,J5,10
BJF,1996,Conjunto,J4,10
BJF,1996,Conjunto,J3,9.5
BJF,1996,Conjunto,J2,10
BJF,1996,Conjunto,J1,9.5
BJF,1996,Alegorias e Adereços,J5,10
BJF,1996,Alegorias e Adereços,J4,10
BJF,1996,Alegorias e Adereços,J3,10
BJF,1996,Alegorias e Adereços,J2,10
BJF,1996,Alegorias e Adereços,J1,10
BJF,1996,Fantasias,J5,10
BJF,1996,Fantasias,J4,10
BJF,1996,Fantasias,J3,10
BJF,1996,Fantasias,J2,10
BJF,1996,Fantasias,J1,9.5
BJF,1996,Samba-Enredo,J4,10
BJF,1996,Comissão de Frente,J5,10
BJF,1996,Comissão de Frente,J4,9.5
BJF,1996,Comissão de Frente,J3,9.5
BJF,1996,Comissão de Frente,J2,10
BJF,1996,Comissão de Frente,J1,10
BJF,1996,Mestre-Sala e Porta-Bandeira,J5,10
BJF,1996,Mestre-Sala e Porta-Bandeira,J4,10
BJF,1996,Mestre-Sala e Porta-Bandeira,J3,10
BJF,1996,Mestre-Sala e Porta-Bandeira,J2,10
CAP,1996,Alegorias e Adereços,J5,9
CAP,1996,Evolução,J2,8.5
CAP,1996,Pen.,Pen.,0
CAP,1996,Bateria,J5,9.5
CAP,1996,Bateria,J4,10
CAP,1996,Bateria,J3,9.5
CAP,1996,Bateria,J2,10
CAP,1996,Bateria,J1,10
CAP,1996,Samba-Enredo,J5,9
CAP,1996,Samba-Enredo,J4,9.5
CAP,1996,Samba-Enredo,J3,9.5
CAP,1996,Samba-Enredo,J2,8.5
CAP,1996,Samba-Enredo,J1,9
CAP,1996,Harmonia,J5,10
CAP,1996,Harmonia,J4,10
CAP,1996,Harmonia,J3,10
CAP,1996,Harmonia,J2,9
CAP,1996,Harmonia,J1,9.5
CAP,1996,Evolução,J5,8
CAP,1996,Evolução,J4,10
CAP,1996,Evolução,J3,9.5
CAP,1996,Evolução,J1,9
CAP,1996,Enredo,J5,9.5
CAP,1996,Enredo,J4,9
CAP,1996,Enredo,J3,10
CAP,1996,Enredo,J2,8.5
CAP,1996,Enredo,J1,9.5
CAP,1996,Conjunto,J5,8.5
CAP,1996,Conjunto,J4,8.5
CAP,1996,Conjunto,J3,9
CAP,1996,Conjunto,J2,8
CAP,1996,Conjunto,J1,9.5
CAP,1996,Alegorias e Adereços,J4,9.5
CAP,1996,Alegorias e Adereços,J3,9.5
CAP,1996,Alegorias e Adereços,J2,8
CAP,1996,Alegorias e Adereços,J1,9
CAP,1996,Fantasias,J5,8.5
CAP,1996,Fantasias,J4,10
CAP,1996,Fantasias,J3,10
CAP,1996,Fantasias,J2,9
CAP,1996,Fantasias,J1,9
CAP,1996,Comissão de Frente,J5,10
CAP,1996,Comissão de Frente,J4,9.5
CAP,1996,Comissão de Frente,J3,9.5
CAP,1996,Comissão de Frente,J2,10
CAP,1996,Comissão de Frente,J1,10
CAP,1996,Mestre-Sala e Porta-Bandeira,J5,10
CAP,1996,Mestre-Sala e Porta-Bandeira,J4,10
CAP,1996,Mestre-Sala e Porta-Bandeira,J3,10
CAP,1996,Mestre-Sala e Porta-Bandeira,J2,10
CAP,1996,Mestre-Sala e Porta-Bandeira,J1,9.5
EST,1996,Conjunto,J3,10
EST,1996,Mestre-Sala e Porta-Bandeira,J1,10
EST,1996,Mestre-Sala e Porta-Bandeira,J4,10
EST,1996,Mestre-Sala e Porta-Bandeira,J5,10
EST,1996,Comissão de Frente,J1,9.5
EST,1996,Comissão de Frente,J2,10
EST,1996,Comissão de Frente,J3,9
EST,1996,Comissão de Frente,J4,8
EST,1996,Comissão de Frente,J5,9.5
EST,1996,Fantasias,J1,9.5
EST,1996,Fantasias,J2,9.5
EST,1996,Fantasias,J3,9.5
EST,1996,Fantasias,J4,8.5
EST,1996,Fantasias,J5,9.5
EST,1996,Alegorias e Adereços,J1,9.5
EST,1996,Alegorias e Adereços,J2,8
EST,1996,Bateria,J5,10
EST,1996,Pen.,Pen.,0
EST,1996,Bateria,J1,10
EST,1996,Bateria,J2,10
EST,1996,Bateria,J3,10
EST,1996,Bateria,J4,10
EST,1996,Alegorias e Adereços,J3,9
EST,1996,Alegorias e Adereços,J4,10
EST,1996,Mestre-Sala e Porta-Bandeira,J2,10
EST,1996,Mestre-Sala e Porta-Bandeira,J3,10
EST,1996,Alegorias e Adereços,J5,8.5
EST,1996,Conjunto,J1,9.5
EST,1996,Conjunto,J2,8
EST,1996,Conjunto,J4,8.5
EST,1996,Conjunto,J5,10
EST,1996,Enredo,J1,9
EST,1996,Enredo,J2,8
EST,1996,Enredo,J3,10
EST,1996,Enredo,J4,8.5
EST,1996,Enredo,J5,10
EST,1996,Evolução,J1,9
EST,1996,Evolução,J2,9
EST,1996,Evolução,J3,10
EST,1996,Evolução,J4,8.5
EST,1996,Evolução,J5,10
EST,1996,Harmonia,J1,9.5
EST,1996,Harmonia,J2,10
EST,1996,Harmonia,J3,10
EST,1996,Harmonia,J4,10
EST,1996,Harmonia,J5,10
EST,1996,Samba-Enredo,J1,9
EST,1996,Samba-Enredo,J2,10
EST,1996,Samba-Enredo,J3,10
EST,1996,Samba-Enredo,J4,10
EST,1996,Samba-Enredo,J5,10
GRA,1996,Comissão de Frente,J1,9.5
GRA,1996,Comissão de Frente,J3,9
GRA,1996,Comissão de Frente,J4,9.5
GRA,1996,Comissão de Frente,J5,9.5
GRA,1996,Fantasias,J1,8
GRA,1996,Evolução,J5,10
GRA,1996,Evolução,J4,8
GRA,1996,Evolução,J3,9.5
GRA,1996,Mestre-Sala e Porta-Bandeira,J3,8.5
GRA,1996,Conjunto,J1,9.5
GRA,1996,Alegorias e Adereços,J5,9.5
GRA,1996,Alegorias e Adereços,J4,9
GRA,1996,Alegorias e Adereços,J3,9
GRA,1996,Alegorias e Adereços,J2,10
GRA,1996,Alegorias e Adereços,J1,9
GRA,1996,Fantasias,J5,8.5
GRA,1996,Fantasias,J4,9.5
GRA,1996,Fantasias,J3,10
GRA,1996,Fantasias,J2,9
GRA,1996,Mestre-Sala e Porta-Bandeira,J2,9.5
GRA,1996,Mestre-Sala e Porta-Bandeira,J1,9.5
GRA,1996,Harmonia,J1,10
GRA,1996,Harmonia,J2,9
GRA,1996,Harmonia,J3,10
GRA,1996,Harmonia,J4,8.5
GRA,1996,Harmonia,J5,10
GRA,1996,Samba-Enredo,J1,10
GRA,1996,Samba-Enredo,J2,9.5
GRA,1996,Samba-Enredo,J3,10
GRA,1996,Samba-Enredo,J4,10
GRA,1996,Samba-Enredo,J5,9.5
GRA,1996,Bateria,J1,10
GRA,1996,Bateria,J2,9
GRA,1996,Bateria,J3,10
GRA,1996,Bateria,J4,10
GRA,1996,Evolução,J1,10
GRA,1996,Enredo,J5,10
GRA,1996,Conjunto,J2,9
GRA,1996,Enredo,J3,9
GRA,1996,Bateria,J5,9.5
GRA,1996,Pen.,Pen.,0
GRA,1996,Evolução,J2,9.5
GRA,1996,Enredo,J2,10
GRA,1996,Conjunto,J3,10
GRA,1996,Conjunto,J4,8
GRA,1996,Conjunto,J5,10
GRA,1996,Enredo,J4,9
GRA,1996,Enredo,J1,10
GRA,1996,Mestre-Sala e Porta-Bandeira,J4,9
GRA,1996,Comissão de Frente,J2,10
GRA,1996,Mestre-Sala e Porta-Bandeira,J5,9.5
IMP,1996,Conjunto,J5,10
IMP,1996,Pen.,Pen.,0
IMP,1996,Bateria,J5,10
IMP,1996,Bateria,J4,10
IMP,1996,Bateria,J3,10
IMP,1996,Bateria,J2,10
IMP,1996,Bateria,J1,10
IMP,1996,Samba-Enredo,J5,10
IMP,1996,Samba-Enredo,J4,10
IMP,1996,Samba-Enredo,J3,10
IMP,1996,Samba-Enredo,J2,10
IMP,1996,Samba-Enredo,J1,10
IMP,1996,Harmonia,J5,10
IMP,1996,Harmonia,J4,10
IMP,1996,Harmonia,J3,10
IMP,1996,Harmonia,J2,10
IMP,1996,Harmonia,J1,10
IMP,1996,Evolução,J5,10
IMP,1996,Evolução,J4,10
IMP,1996,Evolução,J3,10
IMP,1996,Evolução,J2,9.5
IMP,1996,Evolução,J1,8.5
IMP,1996,Enredo,J5,10
IMP,1996,Enredo,J4,10
IMP,1996,Enredo,J3,10
IMP,1996,Enredo,J2,10
IMP,1996,Enredo,J1,9.5
IMP,1996,Conjunto,J4,10
IMP,1996,Conjunto,J3,10
IMP,1996,Conjunto,J2,10
IMP,1996,Conjunto,J1,10
IMP,1996,Alegorias e Adereços,J5,10
IMP,1996,Alegorias e Adereços,J4,10
IMP,1996,Alegorias e Adereços,J3,10
IMP,1996,Alegorias e Adereços,J2,10
IMP,1996,Alegorias e Adereços,J1,10
IMP,1996,Fantasias,J5,10
IMP,1996,Fantasias,J4,10
IMP,1996,Fantasias,J3,10
IMP,1996,Fantasias,J2,10
IMP,1996,Fantasias,J1,10
IMP,1996,Comissão de Frente,J5,10
IMP,1996,Comissão de Frente,J4,10
IMP,1996,Comissão de Frente,J3,10
IMP,1996,Comissão de Frente,J2,10
IMP,1996,Comissão de Frente,J1,10
IMP,1996,Mestre-Sala e Porta-Bandeira,J5,10
IMP,1996,Mestre-Sala e Porta-Bandeira,J4,10
IMP,1996,Mestre-Sala e Porta-Bandeira,J3,10
IMP,1996,Mestre-Sala e Porta-Bandeira,J2,10
IMP,1996,Mestre-Sala e Porta-Bandeira,J1,10
ISR,1996,Bateria,J5,10
ISR,1996,Bateria,J4,10
ISR,1996,Bateria,J3,9.5
ISR,1996,Bateria,J2,10
ISR,1996,Bateria,J1,10
ISR,1996,Samba-Enredo,J5,10
ISR,1996,Samba-Enredo,J4,10
ISR,1996,Samba-Enredo,J3,10
ISR,1996,Samba-Enredo,J2,10
ISR,1996,Samba-Enredo,J1,10
ISR,1996,Harmonia,J5,9.5
ISR,1996,Harmonia,J4,10
ISR,1996,Evolução,J4,10
ISR,1996,Fantasias,J4,9.5
ISR,1996,Fantasias,J3,10
ISR,1996,Fantasias,J2,10
ISR,1996,Fantasias,J1,9
ISR,1996,Comissão de Frente,J5,9.5
ISR,1996,Comissão de Frente,J4,9.5
ISR,1996,Comissão de Frente,J3,10
ISR,1996,Comissão de Frente,J2,10
ISR,1996,Comissão de Frente,J1,10
ISR,1996,Mestre-Sala e Porta-Bandeira,J5,10
ISR,1996,Harmonia,J3,10
ISR,1996,Harmonia,J2,10
ISR,1996,Fantasias,J5,9.5
ISR,1996,Alegorias e Adereços,J1,9
ISR,1996,Alegorias e Adereços,J2,8.5
ISR,1996,Alegorias e Adereços,J3,9.5
ISR,1996,Alegorias e Adereços,J4,9.5
ISR,1996,Alegorias e Adereços,J5,8
ISR,1996,Conjunto,J1,9.5
ISR,1996,Conjunto,J2,10
ISR,1996,Conjunto,J3,9.5
ISR,1996,Harmonia,J1,10
ISR,1996,Evolução,J5,9
ISR,1996,Mestre-Sala e Porta-Bandeira,J4,10
ISR,1996,Mestre-Sala e Porta-Bandeira,J1,10
ISR,1996,Mestre-Sala e Porta-Bandeira,J2,10
ISR,1996,Mestre-Sala e Porta-Bandeira,J3,10
ISR,1996,Pen.,Pen.,0
ISR,1996,Conjunto,J4,9.5
ISR,1996,Conjunto,J5,9
ISR,1996,Enredo,J1,10
ISR,1996,Enredo,J2,10
ISR,1996,Enredo,J3,10
ISR,1996,Enredo,J4,10
ISR,1996,Enredo,J5,10
ISR,1996,Evolução,J1,10
ISR,1996,Evolução,J2,10
ISR,1996,Evolução,J3,10
ITI,1996,Harmonia,J2,8.5
ITI,1996,Harmonia,J3,8.5
ITI,1996,Harmonia,J4,9
ITI,1996,Harmonia,J5,9
ITI,1996,Samba-Enredo,J1,8
ITI,1996,Samba-Enredo,J2,9
ITI,1996,Samba-Enredo,J3,8
ITI,1996,Samba-Enredo,J4,9.5
ITI,1996,Samba-Enredo,J5,9
ITI,1996,Bateria,J1,10
ITI,1996,Conjunto,J2,7
ITI,1996,Conjunto,J1,8
ITI,1996,Alegorias e Adereços,J5,7
ITI,1996,Alegorias e Adereços,J4,8.5
ITI,1996,Alegorias e Adereços,J3,7
ITI,1996,Alegorias e Adereços,J2,7
ITI,1996,Alegorias e Adereços,J1,8
ITI,1996,Fantasias,J5,9
ITI,1996,Fantasias,J4,8.5
ITI,1996,Fantasias,J3,8
ITI,1996,Fantasias,J2,7.5
ITI,1996,Fantasias,J1,8
ITI,1996,Comissão de Frente,J5,8
ITI,1996,Evolução,J3,8
ITI,1996,Evolução,J4,8
ITI,1996,Pen.,Pen.,0
ITI,1996,Bateria,J5,9
ITI,1996,Bateria,J4,9.5
ITI,1996,Bateria,J3,9
ITI,1996,Bateria,J2,8.5
ITI,1996,Evolução,J2,9
ITI,1996,Evolução,J1,8
ITI,1996,Enredo,J5,9
ITI,1996,Enredo,J4,7.5
ITI,1996,Enredo,J3,8
ITI,1996,Enredo,J2,9
ITI,1996,Enredo,J1,8.5
ITI,1996,Conjunto,J5,7.5
ITI,1996,Conjunto,J4,8
ITI,1996,Conjunto,J3,10
ITI,1996,Evolução,J5,8
ITI,1996,Harmonia,J1,9
ITI,1996,Comissão de Frente,J4,9
ITI,1996,Comissão de Frente,J3,8.5
ITI,1996,Comissão de Frente,J2,9.5
ITI,1996,Comissão de Frente,J1,9
ITI,1996,Mestre-Sala e Porta-Bandeira,J5,8.5
ITI,1996,Mestre-Sala e Porta-Bandeira,J4,10
ITI,1996,Mestre-Sala e Porta-Bandeira,J3,9
ITI,1996,Mestre-Sala e Porta-Bandeira,J2,10
ITI,1996,Mestre-Sala e Porta-Bandeira,J1,9
MAN,1996,Mestre-Sala e Porta-Bandeira,J1,10
MAN,1996,Enredo,J1,9.5
MAN,1996,Conjunto,J5,10
MAN,1996,Conjunto,J4,10
MAN,1996,Conjunto,J3,10
MAN,1996,Conjunto,J2,9.5
MAN,1996,Conjunto,J1,9.5
MAN,1996,Alegorias e Adereços,J5,10
MAN,1996,Alegorias e Adereços,J4,10
MAN,1996,Alegorias e Adereços,J3,10
MAN,1996,Alegorias e Adereços,J2,10
MAN,1996,Alegorias e Adereços,J1,10
MAN,1996,Fantasias,J5,10
MAN,1996,Fantasias,J4,9
MAN,1996,Fantasias,J3,10
MAN,1996,Fantasias,J2,9
MAN,1996,Fantasias,J1,9
MAN,1996,Comissão de Frente,J5,10
MAN,1996,Comissão de Frente,J4,10
MAN,1996,Comissão de Frente,J3,10
MAN,1996,Comissão de Frente,J2,10
MAN,1996,Comissão de Frente,J1,10
MAN,1996,Mestre-Sala e Porta-Bandeira,J5,10
MAN,1996,Mestre-Sala e Porta-Bandeira,J4,10
MAN,1996,Mestre-Sala e Porta-Bandeira,J3,10
MAN,1996,Mestre-Sala e Porta-Bandeira,J2,10
MAN,1996,Enredo,J2,10
MAN,1996,Enredo,J3,10
MAN,1996,Enredo,J4,10
MAN,1996,Enredo,J5,10
MAN,1996,Evolução,J1,9
MAN,1996,Evolução,J2,10
MAN,1996,Evolução,J3,10
MAN,1996,Evolução,J4,10
MAN,1996,Evolução,J5,10
MAN,1996,Harmonia,J1,10
MAN,1996,Bateria,J3,10
MAN,1996,Bateria,J4,10
MAN,1996,Bateria,J5,10
MAN,1996,Pen.,Pen.,0
MAN,1996,Harmonia,J2,10
MAN,1996,Harmonia,J3,10
MAN,1996,Harmonia,J4,10
MAN,1996,Harmonia,J5,10
MAN,1996,Samba-Enredo,J1,9.5
MAN,1996,Samba-Enredo,J2,10
MAN,1996,Samba-Enredo,J3,10
MAN,1996,Samba-Enredo,J4,10
MAN,1996,Samba-Enredo,J5,10
MAN,1996,Bateria,J1,10
MAN,1996,Bateria,J2,10
MOC,1996,Mestre-Sala e Porta-Bandeira,J1,10
MOC,1996,Mestre-Sala e Porta-Bandeira,J2,10
MOC,1996,Mestre-Sala e Porta-Bandeira,J3,10
MOC,1996,Mestre-Sala e Porta-Bandeira,J4,10
MOC,1996,Mestre-Sala e Porta-Bandeira,J5,10
MOC,1996,Comissão de Frente,J1,10
MOC,1996,Comissão de Frente,J2,10
MOC,1996,Comissão de Frente,J3,9.5
MOC,1996,Comissão de Frente,J4,10
MOC,1996,Comissão de Frente,J5,10
MOC,1996,Fantasias,J1,9.5
MOC,1996,Fantasias,J2,10
MOC,1996,Fantasias,J3,10
MOC,1996,Fantasias,J4,10
MOC,1996,Fantasias,J5,10
MOC,1996,Alegorias e Adereços,J1,10
MOC,1996,Alegorias e Adereços,J2,10
MOC,1996,Alegorias e Adereços,J3,10
MOC,1996,Alegorias e Adereços,J4,10
MOC,1996,Alegorias e Adereços,J5,10
MOC,1996,Conjunto,J1,10
MOC,1996,Conjunto,J2,10
MOC,1996,Conjunto,J3,10
MOC,1996,Conjunto,J4,10
MOC,1996,Conjunto,J5,10
MOC,1996,Enredo,J1,10
MOC,1996,Enredo,J2,10
MOC,1996,Enredo,J3,10
MOC,1996,Enredo,J4,10
MOC,1996,Enredo,J5,10
MOC,1996,Evolução,J1,10
MOC,1996,Evolução,J2,10
MOC,1996,Evolução,J3,10
MOC,1996,Evolução,J4,10
MOC,1996,Evolução,J5,10
MOC,1996,Harmonia,J1,10
MOC,1996,Harmonia,J2,10
MOC,1996,Harmonia,J3,9.5
MOC,1996,Harmonia,J4,10
MOC,1996,Harmonia,J5,10
MOC,1996,Samba-Enredo,J1,9.5
MOC,1996,Samba-Enredo,J2,10
MOC,1996,Samba-Enredo,J3,10
MOC,1996,Samba-Enredo,J4,10
MOC,1996,Samba-Enredo,J5,10
MOC,1996,Bateria,J1,10
MOC,1996,Bateria,J2,10
MOC,1996,Bateria,J3,9.5
MOC,1996,Bateria,J4,10
MOC,1996,Bateria,J5,10
MOC,1996,Pen.,Pen.,0
POR,1996,Enredo,J1,8.5
POR,1996,Conjunto,J4,9.5
POR,1996,Conjunto,J3,10
POR,1996,Conjunto,J2,10
POR,1996,Conjunto,J1,9.5
POR,1996,Alegorias e Adereços,J5,8.5
POR,1996,Alegorias e Adereços,J4,10
POR,1996,Alegorias e Adereços,J3,9.5
POR,1996,Alegorias e Adereços,J2,10
POR,1996,Alegorias e Adereços,J1,10
POR,1996,Fantasias,J5,10
POR,1996,Fantasias,J4,9.5
POR,1996,Fantasias,J3,10
POR,1996,Fantasias,J2,10
POR,1996,Fantasias,J1,9
POR,1996,Comissão de Frente,J5,10
POR,1996,Comissão de Frente,J4,9.5
POR,1996,Comissão de Frente,J3,10
POR,1996,Comissão de Frente,J2,9
POR,1996,Comissão de Frente,J1,9.5
POR,1996,Mestre-Sala e Porta-Bandeira,J5,9.5
POR,1996,Mestre-Sala e Porta-Bandeira,J4,10
POR,1996,Mestre-Sala e Porta-Bandeira,J3,10
POR,1996,Mestre-Sala e Porta-Bandeira,J2,10
POR,1996,Mestre-Sala e Porta-Bandeira,J1,10
POR,1996,Pen.,Pen.,-2
POR,1996,Bateria,J5,10
POR,1996,Bateria,J4,10
POR,1996,Bateria,J3,10
POR,1996,Bateria,J2,10
POR,1996,Bateria,J1,10
POR,1996,Samba-Enredo,J5,10
POR,1996,Samba-Enredo,J4,9.5
POR,1996,Samba-Enredo,J3,10
POR,1996,Samba-Enredo,J2,10
POR,1996,Samba-Enredo,J1,9.5
POR,1996,Harmonia,J5,10
POR,1996,Harmonia,J4,10
POR,1996,Harmonia,J3,10
POR,1996,Harmonia,J2,10
POR,1996,Harmonia,J1,10
POR,1996,Evolução,J5,8.5
POR,1996,Evolução,J4,9.5
POR,1996,Evolução,J3,10
POR,1996,Evolução,J2,9.5
POR,1996,Evolução,J1,9
POR,1996,Enredo,J5,10
POR,1996,Enredo,J4,9.5
POR,1996,Enredo,J3,10
POR,1996,Enredo,J2,10
POR,1996,Conjunto,J5,7
PPE,1996,Alegorias e Adereços,J5,10
PPE,1996,Bateria,J4,9.5
PPE,1996,Bateria,J5,9
PPE,1996,Pen.,Pen.,0
PPE,1996,Mestre-Sala e Porta-Bandeira,J3,8.5
PPE,1996,Enredo,J1,10
PPE,1996,Comissão de Frente,J4,10
PPE,1996,Comissão de Frente,J5,10
PPE,1996,Alegorias e Adereços,J1,9
PPE,1996,Enredo,J2,10
PPE,1996,Fantasias,J5,10
PPE,1996,Fantasias,J4,9
PPE,1996,Fantasias,J3,10
PPE,1996,Fantasias,J2,10
PPE,1996,Mestre-Sala e Porta-Bandeira,J2,10
PPE,1996,Harmonia,J4,9.5
PPE,1996,Harmonia,J5,10
PPE,1996,Samba-Enredo,J1,10
PPE,1996,Samba-Enredo,J2,10
PPE,1996,Samba-Enredo,J3,10
PPE,1996,Samba-Enredo,J4,9.5
PPE,1996,Samba-Enredo,J5,9
PPE,1996,Bateria,J1,10
PPE,1996,Bateria,J2,10
PPE,1996,Bateria,J3,9.5
PPE,1996,Comissão de Frente,J3,10
PPE,1996,Comissão de Frente,J2,10
PPE,1996,Comissão de Frente,J1,9.5
PPE,1996,Alegorias e Adereços,J2,10
PPE,1996,Alegorias e Adereços,J3,9.5
PPE,1996,Alegorias e Adereços,J4,9.5
PPE,1996,Fantasias,J1,9
PPE,1996,Enredo,J3,10
PPE,1996,Enredo,J4,8.5
PPE,1996,Enredo,J5,10
PPE,1996,Evolução,J1,8.5
PPE,1996,Evolução,J2,9
PPE,1996,Evolução,J3,9.5
PPE,1996,Evolução,J4,9
PPE,1996,Evolução,J5,10
PPE,1996,Harmonia,J1,10
PPE,1996,Harmonia,J2,10
PPE,1996,Harmonia,J3,9.5
PPE,1996,Mestre-Sala e Porta-Bandeira,J5,9
PPE,1996,Mestre-Sala e Porta-Bandeira,J4,9
PPE,1996,Mestre-Sala e Porta-Bandeira,J1,10
PPE,1996,Conjunto,J5,10
PPE,1996,Conjunto,J4,8
PPE,1996,Conjunto,J3,9
PPE,1996,Conjunto,J2,9
PPE,1996,Conjunto,J1,10
SAL,1996,Evolução,J2,9.5
SAL,1996,Enredo,J5,10
SAL,1996,Enredo,J4,10
SAL,1996,Enredo,J3,10
SAL,1996,Enredo,J2,10
SAL,1996,Enredo,J1,10
SAL,1996,Conjunto,J5,10
SAL,1996,Conjunto,J4,10
SAL,1996,Conjunto,J3,10
SAL,1996,Conjunto,J2,9.5
SAL,1996,Conjunto,J1,9.5
SAL,1996,Alegorias e Adereços,J5,10
SAL,1996,Alegorias e Adereços,J4,10
SAL,1996,Alegorias e Adereços,J3,8
SAL,1996,Alegorias e Adereços,J2,10
SAL,1996,Alegorias e Adereços,J1,9.5
SAL,1996,Fantasias,J5,10
SAL,1996,Fantasias,J4,10
SAL,1996,Fantasias,J3,10
SAL,1996,Fantasias,J2,10
SAL,1996,Fantasias,J1,8.5
SAL,1996,Comissão de Frente,J5,10
SAL,1996,Comissão de Frente,J4,10
SAL,1996,Comissão de Frente,J3,10
SAL,1996,Comissão de Frente,J2,10
SAL,1996,Comissão de Frente,J1,10
SAL,1996,Mestre-Sala e Porta-Bandeira,J5,10
SAL,1996,Mestre-Sala e Porta-Bandeira,J4,10
SAL,1996,Mestre-Sala e Porta-Bandeira,J3,10
SAL,1996,Mestre-Sala e Porta-Bandeira,J2,10
SAL,1996,Mestre-Sala e Porta-Bandeira,J1,10
SAL,1996,Pen.,Pen.,0
SAL,1996,Bateria,J5,10
SAL,1996,Bateria,J4,10
SAL,1996,Bateria,J3,10
SAL,1996,Bateria,J2,10
SAL,1996,Bateria,J1,10
SAL,1996,Samba-Enredo,J5,9.5
SAL,1996,Samba-Enredo,J4,10
SAL,1996,Samba-Enredo,J3,10
SAL,1996,Samba-Enredo,J2,10
SAL,1996,Samba-Enredo,J1,8
SAL,1996,Harmonia,J5,10
SAL,1996,Harmonia,J4,10
SAL,1996,Harmonia,J3,10
SAL,1996,Harmonia,J2,10
SAL,1996,Harmonia,J1,10
SAL,1996,Evolução,J5,9.5
SAL,1996,Evolução,J4,10
SAL,1996,Evolução,J3,10
SAL,1996,Evolução,J1,8
TIJ,1996,Samba-Enredo,J1,9
TIJ,1996,Comissão de Frente,J2,9.5
TIJ,1996,Comissão de Frente,J3,9.5
TIJ,1996,Comissão de Frente,J4,10
TIJ,1996,Comissão de Frente,J5,9.5
TIJ,1996,Fantasias,J1,9
TIJ,1996,Fantasias,J2,10
TIJ,1996,Fantasias,J3,8.5
TIJ,1996,Fantasias,J4,9
TIJ,1996,Fantasias,J5,9
TIJ,1996,Alegorias e Adereços,J1,8.5
TIJ,1996,Alegorias e Adereços,J2,10
TIJ,1996,Alegorias e Adereços,J3,9
TIJ,1996,Alegorias e Adereços,J4,9
TIJ,1996,Alegorias e Adereços,J5,9
TIJ,1996,Conjunto,J1,9.5
TIJ,1996,Conjunto,J2,8
TIJ,1996,Conjunto,J3,9.5
TIJ,1996,Conjunto,J4,8.5
TIJ,1996,Conjunto,J5,8.5
TIJ,1996,Enredo,J1,9.5
TIJ,1996,Enredo,J2,9
TIJ,1996,Enredo,J3,10
TIJ,1996,Enredo,J4,9.5
TIJ,1996,Enredo,J5,9
TIJ,1996,Evolução,J1,8.5
TIJ,1996,Evolução,J2,8.5
TIJ,1996,Evolução,J3,10
TIJ,1996,Evolução,J4,9
TIJ,1996,Evolução,J5,9
TIJ,1996,Harmonia,J1,10
TIJ,1996,Harmonia,J2,10
TIJ,1996,Harmonia,J3,10
TIJ,1996,Mestre-Sala e Porta-Bandeira,J1,10
TIJ,1996,Mestre-Sala e Porta-Bandeira,J2,10
TIJ,1996,Mestre-Sala e Porta-Bandeira,J3,8
TIJ,1996,Mestre-Sala e Porta-Bandeira,J4,10
TIJ,1996,Mestre-Sala e Porta-Bandeira,J5,9
TIJ,1996,Comissão de Frente,J1,10
TIJ,1996,Harmonia,J4,10
TIJ,1996,Harmonia,J5,9
TIJ,1996,Samba-Enredo,J2,10
TIJ,1996,Samba-Enredo,J3,10
TIJ,1996,Samba-Enredo,J4,9.5
TIJ,1996,Samba-Enredo,J5,9.5
TIJ,1996,Bateria,J1,10
TIJ,1996,Bateria,J2,10
TIJ,1996,Bateria,J3,9.5
TIJ,1996,Bateria,J4,10
TIJ,1996,Bateria,J5,10
TIJ,1996,Pen.,Pen.,0
TRD,1996,Conjunto,J3,10
TRD,1996,Conjunto,J2,7
TRD,1996,Conjunto,J1,8
TRD,1996,Alegorias e Adereços,J5,8.5
TRD,1996,Alegorias e Adereços,J4,9
TRD,1996,Alegorias e Adereços,J3,10
TRD,1996,Alegorias e Adereços,J2,7.5
TRD,1996,Alegorias e Adereços,J1,8.5
TRD,1996,Comissão de Frente,J1,9
TRD,1996,Comissão de Frente,J2,9
TRD,1996,Comissão de Frente,J3,9.5
TRD,1996,Comissão de Frente,J4,10
TRD,1996,Comissão de Frente,J5,10
TRD,1996,Fantasias,J1,8
TRD,1996,Fantasias,J2,9.5
TRD,1996,Bateria,J4,10
TRD,1996,Bateria,J3,10
TRD,1996,Bateria,J2,10
TRD,1996,Bateria,J1,10
TRD,1996,Samba-Enredo,J5,10
TRD,1996,Samba-Enredo,J4,8.5
TRD,1996,Samba-Enredo,J3,9
TRD,1996,Samba-Enredo,J2,10
TRD,1996,Samba-Enredo,J1,6
TRD,1996,Harmonia,J5,10
TRD,1996,Harmonia,J4,10
TRD,1996,Harmonia,J3,10
TRD,1996,Harmonia,J2,9
TRD,1996,Harmonia,J1,10
TRD,1996,Evolução,J5,8
TRD,1996,Pen.,Pen.,0
TRD,1996,Bateria,J5,10
TRD,1996,Mestre-Sala e Porta-Bandeira,J1,10
TRD,1996,Mestre-Sala e Porta-Bandeira,J2,10
TRD,1996,Mestre-Sala e Porta-Bandeira,J3,10
TRD,1996,Mestre-Sala e Porta-Bandeira,J4,9
TRD,1996,Mestre-Sala e Porta-Bandeira,J5,9.5
TRD,1996,Fantasias,J3,9
TRD,1996,Fantasias,J4,9
TRD,1996,Fantasias,J5,9
TRD,1996,Evolução,J4,9.5
TRD,1996,Evolução,J3,10
TRD,1996,Evolução,J2,8.5
TRD,1996,Evolução,J1,8.5
TRD,1996,Enredo,J5,10
TRD,1996,Enredo,J4,8
TRD,1996,Enredo,J3,8
TRD,1996,Enredo,J2,8.5
TRD,1996,Enredo,J1,7
TRD,1996,Conjunto,J5,9
TRD,1996,Conjunto,J4,8.5
UNI,1996,Conjunto,J2,9
UNI,1996,Pen.,Pen.,0
UNI,1996,Bateria,J5,10
UNI,1996,Bateria,J4,10
UNI,1996,Bateria,J3,10
UNI,1996,Bateria,J2,10
UNI,1996,Bateria,J1,10
UNI,1996,Samba-Enredo,J5,9.5
UNI,1996,Samba-Enredo,J4,8.5
UNI,1996,Samba-Enredo,J3,8.5
UNI,1996,Samba-Enredo,J2,10
UNI,1996,Samba-Enredo,J1,9
UNI,1996,Harmonia,J5,10
UNI,1996,Mestre-Sala e Porta-Bandeira,J1,9.5
UNI,1996,Harmonia,J4,8.5
UNI,1996,Harmonia,J3,10
UNI,1996,Harmonia,J2,9.5
UNI,1996,Harmonia,J1,10
UNI,1996,Evolução,J5,8.5
UNI,1996,Evolução,J4,7
UNI,1996,Evolução,J3,9.5
UNI,1996,Evolução,J2,9
UNI,1996,Evolução,J1,8
UNI,1996,Enredo,J5,10
UNI,1996,Mestre-Sala e Porta-Bandeira,J2,10
UNI,1996,Mestre-Sala e Porta-Bandeira,J3,9
UNI,1996,Mestre-Sala e Porta-Bandeira,J4,10
UNI,1996,Mestre-Sala e Porta-Bandeira,J5,10
UNI,1996,Comissão de Frente,J1,10
UNI,1996,Comissão de Frente,J2,10
UNI,1996,Comissão de Frente,J3,9.5
UNI,1996,Comissão de Frente,J4,10
UNI,1996,Comissão de Frente,J5,10
UNI,1996,Fantasias,J1,10
UNI,1996,Fantasias,J2,9.5
UNI,1996,Fantasias,J3,9.5
UNI,1996,Fantasias,J4,8
UNI,1996,Fantasias,J5,9.5
UNI,1996,Alegorias e Adereços,J1,8.5
UNI,1996,Alegorias e Adereços,J2,8
UNI,1996,Alegorias e Adereços,J3,9.5
UNI,1996,Alegorias e Adereços,J4,10
UNI,1996,Alegorias e Adereços,J5,10
UNI,1996,Conjunto,J1,9.5
UNI,1996,Enredo,J4,8.5
UNI,1996,Enredo,J3,10
UNI,1996,Enredo,J2,9.5
UNI,1996,Enredo,J1,9.5
UNI,1996,Conjunto,J5,10
UNI,1996,Conjunto,J4,8
UNI,1996,Conjunto,J3,9.5
UPO,1996,Bateria,J3,10
UPO,1996,Bateria,J2,9.5
UPO,1996,Evolução,J5,8
UPO,1996,Harmonia,J1,10
UPO,1996,Bateria,J1,10
UPO,1996,Samba-Enredo,J5,8.5
UPO,1996,Samba-Enredo,J4,8.5
UPO,1996,Samba-Enredo,J3,8
UPO,1996,Fantasias,J5,8
UPO,1996,Fantasias,J4,7.5
UPO,1996,Fantasias,J3,7
UPO,1996,Fantasias,J2,7
UPO,1996,Fantasias,J1,7.5
UPO,1996,Comissão de Frente,J5,8
UPO,1996,Comissão de Frente,J4,9.5
UPO,1996,Comissão de Frente,J3,8.5
UPO,1996,Comissão de Frente,J2,8.5
UPO,1996,Comissão de Frente,J1,9
UPO,1996,Mestre-Sala e Porta-Bandeira,J5,8.5
UPO,1996,Mestre-Sala e Porta-Bandeira,J4,9.5
UPO,1996,Samba-Enredo,J2,9
UPO,1996,Alegorias e Adereços,J1,8
UPO,1996,Samba-Enredo,J1,6
UPO,1996,Mestre-Sala e Porta-Bandeira,J3,7
UPO,1996,Mestre-Sala e Porta-Bandeira,J2,8
UPO,1996,Mestre-Sala e Porta-Bandeira,J1,8.5
UPO,1996,Harmonia,J5,10
UPO,1996,Harmonia,J4,9
UPO,1996,Harmonia,J3,9.5
UPO,1996,Alegorias e Adereços,J2,7
UPO,1996,Alegorias e Adereços,J3,7
UPO,1996,Alegorias e Adereços,J4,8
UPO,1996,Alegorias e Adereços,J5,8
UPO,1996,Conjunto,J1,7.5
UPO,1996,Conjunto,J2,8
UPO,1996,Conjunto,J3,8
UPO,1996,Conjunto,J4,7.5
UPO,1996,Conjunto,J5,8
UPO,1996,Enredo,J1,8.5
UPO,1996,Enredo,J2,8.5
UPO,1996,Enredo,J3,7.5
UPO,1996,Enredo,J4,7
UPO,1996,Enredo,J5,8
UPO,1996,Evolução,J1,8
UPO,1996,Evolução,J2,8
UPO,1996,Evolução,J3,8
UPO,1996,Evolução,J4,9
UPO,1996,Harmonia,J2,8.5
UPO,1996,Pen.,Pen.,0
UPO,1996,Bateria,J5,9.5
UPO,1996,Bateria,J4,10
VIR,1996,Bateria,J4,10
VIR,1996,Mestre-Sala e Porta-Bandeira,J1,10
VIR,1996,Mestre-Sala e Porta-Bandeira,J2,10
VIR,1996,Mestre-Sala e Porta-Bandeira,J3,9
VIR,1996,Mestre-Sala e Porta-Bandeira,J4,10
VIR,1996,Mestre-Sala e Porta-Bandeira,J5,10
VIR,1996,Comissão de Frente,J1,10
VIR,1996,Comissão de Frente,J2,9
VIR,1996,Comissão de Frente,J3,10
VIR,1996,Comissão de Frente,J4,10
VIR,1996,Comissão de Frente,J5,9.5
VIR,1996,Fantasias,J1,10
VIR,1996,Fantasias,J2,8.5
VIR,1996,Fantasias,J3,10
VIR,1996,Fantasias,J4,10
VIR,1996,Fantasias,J5,10
VIR,1996,Alegorias e Adereços,J1,10
VIR,1996,Alegorias e Adereços,J2,8
VIR,1996,Alegorias e Adereços,J3,8
VIR,1996,Alegorias e Adereços,J4,9.5
VIR,1996,Alegorias e Adereços,J5,8.5
VIR,1996,Conjunto,J1,8.5
VIR,1996,Conjunto,J2,8.5
VIR,1996,Conjunto,J3,9
VIR,1996,Conjunto,J4,8.5
VIR,1996,Conjunto,J5,8.5
VIR,1996,Enredo,J1,10
VIR,1996,Enredo,J2,9.5
VIR,1996,Enredo,J3,9.5
VIR,1996,Enredo,J4,9.5
VIR,1996,Enredo,J5,9.5
VIR,1996,Evolução,J1,10
VIR,1996,Evolução,J2,8.5
VIR,1996,Evolução,J3,9
VIR,1996,Evolução,J4,9
VIR,1996,Evolução,J5,10
VIR,1996,Harmonia,J1,10
VIR,1996,Harmonia,J2,9.5
VIR,1996,Harmonia,J3,9.5
VIR,1996,Harmonia,J4,9.5
VIR,1996,Harmonia,J5,9
VIR,1996,Samba-Enredo,J1,9
VIR,1996,Samba-Enredo,J2,10
VIR,1996,Samba-Enredo,J3,10
VIR,1996,Samba-Enredo,J4,8.5
VIR,1996,Samba-Enredo,J5,9.5
VIR,1996,Bateria,J1,10
VIR,1996,Bateria,J2,10
VIR,1996,Bateria,J3,10
VIR,1996,Bateria,J5,10
VIR,1996,Pen.,Pen.,0
VIS,1996,Harmonia,J1,10
VIS,1996,Evolução,J5,10
VIS,1996,Evolução,J4,10
VIS,1996,Evolução,J3,10
VIS,1996,Evolução,J2,9.5
VIS,1996,Evolução,J1,9
VIS,1996,Comissão de Frente,J3,9.5
VIS,1996,Harmonia,J4,10
VIS,1996,Harmonia,J5,10
VIS,1996,Samba-Enredo,J1,9
VIS,1996,Samba-Enredo,J2,9.5
VIS,1996,Samba-Enredo,J3,10
VIS,1996,Samba-Enredo,J4,9.5
VIS,1996,Samba-Enredo,J5,9.5
VIS,1996,Bateria,J1,10
VIS,1996,Mestre-Sala e Porta-Bandeira,J1,10
VIS,1996,Comissão de Frente,J4,10
VIS,1996,Comissão de Frente,J5,8
VIS,1996,Fantasias,J1,10
VIS,1996,Fantasias,J2,9.5
VIS,1996,Fantasias,J3,9
VIS,1996,Fantasias,J4,9.5
VIS,1996,Fantasias,J5,9
VIS,1996,Alegorias e Adereços,J1,10
VIS,1996,Alegorias e Adereços,J2,8
VIS,1996,Alegorias e Adereços,J3,9.5
VIS,1996,Alegorias e Adereços,J4,9.5
VIS,1996,Alegorias e Adereços,J5,10
VIS,1996,Conjunto,J1,9.5
VIS,1996,Conjunto,J2,10
VIS,1996,Conjunto,J3,9.5
VIS,1996,Conjunto,J4,10
VIS,1996,Conjunto,J5,9
VIS,1996,Enredo,J1,10
VIS,1996,Enredo,J2,9.5
VIS,1996,Enredo,J3,9
VIS,1996,Enredo,J4,10
VIS,1996,Bateria,J2,10
VIS,1996,Bateria,J3,10
VIS,1996,Bateria,J4,10
VIS,1996,Bateria,J5,10
VIS,1996,Comissão de Frente,J2,10
VIS,1996,Harmonia,J3,10
VIS,1996,Pen.,Pen.,0
VIS,1996,Enredo,J5,10
VIS,1996,Comissão de Frente,J1,10
VIS,1996,Mestre-Sala e Porta-Bandeira,J5,9.5
VIS,1996,Mestre-Sala e Porta-Bandeira,J4,10
VIS,1996,Mestre-Sala e Porta-Bandeira,J3,10
VIS,1996,Mestre-Sala e Porta-Bandeira,J2,10
VIS,1996,Harmonia,J2,9.5
BJF,1997,Mestre-Sala e Porta-Bandeira,J3,10
BJF,1997,Evolução,J3,8.5
BJF,1997,Evolução,J4,9.5
BJF,1997,Harmonia,J1,10
BJF,1997,Harmonia,J2,10
BJF,1997,Harmonia,J3,10
BJF,1997,Harmonia,J4,10
BJF,1997,Samba-Enredo,J1,9.5
BJF,1997,Samba-Enredo,J2,8
BJF,1997,Samba-Enredo,J3,9.5
BJF,1997,Samba-Enredo,J4,10
BJF,1997,Bateria,J1,9.5
BJF,1997,Bateria,J2,10
BJF,1997,Bateria,J3,10
BJF,1997,Bateria,J4,10
BJF,1997,Pen.,Pen.,0
BJF,1997,Fantasias,J1,10
BJF,1997,Fantasias,J2,10
BJF,1997,Fantasias,J3,10
BJF,1997,Fantasias,J4,10
BJF,1997,Alegorias e Adereços,J1,10
BJF,1997,Alegorias e Adereços,J2,10
BJF,1997,Alegorias e Adereços,J3,9.5
BJF,1997,Alegorias e Adereços,J4,10
BJF,1997,Enredo,J1,10
BJF,1997,Enredo,J2,10
BJF,1997,Enredo,J3,10
BJF,1997,Enredo,J4,10
BJF,1997,Evolução,J1,9.5
BJF,1997,Evolução,J2,10
BJF,1997,Comissão de Frente,J4,10
BJF,1997,Comissão de Frente,J3,10
BJF,1997,Comissão de Frente,J2,10
BJF,1997,Comissão de Frente,J1,10
BJF,1997,Mestre-Sala e Porta-Bandeira,J4,10
BJF,1997,Mestre-Sala e Porta-Bandeira,J2,10
BJF,1997,Mestre-Sala e Porta-Bandeira,J1,10
EST,1997,Harmonia,J1,10
EST,1997,Fantasias,J2,9.5
EST,1997,Fantasias,J3,9
EST,1997,Fantasias,J4,9
EST,1997,Alegorias e Adereços,J1,9
EST,1997,Alegorias e Adereços,J2,8.5
EST,1997,Enredo,J4,9
EST,1997,Alegorias e Adereços,J3,8
EST,1997,Harmonia,J2,10
EST,1997,Alegorias e Adereços,J4,9
EST,1997,Pen.,Pen.,-4
EST,1997,Bateria,J4,10
EST,1997,Bateria,J3,10
EST,1997,Bateria,J2,10
EST,1997,Bateria,J1,10
EST,1997,Samba-Enredo,J4,9
EST,1997,Comissão de Frente,J3,9
EST,1997,Comissão de Frente,J2,9
EST,1997,Comissão de Frente,J1,7.5
EST,1997,Mestre-Sala e Porta-Bandeira,J4,9
EST,1997,Mestre-Sala e Porta-Bandeira,J3,10
EST,1997,Mestre-Sala e Porta-Bandeira,J2,10
EST,1997,Mestre-Sala e Porta-Bandeira,J1,10
EST,1997,Comissão de Frente,J4,9
EST,1997,Samba-Enredo,J3,9.5
EST,1997,Samba-Enredo,J2,8
EST,1997,Samba-Enredo,J1,9
EST,1997,Enredo,J1,8.5
EST,1997,Enredo,J2,8.5
EST,1997,Enredo,J3,9
EST,1997,Harmonia,J4,9.5
EST,1997,Harmonia,J3,10
EST,1997,Evolução,J1,8
EST,1997,Evolução,J2,9.5
EST,1997,Evolução,J3,8
EST,1997,Fantasias,J1,9.5
EST,1997,Evolução,J4,10
GRA,1997,Bateria,J3,9
GRA,1997,Pen.,Pen.,-1
GRA,1997,Bateria,J4,9
GRA,1997,Bateria,J2,9.5
GRA,1997,Bateria,J1,9
GRA,1997,Samba-Enredo,J4,10
GRA,1997,Samba-Enredo,J3,9
GRA,1997,Samba-Enredo,J2,10
GRA,1997,Samba-Enredo,J1,9.5
GRA,1997,Harmonia,J4,9
GRA,1997,Harmonia,J3,9.5
GRA,1997,Harmonia,J2,9
GRA,1997,Harmonia,J1,9.5
GRA,1997,Evolução,J4,9.5
GRA,1997,Evolução,J3,9.5
GRA,1997,Evolução,J2,8.5
GRA,1997,Evolução,J1,8
GRA,1997,Enredo,J4,9
GRA,1997,Enredo,J3,10
GRA,1997,Enredo,J2,8
GRA,1997,Enredo,J1,10
GRA,1997,Alegorias e Adereços,J4,10
GRA,1997,Alegorias e Adereços,J3,9.5
GRA,1997,Alegorias e Adereços,J2,9
GRA,1997,Alegorias e Adereços,J1,10
GRA,1997,Fantasias,J4,9.5
GRA,1997,Fantasias,J3,9.5
GRA,1997,Fantasias,J2,9.5
GRA,1997,Fantasias,J1,10
GRA,1997,Comissão de Frente,J4,9.5
GRA,1997,Comissão de Frente,J3,9
GRA,1997,Comissão de Frente,J2,9.5
GRA,1997,Comissão de Frente,J1,9
GRA,1997,Mestre-Sala e Porta-Bandeira,J4,10
GRA,1997,Mestre-Sala e Porta-Bandeira,J3,10
GRA,1997,Mestre-Sala e Porta-Bandeira,J2,10
GRA,1997,Mestre-Sala e Porta-Bandeira,J1,9.5
IMP,1997,Samba-Enredo,J2,9.5
IMP,1997,Samba-Enredo,J3,9.5
IMP,1997,Mestre-Sala e Porta-Bandeira,J1,10
IMP,1997,Samba-Enredo,J4,10
IMP,1997,Bateria,J1,9.5
IMP,1997,Bateria,J2,9.5
IMP,1997,Comissão de Frente,J1,10
IMP,1997,Comissão de Frente,J2,10
IMP,1997,Comissão de Frente,J3,10
IMP,1997,Comissão de Frente,J4,10
IMP,1997,Fantasias,J1,10
IMP,1997,Fantasias,J2,10
IMP,1997,Fantasias,J3,10
IMP,1997,Fantasias,J4,9.5
IMP,1997,Alegorias e Adereços,J1,10
IMP,1997,Alegorias e Adereços,J2,10
IMP,1997,Alegorias e Adereços,J3,10
IMP,1997,Alegorias e Adereços,J4,10
IMP,1997,Enredo,J1,10
IMP,1997,Mestre-Sala e Porta-Bandeira,J4,10
IMP,1997,Enredo,J2,10
IMP,1997,Enredo,J3,10
IMP,1997,Enredo,J4,10
IMP,1997,Evolução,J1,9.5
IMP,1997,Bateria,J3,10
IMP,1997,Bateria,J4,10
IMP,1997,Pen.,Pen.,0
IMP,1997,Mestre-Sala e Porta-Bandeira,J2,10
IMP,1997,Evolução,J2,9
IMP,1997,Evolução,J3,10
IMP,1997,Mestre-Sala e Porta-Bandeira,J3,10
IMP,1997,Evolução,J4,9.5
IMP,1997,Harmonia,J1,9.5
IMP,1997,Harmonia,J2,9
IMP,1997,Harmonia,J3,10
IMP,1997,Harmonia,J4,10
IMP,1997,Samba-Enredo,J1,10
ISR,1997,Evolução,J4,10
ISR,1997,Fantasias,J2,10
ISR,1997,Fantasias,J1,9.5
ISR,1997,Comissão de Frente,J4,9.5
ISR,1997,Comissão de Frente,J3,9.5
ISR,1997,Comissão de Frente,J2,9.5
ISR,1997,Comissão de Frente,J1,9.5
ISR,1997,Mestre-Sala e Porta-Bandeira,J4,9.5
ISR,1997,Mestre-Sala e Porta-Bandeira,J3,10
ISR,1997,Mestre-Sala e Porta-Bandeira,J2,10
ISR,1997,Mestre-Sala e Porta-Bandeira,J1,9
ISR,1997,Fantasias,J3,9
ISR,1997,Fantasias,J4,9
ISR,1997,Alegorias e Adereços,J1,9
ISR,1997,Alegorias e Adereços,J2,8.5
ISR,1997,Alegorias e Adereços,J3,8.5
ISR,1997,Alegorias e Adereços,J4,8.5
ISR,1997,Enredo,J1,9
ISR,1997,Enredo,J2,8.5
ISR,1997,Enredo,J3,9
ISR,1997,Enredo,J4,8.5
ISR,1997,Evolução,J1,9
ISR,1997,Evolução,J2,9
ISR,1997,Evolução,J3,9
ISR,1997,Harmonia,J1,9.5
ISR,1997,Harmonia,J2,9.5
ISR,1997,Harmonia,J3,9.5
ISR,1997,Harmonia,J4,8.5
ISR,1997,Samba-Enredo,J1,9
ISR,1997,Samba-Enredo,J2,9.5
ISR,1997,Samba-Enredo,J3,10
ISR,1997,Samba-Enredo,J4,9.5
ISR,1997,Bateria,J1,9
ISR,1997,Bateria,J2,10
ISR,1997,Bateria,J3,9
ISR,1997,Bateria,J4,9.5
ISR,1997,Pen.,Pen.,-4
MAN,1997,Bateria,J2,10
MAN,1997,Bateria,J3,10
MAN,1997,Evolução,J3,10
MAN,1997,Evolução,J2,10
MAN,1997,Evolução,J1,10
MAN,1997,Enredo,J3,10
MAN,1997,Enredo,J2,10
MAN,1997,Enredo,J1,10
MAN,1997,Alegorias e Adereços,J4,9.5
MAN,1997,Alegorias e Adereços,J3,9
MAN,1997,Alegorias e Adereços,J2,10
MAN,1997,Alegorias e Adereços,J1,9.5
MAN,1997,Fantasias,J4,9.5
MAN,1997,Fantasias,J3,10
MAN,1997,Fantasias,J2,10
MAN,1997,Fantasias,J1,10
MAN,1997,Comissão de Frente,J4,10
MAN,1997,Comissão de Frente,J3,10
MAN,1997,Comissão de Frente,J2,9.5
MAN,1997,Comissão de Frente,J1,10
MAN,1997,Mestre-Sala e Porta-Bandeira,J4,10
MAN,1997,Mestre-Sala e Porta-Bandeira,J3,10
MAN,1997,Mestre-Sala e Porta-Bandeira,J2,10
MAN,1997,Mestre-Sala e Porta-Bandeira,J1,10
MAN,1997,Pen.,Pen.,0
MAN,1997,Evolução,J4,8.5
MAN,1997,Harmonia,J1,10
MAN,1997,Harmonia,J2,10
MAN,1997,Harmonia,J3,10
MAN,1997,Harmonia,J4,9
MAN,1997,Samba-Enredo,J1,10
MAN,1997,Enredo,J4,9
MAN,1997,Bateria,J4,10
MAN,1997,Samba-Enredo,J2,9
MAN,1997,Samba-Enredo,J3,9.5
MAN,1997,Samba-Enredo,J4,10
MAN,1997,Bateria,J1,9.5
MOC,1997,Mestre-Sala e Porta-Bandeira,J2,9
MOC,1997,Samba-Enredo,J1,9.5
MOC,1997,Harmonia,J4,10
MOC,1997,Harmonia,J3,9.5
MOC,1997,Harmonia,J2,9.5
MOC,1997,Harmonia,J1,10
MOC,1997,Evolução,J4,10
MOC,1997,Evolução,J3,9.5
MOC,1997,Evolução,J2,10
MOC,1997,Evolução,J1,10
MOC,1997,Enredo,J4,10
MOC,1997,Enredo,J3,10
MOC,1997,Enredo,J2,10
MOC,1997,Enredo,J1,10
MOC,1997,Alegorias e Adereços,J4,10
MOC,1997,Alegorias e Adereços,J3,10
MOC,1997,Alegorias e Adereços,J2,10
MOC,1997,Alegorias e Adereços,J1,10
MOC,1997,Fantasias,J4,10
MOC,1997,Fantasias,J3,10
MOC,1997,Fantasias,J2,10
MOC,1997,Fantasias,J1,10
MOC,1997,Comissão de Frente,J4,10
MOC,1997,Comissão de Frente,J3,10
MOC,1997,Comissão de Frente,J2,10
MOC,1997,Comissão de Frente,J1,10
MOC,1997,Mestre-Sala e Porta-Bandeira,J4,10
MOC,1997,Mestre-Sala e Porta-Bandeira,J3,10
MOC,1997,Samba-Enredo,J2,10
MOC,1997,Mestre-Sala e Porta-Bandeira,J1,10
MOC,1997,Pen.,Pen.,0
MOC,1997,Bateria,J4,10
MOC,1997,Bateria,J3,10
MOC,1997,Bateria,J2,10
MOC,1997,Bateria,J1,9.5
MOC,1997,Samba-Enredo,J4,10
MOC,1997,Samba-Enredo,J3,10
POR,1997,Evolução,J4,8.5
POR,1997,Pen.,Pen.,0
POR,1997,Bateria,J4,8
POR,1997,Bateria,J3,10
POR,1997,Bateria,J2,9.5
POR,1997,Bateria,J1,10
POR,1997,Samba-Enredo,J4,9.5
POR,1997,Samba-Enredo,J3,10
POR,1997,Samba-Enredo,J2,9
POR,1997,Samba-Enredo,J1,10
POR,1997,Harmonia,J4,10
POR,1997,Harmonia,J3,9.5
POR,1997,Harmonia,J2,9
POR,1997,Harmonia,J1,10
POR,1997,Evolução,J3,9
POR,1997,Evolução,J2,9
POR,1997,Evolução,J1,10
POR,1997,Enredo,J4,9
POR,1997,Enredo,J3,10
POR,1997,Enredo,J2,9.5
POR,1997,Enredo,J1,10
POR,1997,Alegorias e Adereços,J4,9.5
POR,1997,Alegorias e Adereços,J3,8.5
POR,1997,Alegorias e Adereços,J2,9.5
POR,1997,Alegorias e Adereços,J1,9.5
POR,1997,Fantasias,J4,9
POR,1997,Fantasias,J3,10
POR,1997,Fantasias,J2,9.5
POR,1997,Fantasias,J1,10
POR,1997,Comissão de Frente,J4,10
POR,1997,Comissão de Frente,J3,10
POR,1997,Comissão de Frente,J2,10
POR,1997,Comissão de Frente,J1,10
POR,1997,Mestre-Sala e Porta-Bandeira,J4,9.5
POR,1997,Mestre-Sala e Porta-Bandeira,J3,10
POR,1997,Mestre-Sala e Porta-Bandeira,J2,10
POR,1997,Mestre-Sala e Porta-Bandeira,J1,10
PPE,1997,Mestre-Sala e Porta-Bandeira,J2,9.5
PPE,1997,Mestre-Sala e Porta-Bandeira,J3,10
PPE,1997,Mestre-Sala e Porta-Bandeira,J1,10
PPE,1997,Mestre-Sala e Porta-Bandeira,J4,10
PPE,1997,Comissão de Frente,J1,10
PPE,1997,Comissão de Frente,J2,10
PPE,1997,Comissão de Frente,J3,10
PPE,1997,Comissão de Frente,J4,10
PPE,1997,Fantasias,J1,10
PPE,1997,Fantasias,J2,10
PPE,1997,Fantasias,J3,10
PPE,1997,Fantasias,J4,9.5
PPE,1997,Alegorias e Adereços,J1,9.5
PPE,1997,Alegorias e Adereços,J2,10
PPE,1997,Alegorias e Adereços,J3,9.5
PPE,1997,Alegorias e Adereços,J4,10
PPE,1997,Evolução,J1,10
PPE,1997,Enredo,J1,10
PPE,1997,Enredo,J2,9.5
PPE,1997,Evolução,J2,10
PPE,1997,Evolução,J3,9.5
PPE,1997,Evolução,J4,10
PPE,1997,Harmonia,J1,9
PPE,1997,Harmonia,J2,10
PPE,1997,Harmonia,J3,9.5
PPE,1997,Harmonia,J4,9
PPE,1997,Samba-Enredo,J1,9.5
PPE,1997,Enredo,J3,10
PPE,1997,Samba-Enredo,J2,10
PPE,1997,Samba-Enredo,J3,10
PPE,1997,Samba-Enredo,J4,10
PPE,1997,Bateria,J1,9.5
PPE,1997,Bateria,J2,10
PPE,1997,Bateria,J3,10
PPE,1997,Bateria,J4,9.5
PPE,1997,Pen.,Pen.,0
PPE,1997,Enredo,J4,10
ROC,1997,Enredo,J1,8.5
ROC,1997,Mestre-Sala e Porta-Bandeira,J1,9
ROC,1997,Mestre-Sala e Porta-Bandeira,J2,9
ROC,1997,Mestre-Sala e Porta-Bandeira,J3,9
ROC,1997,Mestre-Sala e Porta-Bandeira,J4,9
ROC,1997,Comissão de Frente,J1,8.5
ROC,1997,Comissão de Frente,J2,8.5
ROC,1997,Comissão de Frente,J3,9
ROC,1997,Comissão de Frente,J4,9
ROC,1997,Fantasias,J1,9
ROC,1997,Fantasias,J2,8.5
ROC,1997,Fantasias,J3,8.5
ROC,1997,Fantasias,J4,8.5
ROC,1997,Alegorias e Adereços,J1,9
ROC,1997,Alegorias e Adereços,J2,8
ROC,1997,Alegorias e Adereços,J3,7.5
ROC,1997,Alegorias e Adereços,J4,8.5
ROC,1997,Enredo,J4,8.5
ROC,1997,Evolução,J1,8
ROC,1997,Evolução,J2,8
ROC,1997,Evolução,J3,8.5
ROC,1997,Evolução,J4,8.5
ROC,1997,Harmonia,J1,9
ROC,1997,Harmonia,J2,9.5
ROC,1997,Harmonia,J3,9
ROC,1997,Harmonia,J4,8
ROC,1997,Samba-Enredo,J1,8.5
ROC,1997,Samba-Enredo,J2,8
ROC,1997,Samba-Enredo,J3,9.5
ROC,1997,Samba-Enredo,J4,8.5
ROC,1997,Bateria,J1,9
ROC,1997,Bateria,J2,10
ROC,1997,Bateria,J3,8
ROC,1997,Bateria,J4,10
ROC,1997,Pen.,Pen.,-3
ROC,1997,Enredo,J3,8.5
ROC,1997,Enredo,J2,8
SAL,1997,Mestre-Sala e Porta-Bandeira,J1,10
SAL,1997,Pen.,Pen.,0
SAL,1997,Bateria,J4,10
SAL,1997,Bateria,J3,10
SAL,1997,Bateria,J2,10
SAL,1997,Bateria,J1,10
SAL,1997,Samba-Enredo,J4,10
SAL,1997,Samba-Enredo,J3,9.5
SAL,1997,Samba-Enredo,J2,9.5
SAL,1997,Samba-Enredo,J1,10
SAL,1997,Harmonia,J4,9.5
SAL,1997,Harmonia,J3,10
SAL,1997,Harmonia,J2,9.5
SAL,1997,Harmonia,J1,10
SAL,1997,Evolução,J4,10
SAL,1997,Evolução,J3,9.5
SAL,1997,Evolução,J2,9
SAL,1997,Evolução,J1,10
SAL,1997,Enredo,J4,9.5
SAL,1997,Enredo,J3,10
SAL,1997,Enredo,J2,9
SAL,1997,Enredo,J1,10
SAL,1997,Alegorias e Adereços,J4,9.5
SAL,1997,Alegorias e Adereços,J3,9.5
SAL,1997,Alegorias e Adereços,J2,9
SAL,1997,Alegorias e Adereços,J1,9.5
SAL,1997,Fantasias,J4,9.5
SAL,1997,Fantasias,J3,10
SAL,1997,Fantasias,J2,10
SAL,1997,Fantasias,J1,10
SAL,1997,Comissão de Frente,J4,10
SAL,1997,Comissão de Frente,J3,10
SAL,1997,Comissão de Frente,J2,10
SAL,1997,Comissão de Frente,J1,10
SAL,1997,Mestre-Sala e Porta-Bandeira,J4,10
SAL,1997,Mestre-Sala e Porta-Bandeira,J3,10
SAL,1997,Mestre-Sala e Porta-Bandeira,J2,10
STC,1997,Comissão de Frente,J1,9.5
STC,1997,Samba-Enredo,J3,10
STC,1997,Samba-Enredo,J4,9
STC,1997,Bateria,J1,8.5
STC,1997,Bateria,J2,10
STC,1997,Bateria,J3,8
STC,1997,Bateria,J4,9
STC,1997,Pen.,Pen.,-1
STC,1997,Alegorias e Adereços,J3,7.5
STC,1997,Alegorias e Adereços,J2,9.5
STC,1997,Alegorias e Adereços,J1,9
STC,1997,Fantasias,J4,8.5
STC,1997,Fantasias,J3,9.5
STC,1997,Fantasias,J2,9
STC,1997,Fantasias,J1,9.5
STC,1997,Comissão de Frente,J4,9
STC,1997,Comissão de Frente,J3,10
STC,1997,Comissão de Frente,J2,9.5
STC,1997,Samba-Enredo,J2,10
STC,1997,Mestre-Sala e Porta-Bandeira,J4,9
STC,1997,Mestre-Sala e Porta-Bandeira,J3,9.5
STC,1997,Mestre-Sala e Porta-Bandeira,J2,9.5
STC,1997,Mestre-Sala e Porta-Bandeira,J1,9
STC,1997,Alegorias e Adereços,J4,8.5
STC,1997,Enredo,J1,8.5
STC,1997,Enredo,J2,9
STC,1997,Enredo,J3,9.5
STC,1997,Enredo,J4,8.5
STC,1997,Evolução,J1,8
STC,1997,Evolução,J2,9.5
STC,1997,Evolução,J3,7.5
STC,1997,Evolução,J4,10
STC,1997,Harmonia,J1,8.5
STC,1997,Harmonia,J2,10
STC,1997,Harmonia,J3,9
STC,1997,Harmonia,J4,9.5
STC,1997,Samba-Enredo,J1,9.5
TIJ,1997,Harmonia,J4,9
TIJ,1997,Enredo,J1,10
TIJ,1997,Alegorias e Adereços,J4,9
TIJ,1997,Alegorias e Adereços,J3,8.5
TIJ,1997,Enredo,J2,9.5
TIJ,1997,Enredo,J3,10
TIJ,1997,Enredo,J4,10
TIJ,1997,Evolução,J1,9.5
TIJ,1997,Evolução,J2,9.5
TIJ,1997,Evolução,J3,9
TIJ,1997,Evolução,J4,9.5
TIJ,1997,Harmonia,J1,9
TIJ,1997,Harmonia,J2,10
TIJ,1997,Harmonia,J3,9
TIJ,1997,Samba-Enredo,J1,9
TIJ,1997,Samba-Enredo,J2,10
TIJ,1997,Samba-Enredo,J3,9
TIJ,1997,Samba-Enredo,J4,9
TIJ,1997,Bateria,J1,10
TIJ,1997,Bateria,J2,9
TIJ,1997,Bateria,J3,9
TIJ,1997,Bateria,J4,8.5
TIJ,1997,Alegorias e Adereços,J2,9
TIJ,1997,Alegorias e Adereços,J1,9.5
TIJ,1997,Fantasias,J4,9
TIJ,1997,Fantasias,J3,9
TIJ,1997,Fantasias,J2,9.5
TIJ,1997,Pen.,Pen.,0
TIJ,1997,Fantasias,J1,9.5
TIJ,1997,Comissão de Frente,J4,9
TIJ,1997,Comissão de Frente,J3,10
TIJ,1997,Comissão de Frente,J2,9.5
TIJ,1997,Comissão de Frente,J1,10
TIJ,1997,Mestre-Sala e Porta-Bandeira,J4,9.5
TIJ,1997,Mestre-Sala e Porta-Bandeira,J3,10
TIJ,1997,Mestre-Sala e Porta-Bandeira,J2,9.5
TIJ,1997,Mestre-Sala e Porta-Bandeira,J1,9.5
UNI,1997,Fantasias,J4,9.5
UNI,1997,Pen.,Pen.,0
UNI,1997,Bateria,J4,10
UNI,1997,Bateria,J3,9
UNI,1997,Bateria,J2,10
UNI,1997,Bateria,J1,9.5
UNI,1997,Samba-Enredo,J4,9.5
UNI,1997,Samba-Enredo,J3,8.5
UNI,1997,Samba-Enredo,J2,8
UNI,1997,Samba-Enredo,J1,9.5
UNI,1997,Harmonia,J4,9
UNI,1997,Harmonia,J3,9.5
UNI,1997,Harmonia,J2,9.5
UNI,1997,Harmonia,J1,10
UNI,1997,Evolução,J4,8.5
UNI,1997,Evolução,J3,8
UNI,1997,Evolução,J2,9.5
UNI,1997,Evolução,J1,9
UNI,1997,Enredo,J4,9
UNI,1997,Enredo,J3,10
UNI,1997,Enredo,J2,8.5
UNI,1997,Enredo,J1,9.5
UNI,1997,Alegorias e Adereços,J4,8.5
UNI,1997,Alegorias e Adereços,J3,8
UNI,1997,Alegorias e Adereços,J2,8.5
UNI,1997,Alegorias e Adereços,J1,9
UNI,1997,Fantasias,J3,9.5
UNI,1997,Fantasias,J2,10
UNI,1997,Fantasias,J1,9
UNI,1997,Comissão de Frente,J4,9
UNI,1997,Comissão de Frente,J3,9
UNI,1997,Comissão de Frente,J2,9.5
UNI,1997,Comissão de Frente,J1,9
UNI,1997,Mestre-Sala e Porta-Bandeira,J4,9
UNI,1997,Mestre-Sala e Porta-Bandeira,J3,9.5
UNI,1997,Mestre-Sala e Porta-Bandeira,J2,10
UNI,1997,Mestre-Sala e Porta-Bandeira,J1,10
VIR,1997,Enredo,J1,10
VIR,1997,Bateria,J2,10
VIR,1997,Bateria,J3,9
VIR,1997,Bateria,J4,10
VIR,1997,Pen.,Pen.,0
VIR,1997,Mestre-Sala e Porta-Bandeira,J1,10
VIR,1997,Mestre-Sala e Porta-Bandeira,J2,10
VIR,1997,Mestre-Sala e Porta-Bandeira,J3,10
VIR,1997,Mestre-Sala e Porta-Bandeira,J4,10
VIR,1997,Comissão de Frente,J1,10
VIR,1997,Comissão de Frente,J2,10
VIR,1997,Comissão de Frente,J3,10
VIR,1997,Comissão de Frente,J4,10
VIR,1997,Fantasias,J1,10
VIR,1997,Fantasias,J2,10
VIR,1997,Fantasias,J3,10
VIR,1997,Fantasias,J4,10
VIR,1997,Alegorias e Adereços,J1,10
VIR,1997,Alegorias e Adereços,J2,10
VIR,1997,Alegorias e Adereços,J3,10
VIR,1997,Alegorias e Adereços,J4,10
VIR,1997,Enredo,J2,10
VIR,1997,Enredo,J3,10
VIR,1997,Enredo,J4,10
VIR,1997,Evolução,J1,10
VIR,1997,Evolução,J2,10
VIR,1997,Evolução,J3,10
VIR,1997,Evolução,J4,10
VIR,1997,Harmonia,J1,10
VIR,1997,Harmonia,J2,10
VIR,1997,Harmonia,J3,10
VIR,1997,Harmonia,J4,10
VIR,1997,Samba-Enredo,J1,10
VIR,1997,Samba-Enredo,J2,9.5
VIR,1997,Samba-Enredo,J3,10
VIR,1997,Samba-Enredo,J4,10
VIR,1997,Bateria,J1,10
VIS,1997,Fantasias,J2,9.5
VIS,1997,Evolução,J4,10
VIS,1997,Harmonia,J1,10
VIS,1997,Harmonia,J2,10
VIS,1997,Harmonia,J3,10
VIS,1997,Harmonia,J4,9
VIS,1997,Samba-Enredo,J1,9
VIS,1997,Samba-Enredo,J2,9
VIS,1997,Samba-Enredo,J3,10
VIS,1997,Samba-Enredo,J4,9.5
VIS,1997,Bateria,J1,9.5
VIS,1997,Bateria,J2,10
VIS,1997,Evolução,J2,10
VIS,1997,Evolução,J3,9
VIS,1997,Evolução,J1,10
VIS,1997,Comissão de Frente,J3,10
VIS,1997,Mestre-Sala e Porta-Bandeira,J1,9.5
VIS,1997,Mestre-Sala e Porta-Bandeira,J2,9.5
VIS,1997,Mestre-Sala e Porta-Bandeira,J3,9.5
VIS,1997,Enredo,J4,10
VIS,1997,Mestre-Sala e Porta-Bandeira,J4,9
VIS,1997,Bateria,J3,9
VIS,1997,Bateria,J4,10
VIS,1997,Pen.,Pen.,0
VIS,1997,Enredo,J3,10
VIS,1997,Enredo,J2,9
VIS,1997,Enredo,J1,10
VIS,1997,Alegorias e Adereços,J4,9
VIS,1997,Alegorias e Adereços,J3,8.5
VIS,1997,Alegorias e Adereços,J2,9
VIS,1997,Alegorias e Adereços,J1,9.5
VIS,1997,Fantasias,J4,9
VIS,1997,Fantasias,J3,9.5
VIS,1997,Comissão de Frente,J1,10
VIS,1997,Comissão de Frente,J2,10
VIS,1997,Comissão de Frente,J4,10
VIS,1997,Fantasias,J1,9
BJF,1998,Enredo,J4,10
BJF,1998,Mestre-Sala e Porta-Bandeira,J1,10
BJF,1998,Mestre-Sala e Porta-Bandeira,J2,10
BJF,1998,Mestre-Sala e Porta-Bandeira,J3,9
BJF,1998,Bateria,J4,10
BJF,1998,Bateria,J3,10
BJF,1998,Bateria,J2,10
BJF,1998,Bateria,J1,10
BJF,1998,Samba-Enredo,J5,10
BJF,1998,Samba-Enredo,J4,10
BJF,1998,Samba-Enredo,J3,9.5
BJF,1998,Bateria,J5,10
BJF,1998,Enredo,J1,10
BJF,1998,Enredo,J2,10
BJF,1998,Alegorias e Adereços,J4,10
BJF,1998,Alegorias e Adereços,J3,10
BJF,1998,Alegorias e Adereços,J2,10
BJF,1998,Alegorias e Adereços,J1,10
BJF,1998,Fantasias,J5,10
BJF,1998,Fantasias,J4,10
BJF,1998,Alegorias e Adereços,J5,10
BJF,1998,Fantasias,J3,10
BJF,1998,Fantasias,J2,10
BJF,1998,Fantasias,J1,10
BJF,1998,Comissão de Frente,J5,10
BJF,1998,Comissão de Frente,J4,10
BJF,1998,Comissão de Frente,J3,10
BJF,1998,Comissão de Frente,J2,8.5
BJF,1998,Comissão de Frente,J1,10
BJF,1998,Mestre-Sala e Porta-Bandeira,J5,10
BJF,1998,Mestre-Sala e Porta-Bandeira,J4,10
BJF,1998,Samba-Enredo,J2,10
BJF,1998,Samba-Enredo,J1,10
BJF,1998,Harmonia,J5,10
BJF,1998,Harmonia,J4,10
BJF,1998,Harmonia,J3,10
BJF,1998,Harmonia,J2,10
BJF,1998,Harmonia,J1,10
BJF,1998,Evolução,J5,10
BJF,1998,Evolução,J3,10
BJF,1998,Evolução,J4,10
BJF,1998,Evolução,J2,10
BJF,1998,Evolução,J1,10
BJF,1998,Enredo,J5,10
BJF,1998,Enredo,J3,9.5
CAP,1998,Evolução,J5,9
CAP,1998,Mestre-Sala e Porta-Bandeira,J1,10
CAP,1998,Mestre-Sala e Porta-Bandeira,J2,10
CAP,1998,Mestre-Sala e Porta-Bandeira,J3,10
CAP,1998,Mestre-Sala e Porta-Bandeira,J4,10
CAP,1998,Mestre-Sala e Porta-Bandeira,J5,9
CAP,1998,Comissão de Frente,J1,10
CAP,1998,Comissão de Frente,J2,9.5
CAP,1998,Comissão de Frente,J3,9
CAP,1998,Comissão de Frente,J4,10
CAP,1998,Comissão de Frente,J5,9
CAP,1998,Fantasias,J1,9
CAP,1998,Fantasias,J2,10
CAP,1998,Fantasias,J3,8.5
CAP,1998,Fantasias,J4,9.5
CAP,1998,Fantasias,J5,9.5
CAP,1998,Alegorias e Adereços,J1,8
CAP,1998,Alegorias e Adereços,J2,8.5
CAP,1998,Alegorias e Adereços,J3,9.5
CAP,1998,Alegorias e Adereços,J4,9
CAP,1998,Alegorias e Adereços,J5,9
CAP,1998,Enredo,J1,10
CAP,1998,Enredo,J2,9
CAP,1998,Enredo,J3,8.5
CAP,1998,Enredo,J4,8.5
CAP,1998,Enredo,J5,8.5
CAP,1998,Evolução,J1,9.5
CAP,1998,Evolução,J2,9.5
CAP,1998,Evolução,J3,9.5
CAP,1998,Evolução,J4,9.5
CAP,1998,Harmonia,J1,9
CAP,1998,Harmonia,J2,9
CAP,1998,Harmonia,J3,10
CAP,1998,Harmonia,J4,10
CAP,1998,Harmonia,J5,9
CAP,1998,Samba-Enredo,J1,9
CAP,1998,Samba-Enredo,J2,8.5
CAP,1998,Samba-Enredo,J3,9.5
CAP,1998,Samba-Enredo,J4,9.5
CAP,1998,Samba-Enredo,J5,9.5
CAP,1998,Bateria,J1,10
CAP,1998,Bateria,J2,10
CAP,1998,Bateria,J3,10
CAP,1998,Bateria,J4,10
CAP,1998,Bateria,J5,10
GRA,1998,Mestre-Sala e Porta-Bandeira,J1,10
GRA,1998,Mestre-Sala e Porta-Bandeira,J2,9.5
GRA,1998,Mestre-Sala e Porta-Bandeira,J3,9
GRA,1998,Mestre-Sala e Porta-Bandeira,J4,9
GRA,1998,Mestre-Sala e Porta-Bandeira,J5,10
GRA,1998,Comissão de Frente,J1,10
GRA,1998,Comissão de Frente,J2,10
GRA,1998,Comissão de Frente,J3,9.5
GRA,1998,Comissão de Frente,J4,10
GRA,1998,Comissão de Frente,J5,10
GRA,1998,Fantasias,J1,8.5
GRA,1998,Fantasias,J2,9
GRA,1998,Fantasias,J3,10
GRA,1998,Fantasias,J4,9.5
GRA,1998,Fantasias,J5,10
GRA,1998,Alegorias e Adereços,J1,9.5
GRA,1998,Alegorias e Adereços,J2,9.5
GRA,1998,Alegorias e Adereços,J3,9.5
GRA,1998,Alegorias e Adereços,J4,10
GRA,1998,Alegorias e Adereços,J5,10
GRA,1998,Enredo,J1,8.5
GRA,1998,Enredo,J2,9
GRA,1998,Enredo,J3,8
GRA,1998,Enredo,J4,8.5
GRA,1998,Enredo,J5,9.5
GRA,1998,Evolução,J1,10
GRA,1998,Evolução,J2,10
GRA,1998,Evolução,J3,9.5
GRA,1998,Evolução,J4,10
GRA,1998,Evolução,J5,10
GRA,1998,Harmonia,J1,10
GRA,1998,Harmonia,J2,10
GRA,1998,Harmonia,J3,10
GRA,1998,Harmonia,J4,8
GRA,1998,Harmonia,J5,10
GRA,1998,Samba-Enredo,J1,10
GRA,1998,Samba-Enredo,J2,8
GRA,1998,Samba-Enredo,J3,8.5
GRA,1998,Samba-Enredo,J4,8
GRA,1998,Samba-Enredo,J5,10
GRA,1998,Bateria,J1,10
GRA,1998,Bateria,J2,10
GRA,1998,Bateria,J3,10
GRA,1998,Bateria,J4,10
GRA,1998,Bateria,J5,9.5
IMP,1998,Fantasias,J3,10
IMP,1998,Bateria,J5,10
IMP,1998,Bateria,J4,10
IMP,1998,Bateria,J3,10
IMP,1998,Bateria,J2,10
IMP,1998,Bateria,J1,9.5
IMP,1998,Samba-Enredo,J5,10
IMP,1998,Samba-Enredo,J4,10
IMP,1998,Samba-Enredo,J3,9.5
IMP,1998,Samba-Enredo,J2,9
IMP,1998,Samba-Enredo,J1,10
IMP,1998,Harmonia,J5,10
IMP,1998,Harmonia,J4,10
IMP,1998,Harmonia,J3,10
IMP,1998,Harmonia,J2,10
IMP,1998,Harmonia,J1,10
IMP,1998,Evolução,J5,10
IMP,1998,Evolução,J4,10
IMP,1998,Evolução,J3,10
IMP,1998,Evolução,J2,10
IMP,1998,Evolução,J1,10
IMP,1998,Enredo,J5,10
IMP,1998,Enredo,J4,10
IMP,1998,Enredo,J3,10
IMP,1998,Enredo,J2,10
IMP,1998,Enredo,J1,10
IMP,1998,Alegorias e Adereços,J5,9.5
IMP,1998,Alegorias e Adereços,J4,10
IMP,1998,Alegorias e Adereços,J3,10
IMP,1998,Alegorias e Adereços,J2,10
IMP,1998,Alegorias e Adereços,J1,10
IMP,1998,Fantasias,J5,10
IMP,1998,Fantasias,J4,10
IMP,1998,Fantasias,J2,10
IMP,1998,Fantasias,J1,10
IMP,1998,Comissão de Frente,J5,10
IMP,1998,Comissão de Frente,J4,10
IMP,1998,Comissão de Frente,J3,10
IMP,1998,Comissão de Frente,J2,10
IMP,1998,Comissão de Frente,J1,10
IMP,1998,Mestre-Sala e Porta-Bandeira,J5,10
IMP,1998,Mestre-Sala e Porta-Bandeira,J4,10
IMP,1998,Mestre-Sala e Porta-Bandeira,J3,10
IMP,1998,Mestre-Sala e Porta-Bandeira,J2,10
IMP,1998,Mestre-Sala e Porta-Bandeira,J1,10
MAN,1998,Bateria,J2,10
MAN,1998,Evolução,J2,10
MAN,1998,Evolução,J3,10
MAN,1998,Evolução,J4,10
MAN,1998,Evolução,J5,10
MAN,1998,Harmonia,J1,10
MAN,1998,Harmonia,J2,10
MAN,1998,Harmonia,J3,10
MAN,1998,Bateria,J1,10
MAN,1998,Samba-Enredo,J5,10
MAN,1998,Samba-Enredo,J4,9.5
MAN,1998,Samba-Enredo,J3,10
MAN,1998,Samba-Enredo,J2,10
MAN,1998,Samba-Enredo,J1,10
MAN,1998,Harmonia,J5,10
MAN,1998,Harmonia,J4,10
MAN,1998,Enredo,J1,10
MAN,1998,Enredo,J2,10
MAN,1998,Enredo,J3,10
MAN,1998,Fantasias,J5,10
MAN,1998,Fantasias,J4,10
MAN,1998,Alegorias e Adereços,J1,10
MAN,1998,Alegorias e Adereços,J2,10
MAN,1998,Alegorias e Adereços,J3,10
MAN,1998,Alegorias e Adereços,J4,9.5
MAN,1998,Alegorias e Adereços,J5,10
MAN,1998,Fantasias,J3,10
MAN,1998,Fantasias,J2,10
MAN,1998,Fantasias,J1,10
MAN,1998,Comissão de Frente,J5,10
MAN,1998,Comissão de Frente,J4,10
MAN,1998,Comissão de Frente,J3,10
MAN,1998,Comissão de Frente,J2,10
MAN,1998,Comissão de Frente,J1,10
MAN,1998,Mestre-Sala e Porta-Bandeira,J5,10
MAN,1998,Mestre-Sala e Porta-Bandeira,J4,10
MAN,1998,Mestre-Sala e Porta-Bandeira,J3,10
MAN,1998,Mestre-Sala e Porta-Bandeira,J2,10
MAN,1998,Mestre-Sala e Porta-Bandeira,J1,10
MAN,1998,Bateria,J5,10
MAN,1998,Bateria,J4,10
MAN,1998,Bateria,J3,10
MAN,1998,Enredo,J4,10
MAN,1998,Enredo,J5,10
MAN,1998,Evolução,J1,10
MOC,1998,Alegorias e Adereços,J3,10
MOC,1998,Fantasias,J5,10
MOC,1998,Fantasias,J4,10
MOC,1998,Fantasias,J3,9.5
MOC,1998,Fantasias,J2,10
MOC,1998,Fantasias,J1,9.5
MOC,1998,Comissão de Frente,J5,9
MOC,1998,Comissão de Frente,J4,9.5
MOC,1998,Comissão de Frente,J3,10
MOC,1998,Comissão de Frente,J2,10
MOC,1998,Comissão de Frente,J1,9.5
MOC,1998,Mestre-Sala e Porta-Bandeira,J5,10
MOC,1998,Mestre-Sala e Porta-Bandeira,J4,9.5
MOC,1998,Mestre-Sala e Porta-Bandeira,J3,9.5
MOC,1998,Mestre-Sala e Porta-Bandeira,J2,9.5
MOC,1998,Mestre-Sala e Porta-Bandeira,J1,10
MOC,1998,Bateria,J5,10
MOC,1998,Bateria,J4,10
MOC,1998,Bateria,J3,10
MOC,1998,Bateria,J2,10
MOC,1998,Bateria,J1,10
MOC,1998,Samba-Enredo,J5,10
MOC,1998,Samba-Enredo,J4,9
MOC,1998,Samba-Enredo,J3,10
MOC,1998,Samba-Enredo,J2,10
MOC,1998,Samba-Enredo,J1,9.5
MOC,1998,Harmonia,J5,9.5
MOC,1998,Harmonia,J4,9.5
MOC,1998,Harmonia,J3,9.5
MOC,1998,Harmonia,J2,10
MOC,1998,Harmonia,J1,10
MOC,1998,Evolução,J5,9.5
MOC,1998,Evolução,J4,10
MOC,1998,Evolução,J3,9.5
MOC,1998,Evolução,J2,9
MOC,1998,Evolução,J1,10
MOC,1998,Enredo,J5,10
MOC,1998,Enredo,J4,9
MOC,1998,Enredo,J3,9.5
MOC,1998,Enredo,J2,8.5
MOC,1998,Enredo,J1,9
MOC,1998,Alegorias e Adereços,J5,9.5
MOC,1998,Alegorias e Adereços,J4,10
MOC,1998,Alegorias e Adereços,J1,9
MOC,1998,Alegorias e Adereços,J2,9.5
POR,1998,Comissão de Frente,J4,10
POR,1998,Comissão de Frente,J3,10
POR,1998,Comissão de Frente,J2,10
POR,1998,Comissão de Frente,J1,10
POR,1998,Mestre-Sala e Porta-Bandeira,J5,10
POR,1998,Mestre-Sala e Porta-Bandeira,J4,10
POR,1998,Mestre-Sala e Porta-Bandeira,J3,9
POR,1998,Bateria,J5,10
POR,1998,Bateria,J4,10
POR,1998,Bateria,J3,10
POR,1998,Bateria,J2,10
POR,1998,Bateria,J1,10
POR,1998,Samba-Enredo,J5,10
POR,1998,Samba-Enredo,J4,10
POR,1998,Mestre-Sala e Porta-Bandeira,J2,9.5
POR,1998,Alegorias e Adereços,J1,8.5
POR,1998,Evolução,J3,10
POR,1998,Evolução,J4,9.5
POR,1998,Evolução,J5,10
POR,1998,Harmonia,J1,10
POR,1998,Harmonia,J2,10
POR,1998,Harmonia,J3,10
POR,1998,Harmonia,J4,10
POR,1998,Harmonia,J5,9.5
POR,1998,Samba-Enredo,J1,10
POR,1998,Samba-Enredo,J2,10
POR,1998,Samba-Enredo,J3,10
POR,1998,Evolução,J2,10
POR,1998,Evolução,J1,9.5
POR,1998,Enredo,J5,9
POR,1998,Enredo,J4,8.5
POR,1998,Enredo,J3,9
POR,1998,Enredo,J2,10
POR,1998,Enredo,J1,10
POR,1998,Alegorias e Adereços,J5,9.5
POR,1998,Mestre-Sala e Porta-Bandeira,J1,9.5
POR,1998,Alegorias e Adereços,J4,9.5
POR,1998,Alegorias e Adereços,J3,9
POR,1998,Alegorias e Adereços,J2,9
POR,1998,Fantasias,J5,10
POR,1998,Fantasias,J4,10
POR,1998,Fantasias,J3,10
POR,1998,Fantasias,J2,9.5
POR,1998,Fantasias,J1,10
POR,1998,Comissão de Frente,J5,10
PPE,1998,Evolução,J5,8
PPE,1998,Bateria,J5,9.5
PPE,1998,Bateria,J4,9.5
PPE,1998,Bateria,J3,8
PPE,1998,Bateria,J2,10
PPE,1998,Bateria,J1,10
PPE,1998,Samba-Enredo,J5,9
PPE,1998,Samba-Enredo,J4,8
PPE,1998,Samba-Enredo,J3,8
PPE,1998,Samba-Enredo,J2,8
PPE,1998,Samba-Enredo,J1,9.5
PPE,1998,Harmonia,J5,8
PPE,1998,Harmonia,J4,8
PPE,1998,Harmonia,J3,8.5
PPE,1998,Harmonia,J2,8
PPE,1998,Harmonia,J1,9
PPE,1998,Evolução,J4,9
PPE,1998,Evolução,J3,8
PPE,1998,Evolução,J2,8
PPE,1998,Evolução,J1,9
PPE,1998,Enredo,J5,8
PPE,1998,Enredo,J4,8.5
PPE,1998,Enredo,J3,10
PPE,1998,Enredo,J2,7.5
PPE,1998,Enredo,J1,9
PPE,1998,Alegorias e Adereços,J5,9
PPE,1998,Alegorias e Adereços,J4,9
PPE,1998,Alegorias e Adereços,J3,9.5
PPE,1998,Alegorias e Adereços,J2,8.5
PPE,1998,Alegorias e Adereços,J1,9
PPE,1998,Fantasias,J5,9
PPE,1998,Fantasias,J4,8.5
PPE,1998,Fantasias,J3,8
PPE,1998,Fantasias,J2,8
PPE,1998,Fantasias,J1,8
PPE,1998,Comissão de Frente,J5,9
PPE,1998,Comissão de Frente,J4,8
PPE,1998,Comissão de Frente,J3,9
PPE,1998,Comissão de Frente,J2,8.5
PPE,1998,Comissão de Frente,J1,9
PPE,1998,Mestre-Sala e Porta-Bandeira,J5,9
PPE,1998,Mestre-Sala e Porta-Bandeira,J4,8.5
PPE,1998,Mestre-Sala e Porta-Bandeira,J3,8.5
PPE,1998,Mestre-Sala e Porta-Bandeira,J2,8
PPE,1998,Mestre-Sala e Porta-Bandeira,J1,9
SAL,1998,Samba-Enredo,J3,9.5
SAL,1998,Samba-Enredo,J2,10
SAL,1998,Samba-Enredo,J1,9.5
SAL,1998,Harmonia,J5,9
SAL,1998,Harmonia,J4,9
SAL,1998,Harmonia,J3,9.5
SAL,1998,Harmonia,J2,9.5
SAL,1998,Harmonia,J1,9.5
SAL,1998,Mestre-Sala e Porta-Bandeira,J2,9.5
SAL,1998,Mestre-Sala e Porta-Bandeira,J3,9.5
SAL,1998,Mestre-Sala e Porta-Bandeira,J4,9.5
SAL,1998,Mestre-Sala e Porta-Bandeira,J5,9.5
SAL,1998,Comissão de Frente,J1,9
SAL,1998,Comissão de Frente,J2,9
SAL,1998,Mestre-Sala e Porta-Bandeira,J1,10
SAL,1998,Comissão de Frente,J3,10
SAL,1998,Evolução,J5,9.5
SAL,1998,Evolução,J4,10
SAL,1998,Evolução,J3,9.5
SAL,1998,Evolução,J2,9
SAL,1998,Evolução,J1,10
SAL,1998,Enredo,J5,9.5
SAL,1998,Enredo,J4,9.5
SAL,1998,Bateria,J5,10
SAL,1998,Bateria,J4,9.5
SAL,1998,Bateria,J3,10
SAL,1998,Enredo,J3,10
SAL,1998,Enredo,J2,9
SAL,1998,Enredo,J1,10
SAL,1998,Alegorias e Adereços,J5,10
SAL,1998,Alegorias e Adereços,J4,10
SAL,1998,Alegorias e Adereços,J3,10
SAL,1998,Alegorias e Adereços,J2,9
SAL,1998,Alegorias e Adereços,J1,10
SAL,1998,Fantasias,J5,10
SAL,1998,Fantasias,J4,10
SAL,1998,Fantasias,J3,10
SAL,1998,Fantasias,J2,10
SAL,1998,Fantasias,J1,9.5
SAL,1998,Comissão de Frente,J5,10
SAL,1998,Comissão de Frente,J4,9
SAL,1998,Bateria,J1,10
SAL,1998,Samba-Enredo,J5,10
SAL,1998,Samba-Enredo,J4,9
SAL,1998,Bateria,J2,10
TIJ,1998,Mestre-Sala e Porta-Bandeira,J4,9
TIJ,1998,Mestre-Sala e Porta-Bandeira,J3,9
TIJ,1998,Mestre-Sala e Porta-Bandeira,J2,9
TIJ,1998,Mestre-Sala e Porta-Bandeira,J1,9
TIJ,1998,Enredo,J4,8.5
TIJ,1998,Enredo,J3,9
TIJ,1998,Enredo,J2,8.5
TIJ,1998,Enredo,J1,8
TIJ,1998,Alegorias e Adereços,J5,9.5
TIJ,1998,Evolução,J2,8
TIJ,1998,Evolução,J3,8.5
TIJ,1998,Evolução,J4,9
TIJ,1998,Evolução,J5,10
TIJ,1998,Harmonia,J1,7.5
TIJ,1998,Harmonia,J2,9
TIJ,1998,Harmonia,J3,8.5
TIJ,1998,Harmonia,J4,8
TIJ,1998,Harmonia,J5,8
TIJ,1998,Samba-Enredo,J1,9.5
TIJ,1998,Samba-Enredo,J2,8
TIJ,1998,Samba-Enredo,J3,8.5
TIJ,1998,Samba-Enredo,J4,8
TIJ,1998,Samba-Enredo,J5,9
TIJ,1998,Bateria,J1,10
TIJ,1998,Bateria,J2,10
TIJ,1998,Bateria,J3,9
TIJ,1998,Bateria,J4,10
TIJ,1998,Alegorias e Adereços,J4,10
TIJ,1998,Alegorias e Adereços,J3,9.5
TIJ,1998,Alegorias e Adereços,J2,9
TIJ,1998,Alegorias e Adereços,J1,9
TIJ,1998,Fantasias,J5,8.5
TIJ,1998,Fantasias,J4,8
TIJ,1998,Fantasias,J3,9
TIJ,1998,Fantasias,J2,9
TIJ,1998,Fantasias,J1,8
TIJ,1998,Comissão de Frente,J5,9
TIJ,1998,Comissão de Frente,J4,8
TIJ,1998,Comissão de Frente,J3,9
TIJ,1998,Comissão de Frente,J2,9
TIJ,1998,Comissão de Frente,J1,8
TIJ,1998,Mestre-Sala e Porta-Bandeira,J5,9.5
TIJ,1998,Bateria,J5,10
TIJ,1998,Evolução,J1,9
TIJ,1998,Enredo,J5,8
TRD,1998,Alegorias e Adereços,J4,9
TRD,1998,Enredo,J1,10
TRD,1998,Alegorias e Adereços,J5,9
TRD,1998,Alegorias e Adereços,J3,9.5
TRD,1998,Alegorias e Adereços,J2,9
TRD,1998,Alegorias e Adereços,J1,7
TRD,1998,Fantasias,J5,9.5
TRD,1998,Fantasias,J4,9
TRD,1998,Fantasias,J3,8.5
TRD,1998,Fantasias,J2,9
TRD,1998,Fantasias,J1,9
TRD,1998,Comissão de Frente,J5,10
TRD,1998,Comissão de Frente,J4,10
TRD,1998,Comissão de Frente,J3,9.5
TRD,1998,Comissão de Frente,J2,10
TRD,1998,Comissão de Frente,J1,10
TRD,1998,Mestre-Sala e Porta-Bandeira,J5,10
TRD,1998,Mestre-Sala e Porta-Bandeira,J4,10
TRD,1998,Mestre-Sala e Porta-Bandeira,J3,10
TRD,1998,Mestre-Sala e Porta-Bandeira,J2,10
TRD,1998,Mestre-Sala e Porta-Bandeira,J1,10
TRD,1998,Bateria,J5,10
TRD,1998,Bateria,J4,10
TRD,1998,Bateria,J3,10
TRD,1998,Bateria,J2,10
TRD,1998,Bateria,J1,10
TRD,1998,Enredo,J2,7.5
TRD,1998,Enredo,J3,8
TRD,1998,Enredo,J4,7.5
TRD,1998,Enredo,J5,9.5
TRD,1998,Evolução,J1,8
TRD,1998,Evolução,J2,7.5
TRD,1998,Evolução,J3,9
TRD,1998,Evolução,J4,9
TRD,1998,Evolução,J5,9
TRD,1998,Harmonia,J1,7.5
TRD,1998,Harmonia,J2,7
TRD,1998,Harmonia,J3,9
TRD,1998,Harmonia,J4,9
TRD,1998,Harmonia,J5,9.5
TRD,1998,Samba-Enredo,J1,9
TRD,1998,Samba-Enredo,J2,9
TRD,1998,Samba-Enredo,J3,8.5
TRD,1998,Samba-Enredo,J4,8
TRD,1998,Samba-Enredo,J5,10
UNI,1998,Bateria,J5,10
UNI,1998,Bateria,J4,10
UNI,1998,Bateria,J3,10
UNI,1998,Bateria,J2,10
UNI,1998,Comissão de Frente,J3,9.5
UNI,1998,Bateria,J1,10
UNI,1998,Samba-Enredo,J5,9.5
UNI,1998,Samba-Enredo,J4,8.5
UNI,1998,Samba-Enredo,J3,9.5
UNI,1998,Samba-Enredo,J2,9
UNI,1998,Samba-Enredo,J1,9.5
UNI,1998,Harmonia,J5,9
UNI,1998,Harmonia,J4,8
UNI,1998,Harmonia,J3,9
UNI,1998,Harmonia,J2,9.5
UNI,1998,Harmonia,J1,10
UNI,1998,Evolução,J5,9
UNI,1998,Evolução,J4,10
UNI,1998,Evolução,J3,9
UNI,1998,Evolução,J2,8
UNI,1998,Mestre-Sala e Porta-Bandeira,J1,9
UNI,1998,Mestre-Sala e Porta-Bandeira,J2,9
UNI,1998,Mestre-Sala e Porta-Bandeira,J3,9
UNI,1998,Mestre-Sala e Porta-Bandeira,J4,9
UNI,1998,Mestre-Sala e Porta-Bandeira,J5,9.5
UNI,1998,Comissão de Frente,J1,10
UNI,1998,Evolução,J1,9
UNI,1998,Enredo,J5,10
UNI,1998,Enredo,J4,10
UNI,1998,Enredo,J3,10
UNI,1998,Enredo,J2,9
UNI,1998,Enredo,J1,10
UNI,1998,Alegorias e Adereços,J5,9
UNI,1998,Alegorias e Adereços,J4,9.5
UNI,1998,Comissão de Frente,J2,9.5
UNI,1998,Alegorias e Adereços,J3,10
UNI,1998,Alegorias e Adereços,J2,8
UNI,1998,Alegorias e Adereços,J1,9.5
UNI,1998,Fantasias,J5,10
UNI,1998,Fantasias,J4,9
UNI,1998,Fantasias,J3,9.5
UNI,1998,Fantasias,J2,10
UNI,1998,Fantasias,J1,8.5
UNI,1998,Comissão de Frente,J5,10
UNI,1998,Comissão de Frente,J4,8.5
VIR,1998,Samba-Enredo,J4,9
VIR,1998,Bateria,J5,10
VIR,1998,Bateria,J4,9.5
VIR,1998,Bateria,J3,8
VIR,1998,Bateria,J2,10
VIR,1998,Bateria,J1,10
VIR,1998,Samba-Enredo,J5,10
VIR,1998,Samba-Enredo,J3,8.5
VIR,1998,Samba-Enredo,J2,8
VIR,1998,Samba-Enredo,J1,10
VIR,1998,Harmonia,J5,10
VIR,1998,Harmonia,J4,9
VIR,1998,Harmonia,J3,9
VIR,1998,Harmonia,J2,10
VIR,1998,Harmonia,J1,10
VIR,1998,Evolução,J5,10
VIR,1998,Evolução,J4,9.5
VIR,1998,Evolução,J3,9.5
VIR,1998,Evolução,J2,10
VIR,1998,Evolução,J1,10
VIR,1998,Enredo,J5,10
VIR,1998,Enredo,J4,9
VIR,1998,Enredo,J3,9.5
VIR,1998,Enredo,J2,10
VIR,1998,Enredo,J1,10
VIR,1998,Alegorias e Adereços,J5,10
VIR,1998,Alegorias e Adereços,J4,10
VIR,1998,Alegorias e Adereços,J3,10
VIR,1998,Alegorias e Adereços,J2,10
VIR,1998,Alegorias e Adereços,J1,10
VIR,1998,Fantasias,J5,10
VIR,1998,Fantasias,J4,9.5
VIR,1998,Fantasias,J3,9
VIR,1998,Fantasias,J2,10
VIR,1998,Fantasias,J1,10
VIR,1998,Comissão de Frente,J5,10
VIR,1998,Comissão de Frente,J4,10
VIR,1998,Comissão de Frente,J3,9.5
VIR,1998,Comissão de Frente,J2,9.5
VIR,1998,Comissão de Frente,J1,10
VIR,1998,Mestre-Sala e Porta-Bandeira,J5,10
VIR,1998,Mestre-Sala e Porta-Bandeira,J4,9
VIR,1998,Mestre-Sala e Porta-Bandeira,J3,9
VIR,1998,Mestre-Sala e Porta-Bandeira,J2,10
VIR,1998,Mestre-Sala e Porta-Bandeira,J1,9.5
VIS,1998,Fantasias,J3,8.5
VIS,1998,Fantasias,J4,9
VIS,1998,Fantasias,J5,8.5
VIS,1998,Alegorias e Adereços,J1,7
VIS,1998,Alegorias e Adereços,J2,8.5
VIS,1998,Alegorias e Adereços,J3,9
VIS,1998,Alegorias e Adereços,J4,9
VIS,1998,Alegorias e Adereços,J5,9
VIS,1998,Enredo,J1,10
VIS,1998,Enredo,J2,7.5
VIS,1998,Samba-Enredo,J4,9
VIS,1998,Samba-Enredo,J3,9.5
VIS,1998,Samba-Enredo,J2,10
VIS,1998,Samba-Enredo,J1,10
VIS,1998,Harmonia,J5,8.5
VIS,1998,Mestre-Sala e Porta-Bandeira,J1,9.5
VIS,1998,Mestre-Sala e Porta-Bandeira,J2,9
VIS,1998,Harmonia,J4,8.5
VIS,1998,Mestre-Sala e Porta-Bandeira,J3,9
VIS,1998,Mestre-Sala e Porta-Bandeira,J4,9.5
VIS,1998,Mestre-Sala e Porta-Bandeira,J5,9.5
VIS,1998,Bateria,J5,7.5
VIS,1998,Bateria,J4,10
VIS,1998,Bateria,J3,10
VIS,1998,Bateria,J2,10
VIS,1998,Harmonia,J3,8.5
VIS,1998,Bateria,J1,10
VIS,1998,Harmonia,J2,9.5
VIS,1998,Harmonia,J1,8
VIS,1998,Evolução,J5,9
VIS,1998,Evolução,J4,10
VIS,1998,Evolução,J3,8.5
VIS,1998,Evolução,J2,9
VIS,1998,Evolução,J1,10
VIS,1998,Enredo,J5,8.5
VIS,1998,Enredo,J4,9
VIS,1998,Enredo,J3,8
VIS,1998,Samba-Enredo,J5,9.5
VIS,1998,Comissão de Frente,J1,9.5
VIS,1998,Comissão de Frente,J2,8.5
VIS,1998,Comissão de Frente,J3,9
VIS,1998,Comissão de Frente,J4,9.5
VIS,1998,Comissão de Frente,J5,9
VIS,1998,Fantasias,J1,9
VIS,1998,Fantasias,J2,8
BJF,1999,Samba-Enredo,J2,10
BJF,1999,Samba-Enredo,J3,10
BJF,1999,Bateria,J1,10
BJF,1999,Bateria,J2,10
BJF,1999,Bateria,J3,10
BJF,1999,Comissão de Frente,J1,10
BJF,1999,Mestre-Sala e Porta-Bandeira,J3,10
BJF,1999,Samba-Enredo,J1,10
BJF,1999,Harmonia,J3,9.5
BJF,1999,Harmonia,J2,10
BJF,1999,Harmonia,J1,10
BJF,1999,Evolução,J3,10
BJF,1999,Fantasias,J2,10
BJF,1999,Evolução,J2,9.5
BJF,1999,Fantasias,J3,10
BJF,1999,Alegorias e Adereços,J1,10
BJF,1999,Alegorias e Adereços,J2,10
BJF,1999,Alegorias e Adereços,J3,10
BJF,1999,Evolução,J1,10
BJF,1999,Enredo,J1,10
BJF,1999,Enredo,J3,10
BJF,1999,Enredo,J2,10
BJF,1999,Mestre-Sala e Porta-Bandeira,J2,10
BJF,1999,Mestre-Sala e Porta-Bandeira,J1,10
BJF,1999,Fantasias,J1,10
BJF,1999,Comissão de Frente,J3,10
BJF,1999,Comissão de Frente,J2,10
CAP,1999,Enredo,J1,8.5
CAP,1999,Harmonia,J1,9.5
CAP,1999,Harmonia,J2,10
CAP,1999,Harmonia,J3,9.5
CAP,1999,Samba-Enredo,J1,8.5
CAP,1999,Samba-Enredo,J2,10
CAP,1999,Samba-Enredo,J3,8.5
CAP,1999,Bateria,J1,10
CAP,1999,Evolução,J3,9
CAP,1999,Mestre-Sala e Porta-Bandeira,J1,9.5
CAP,1999,Mestre-Sala e Porta-Bandeira,J2,10
CAP,1999,Mestre-Sala e Porta-Bandeira,J3,10
CAP,1999,Comissão de Frente,J1,10
CAP,1999,Comissão de Frente,J2,9.5
CAP,1999,Comissão de Frente,J3,10
CAP,1999,Fantasias,J1,9.5
CAP,1999,Fantasias,J2,9
CAP,1999,Fantasias,J3,8.5
CAP,1999,Alegorias e Adereços,J1,10
CAP,1999,Alegorias e Adereços,J2,9
CAP,1999,Alegorias e Adereços,J3,9
CAP,1999,Enredo,J2,8.5
CAP,1999,Enredo,J3,9
CAP,1999,Evolução,J1,9.5
CAP,1999,Evolução,J2,9.5
CAP,1999,Bateria,J2,10
CAP,1999,Bateria,J3,9.5
GRA,1999,Samba-Enredo,J2,10
GRA,1999,Alegorias e Adereços,J2,10
GRA,1999,Alegorias e Adereços,J3,10
GRA,1999,Enredo,J1,9.5
GRA,1999,Enredo,J2,10
GRA,1999,Enredo,J3,10
GRA,1999,Evolução,J1,10
GRA,1999,Evolução,J2,10
GRA,1999,Evolução,J3,9.5
GRA,1999,Mestre-Sala e Porta-Bandeira,J1,10
GRA,1999,Fantasias,J1,10
GRA,1999,Comissão de Frente,J3,10
GRA,1999,Comissão de Frente,J2,10
GRA,1999,Comissão de Frente,J1,9
GRA,1999,Mestre-Sala e Porta-Bandeira,J3,10
GRA,1999,Mestre-Sala e Porta-Bandeira,J2,10
GRA,1999,Bateria,J3,9
GRA,1999,Bateria,J2,10
GRA,1999,Bateria,J1,10
GRA,1999,Samba-Enredo,J3,9.5
GRA,1999,Alegorias e Adereços,J1,10
GRA,1999,Samba-Enredo,J1,9
GRA,1999,Harmonia,J3,10
GRA,1999,Harmonia,J2,10
GRA,1999,Harmonia,J1,10
GRA,1999,Fantasias,J2,10
GRA,1999,Fantasias,J3,9.5
IMP,1999,Mestre-Sala e Porta-Bandeira,J3,10
IMP,1999,Comissão de Frente,J1,10
IMP,1999,Comissão de Frente,J2,10
IMP,1999,Comissão de Frente,J3,null
IMP,1999,Fantasias,J1,10
IMP,1999,Fantasias,J2,10
IMP,1999,Enredo,J2,10
IMP,1999,Enredo,J1,10
IMP,1999,Fantasias,J3,10
IMP,1999,Bateria,J3,10
IMP,1999,Bateria,J2,10
IMP,1999,Bateria,J1,10
IMP,1999,Samba-Enredo,J3,10
IMP,1999,Samba-Enredo,J2,10
IMP,1999,Samba-Enredo,J1,10
IMP,1999,Harmonia,J3,10
IMP,1999,Evolução,J1,10
IMP,1999,Harmonia,J2,10
IMP,1999,Harmonia,J1,10
IMP,1999,Evolução,J3,10
IMP,1999,Evolução,J2,10
IMP,1999,Alegorias e Adereços,J3,9.5
IMP,1999,Alegorias e Adereços,J1,10
IMP,1999,Alegorias e Adereços,J2,10
IMP,1999,Enredo,J3,10
IMP,1999,Mestre-Sala e Porta-Bandeira,J1,10
IMP,1999,Mestre-Sala e Porta-Bandeira,J2,10
ISR,1999,Enredo,J2,9
ISR,1999,Fantasias,J2,9
ISR,1999,Fantasias,J1,8.5
ISR,1999,Comissão de Frente,J3,9.5
ISR,1999,Comissão de Frente,J2,10
ISR,1999,Comissão de Frente,J1,9.5
ISR,1999,Mestre-Sala e Porta-Bandeira,J3,10
ISR,1999,Mestre-Sala e Porta-Bandeira,J2,10
ISR,1999,Mestre-Sala e Porta-Bandeira,J1,9
ISR,1999,Harmonia,J2,9.5
ISR,1999,Harmonia,J3,10
ISR,1999,Samba-Enredo,J1,10
ISR,1999,Samba-Enredo,J2,10
ISR,1999,Samba-Enredo,J3,10
ISR,1999,Bateria,J1,10
ISR,1999,Bateria,J2,10
ISR,1999,Bateria,J3,8.5
ISR,1999,Harmonia,J1,7
ISR,1999,Evolução,J3,8.5
ISR,1999,Evolução,J2,7
ISR,1999,Evolução,J1,9.5
ISR,1999,Enredo,J3,9
ISR,1999,Enredo,J1,8.5
ISR,1999,Alegorias e Adereços,J3,9
ISR,1999,Alegorias e Adereços,J2,9.5
ISR,1999,Alegorias e Adereços,J1,9
ISR,1999,Fantasias,J3,9
MAN,1999,Mestre-Sala e Porta-Bandeira,J3,9
MAN,1999,Harmonia,J2,9.5
MAN,1999,Harmonia,J1,10
MAN,1999,Evolução,J3,9.5
MAN,1999,Evolução,J2,9.5
MAN,1999,Evolução,J1,9.5
MAN,1999,Enredo,J3,10
MAN,1999,Enredo,J2,10
MAN,1999,Enredo,J1,10
MAN,1999,Alegorias e Adereços,J3,9.5
MAN,1999,Alegorias e Adereços,J2,9.5
MAN,1999,Alegorias e Adereços,J1,9.5
MAN,1999,Fantasias,J3,10
MAN,1999,Fantasias,J2,9.5
MAN,1999,Fantasias,J1,10
MAN,1999,Comissão de Frente,J3,10
MAN,1999,Comissão de Frente,J2,10
MAN,1999,Comissão de Frente,J1,10
MAN,1999,Bateria,J3,10
MAN,1999,Bateria,J2,10
MAN,1999,Bateria,J1,10
MAN,1999,Samba-Enredo,J3,10
MAN,1999,Samba-Enredo,J2,10
MAN,1999,Samba-Enredo,J1,10
MAN,1999,Harmonia,J3,10
MAN,1999,Mestre-Sala e Porta-Bandeira,J1,9.5
MAN,1999,Mestre-Sala e Porta-Bandeira,J2,9.5
MOC,1999,Mestre-Sala e Porta-Bandeira,J1,9.5
MOC,1999,Mestre-Sala e Porta-Bandeira,J3,10
MOC,1999,Harmonia,J3,10
MOC,1999,Harmonia,J1,10
MOC,1999,Enredo,J2,10
MOC,1999,Enredo,J3,10
MOC,1999,Evolução,J1,7.5
MOC,1999,Comissão de Frente,J1,10
MOC,1999,Comissão de Frente,J2,10
MOC,1999,Samba-Enredo,J1,10
MOC,1999,Samba-Enredo,J2,10
MOC,1999,Samba-Enredo,J3,10
MOC,1999,Bateria,J1,10
MOC,1999,Evolução,J2,10
MOC,1999,Evolução,J3,10
MOC,1999,Harmonia,J2,10
MOC,1999,Bateria,J2,10
MOC,1999,Bateria,J3,9.5
MOC,1999,Comissão de Frente,J3,10
MOC,1999,Fantasias,J1,10
MOC,1999,Fantasias,J2,10
MOC,1999,Fantasias,J3,10
MOC,1999,Alegorias e Adereços,J1,10
MOC,1999,Alegorias e Adereços,J2,10
MOC,1999,Alegorias e Adereços,J3,10
MOC,1999,Enredo,J1,10
MOC,1999,Mestre-Sala e Porta-Bandeira,J2,10
POR,1999,Evolução,J1,9.5
POR,1999,Enredo,J3,9
POR,1999,Alegorias e Adereços,J3,9.5
POR,1999,Bateria,J3,10
POR,1999,Bateria,J2,10
POR,1999,Bateria,J1,10
POR,1999,Enredo,J1,9
POR,1999,Enredo,J2,10
POR,1999,Samba-Enredo,J3,9.5
POR,1999,Mestre-Sala e Porta-Bandeira,J1,9
POR,1999,Mestre-Sala e Porta-Bandeira,J2,9.5
POR,1999,Mestre-Sala e Porta-Bandeira,J3,9
POR,1999,Comissão de Frente,J1,9.5
POR,1999,Comissão de Frente,J2,10
POR,1999,Comissão de Frente,J3,10
POR,1999,Fantasias,J1,9.5
POR,1999,Fantasias,J2,10
POR,1999,Fantasias,J3,9.5
POR,1999,Alegorias e Adereços,J1,9.5
POR,1999,Alegorias e Adereços,J2,9.5
POR,1999,Samba-Enredo,J2,10
POR,1999,Samba-Enredo,J1,9.5
POR,1999,Harmonia,J3,9
POR,1999,Harmonia,J2,9.5
POR,1999,Harmonia,J1,8
POR,1999,Evolução,J3,10
POR,1999,Evolução,J2,8.5
SAL,1999,Fantasias,J3,9.5
SAL,1999,Alegorias e Adereços,J2,10
SAL,1999,Alegorias e Adereços,J3,9.5
SAL,1999,Enredo,J1,10
SAL,1999,Enredo,J2,10
SAL,1999,Enredo,J3,10
SAL,1999,Evolução,J1,9.5
SAL,1999,Evolução,J2,10
SAL,1999,Evolução,J3,10
SAL,1999,Harmonia,J1,9.5
SAL,1999,Harmonia,J2,10
SAL,1999,Harmonia,J3,9.5
SAL,1999,Samba-Enredo,J1,10
SAL,1999,Samba-Enredo,J2,10
SAL,1999,Samba-Enredo,J3,10
SAL,1999,Bateria,J1,10
SAL,1999,Bateria,J2,10
SAL,1999,Bateria,J3,10
SAL,1999,Comissão de Frente,J1,10
SAL,1999,Mestre-Sala e Porta-Bandeira,J3,9
SAL,1999,Mestre-Sala e Porta-Bandeira,J2,10
SAL,1999,Mestre-Sala e Porta-Bandeira,J1,9.5
SAL,1999,Comissão de Frente,J2,9.5
SAL,1999,Comissão de Frente,J3,10
SAL,1999,Fantasias,J1,9.5
SAL,1999,Fantasias,J2,10
SAL,1999,Alegorias e Adereços,J1,10
SCL,1999,Enredo,J2,8.5
SCL,1999,Fantasias,J1,8
SCL,1999,Comissão de Frente,J3,10
SCL,1999,Comissão de Frente,J2,9
SCL,1999,Comissão de Frente,J1,9.5
SCL,1999,Mestre-Sala e Porta-Bandeira,J3,8.5
SCL,1999,Mestre-Sala e Porta-Bandeira,J2,8.5
SCL,1999,Mestre-Sala e Porta-Bandeira,J1,8.5
SCL,1999,Bateria,J3,8.5
SCL,1999,Bateria,J2,9
SCL,1999,Bateria,J1,9
SCL,1999,Evolução,J3,8.5
SCL,1999,Samba-Enredo,J3,8
SCL,1999,Harmonia,J1,7.5
SCL,1999,Harmonia,J2,9.5
SCL,1999,Harmonia,J3,8.5
SCL,1999,Samba-Enredo,J1,8
SCL,1999,Samba-Enredo,J2,10
SCL,1999,Evolução,J2,7.5
SCL,1999,Enredo,J3,8.5
SCL,1999,Evolução,J1,9
SCL,1999,Fantasias,J2,9
SCL,1999,Fantasias,J3,8
SCL,1999,Alegorias e Adereços,J1,9
SCL,1999,Alegorias e Adereços,J2,8.5
SCL,1999,Alegorias e Adereços,J3,8.5
SCL,1999,Enredo,J1,8.5
TRD,1999,Mestre-Sala e Porta-Bandeira,J1,10
TRD,1999,Fantasias,J2,9
TRD,1999,Fantasias,J3,9.5
TRD,1999,Alegorias e Adereços,J1,9
TRD,1999,Alegorias e Adereços,J2,8.5
TRD,1999,Alegorias e Adereços,J3,9.5
TRD,1999,Enredo,J1,9
TRD,1999,Enredo,J2,8.5
TRD,1999,Enredo,J3,9
TRD,1999,Evolução,J1,9.5
TRD,1999,Evolução,J2,7.5
TRD,1999,Evolução,J3,9
TRD,1999,Harmonia,J1,9
TRD,1999,Harmonia,J2,9.5
TRD,1999,Harmonia,J3,9.5
TRD,1999,Samba-Enredo,J1,9
TRD,1999,Samba-Enredo,J2,9.5
TRD,1999,Samba-Enredo,J3,8.5
TRD,1999,Bateria,J1,10
TRD,1999,Bateria,J2,9.5
TRD,1999,Bateria,J3,10
TRD,1999,Comissão de Frente,J1,10
TRD,1999,Mestre-Sala e Porta-Bandeira,J3,8.5
TRD,1999,Mestre-Sala e Porta-Bandeira,J2,10
TRD,1999,Fantasias,J1,9
TRD,1999,Comissão de Frente,J3,10
TRD,1999,Comissão de Frente,J2,10
UNI,1999,Harmonia,J3,10
UNI,1999,Samba-Enredo,J1,8.5
UNI,1999,Mestre-Sala e Porta-Bandeira,J1,9.5
UNI,1999,Mestre-Sala e Porta-Bandeira,J2,9
UNI,1999,Mestre-Sala e Porta-Bandeira,J3,10
UNI,1999,Comissão de Frente,J1,9
UNI,1999,Comissão de Frente,J2,10
UNI,1999,Comissão de Frente,J3,10
UNI,1999,Fantasias,J1,9.5
UNI,1999,Fantasias,J2,10
UNI,1999,Fantasias,J3,9
UNI,1999,Alegorias e Adereços,J1,9.5
UNI,1999,Alegorias e Adereços,J2,9
UNI,1999,Alegorias e Adereços,J3,9
UNI,1999,Enredo,J1,9
UNI,1999,Enredo,J2,9
UNI,1999,Enredo,J3,9.5
UNI,1999,Evolução,J1,9.5
UNI,1999,Evolução,J2,8
UNI,1999,Evolução,J3,9
UNI,1999,Harmonia,J1,9
UNI,1999,Harmonia,J2,9.5
UNI,1999,Bateria,J3,9
UNI,1999,Bateria,J2,10
UNI,1999,Bateria,J1,10
UNI,1999,Samba-Enredo,J3,9.5
UNI,1999,Samba-Enredo,J2,10
VIR,1999,Harmonia,J2,10
VIR,1999,Harmonia,J1,9.5
VIR,1999,Evolução,J3,10
VIR,1999,Alegorias e Adereços,J1,10
VIR,1999,Fantasias,J3,10
VIR,1999,Fantasias,J2,9.5
VIR,1999,Mestre-Sala e Porta-Bandeira,J2,10
VIR,1999,Mestre-Sala e Porta-Bandeira,J3,10
VIR,1999,Comissão de Frente,J1,9.5
VIR,1999,Comissão de Frente,J2,10
VIR,1999,Comissão de Frente,J3,10
VIR,1999,Fantasias,J1,10
VIR,1999,Bateria,J3,10
VIR,1999,Mestre-Sala e Porta-Bandeira,J1,9.5
VIR,1999,Evolução,J2,10
VIR,1999,Evolução,J1,10
VIR,1999,Enredo,J3,10
VIR,1999,Enredo,J2,9.5
VIR,1999,Enredo,J1,10
VIR,1999,Alegorias e Adereços,J3,10
VIR,1999,Alegorias e Adereços,J2,10
VIR,1999,Bateria,J2,10
VIR,1999,Bateria,J1,10
VIR,1999,Samba-Enredo,J3,10
VIR,1999,Samba-Enredo,J2,10
VIR,1999,Samba-Enredo,J1,10
VIR,1999,Harmonia,J3,10
VIS,1999,Comissão de Frente,J3,10
VIS,1999,Comissão de Frente,J2,9.5
VIS,1999,Bateria,J3,10
VIS,1999,Bateria,J2,9.5
VIS,1999,Bateria,J1,10
VIS,1999,Samba-Enredo,J3,9
VIS,1999,Comissão de Frente,J1,9.5
VIS,1999,Mestre-Sala e Porta-Bandeira,J3,9
VIS,1999,Mestre-Sala e Porta-Bandeira,J2,9.5
VIS,1999,Mestre-Sala e Porta-Bandeira,J1,9
VIS,1999,Samba-Enredo,J2,10
VIS,1999,Samba-Enredo,J1,9.5
VIS,1999,Harmonia,J3,10
VIS,1999,Harmonia,J2,9.5
VIS,1999,Harmonia,J1,9
VIS,1999,Evolução,J3,9
VIS,1999,Evolução,J2,7.5
VIS,1999,Evolução,J1,9
VIS,1999,Enredo,J3,9.5
VIS,1999,Enredo,J2,9.5
VIS,1999,Enredo,J1,9
VIS,1999,Alegorias e Adereços,J3,9
VIS,1999,Alegorias e Adereços,J2,8.5
VIS,1999,Alegorias e Adereços,J1,9.5
VIS,1999,Fantasias,J3,9
VIS,1999,Fantasias,J2,9
VIS,1999,Fantasias,J1,10
BJF,2000,Comissão de Frente,J3,10
BJF,2000,Enredo,J2,10
BJF,2000,Enredo,J1,10
BJF,2000,Conjunto,J3,10
BJF,2000,Conjunto,J2,10
BJF,2000,Conjunto,J1,9.5
BJF,2000,Alegorias e Adereços,J3,10
BJF,2000,Alegorias e Adereços,J2,10
BJF,2000,Alegorias e Adereços,J1,10
BJF,2000,Fantasias,J3,10
BJF,2000,Fantasias,J2,10
BJF,2000,Fantasias,J1,10
BJF,2000,Comissão de Frente,J2,10
BJF,2000,Comissão de Frente,J1,10
BJF,2000,Mestre-Sala e Porta-Bandeira,J3,10
BJF,2000,Mestre-Sala e Porta-Bandeira,J2,9.5
BJF,2000,Mestre-Sala e Porta-Bandeira,J1,10
BJF,2000,Enredo,J3,10
BJF,2000,Evolução,J1,10
BJF,2000,Evolução,J2,10
BJF,2000,Evolução,J3,10
BJF,2000,Harmonia,J1,10
BJF,2000,Harmonia,J2,10
BJF,2000,Harmonia,J3,10
BJF,2000,Samba-Enredo,J1,10
BJF,2000,Samba-Enredo,J2,10
BJF,2000,Samba-Enredo,J3,10
BJF,2000,Bateria,J1,10
BJF,2000,Bateria,J2,10
BJF,2000,Bateria,J3,10
CAP,2000,Samba-Enredo,J3,8.5
CAP,2000,Samba-Enredo,J1,9
CAP,2000,Harmonia,J3,9
CAP,2000,Harmonia,J2,9.5
CAP,2000,Harmonia,J1,9
CAP,2000,Evolução,J3,9
CAP,2000,Evolução,J2,10
CAP,2000,Evolução,J1,9.5
CAP,2000,Enredo,J3,8.5
CAP,2000,Enredo,J2,9
CAP,2000,Enredo,J1,9
CAP,2000,Conjunto,J3,8.5
CAP,2000,Conjunto,J2,9.5
CAP,2000,Conjunto,J1,10
CAP,2000,Alegorias e Adereços,J3,9.5
CAP,2000,Alegorias e Adereços,J2,9
CAP,2000,Alegorias e Adereços,J1,8
CAP,2000,Fantasias,J3,9.5
CAP,2000,Fantasias,J2,9.5
CAP,2000,Fantasias,J1,8.5
CAP,2000,Comissão de Frente,J3,9
CAP,2000,Comissão de Frente,J2,9
CAP,2000,Comissão de Frente,J1,9
CAP,2000,Mestre-Sala e Porta-Bandeira,J3,9.5
CAP,2000,Mestre-Sala e Porta-Bandeira,J2,10
CAP,2000,Mestre-Sala e Porta-Bandeira,J1,10
CAP,2000,Samba-Enredo,J2,8.5
CAP,2000,Bateria,J3,10
CAP,2000,Bateria,J2,9.5
CAP,2000,Bateria,J1,9.5
GRA,2000,Harmonia,J1,10
GRA,2000,Alegorias e Adereços,J3,10
GRA,2000,Harmonia,J2,9.5
GRA,2000,Fantasias,J1,8.5
GRA,2000,Comissão de Frente,J3,9.5
GRA,2000,Comissão de Frente,J2,10
GRA,2000,Comissão de Frente,J1,9.5
GRA,2000,Mestre-Sala e Porta-Bandeira,J3,9
GRA,2000,Mestre-Sala e Porta-Bandeira,J2,9
GRA,2000,Conjunto,J1,10
GRA,2000,Conjunto,J2,9
GRA,2000,Conjunto,J3,9
GRA,2000,Bateria,J3,10
GRA,2000,Bateria,J2,10
GRA,2000,Bateria,J1,10
GRA,2000,Samba-Enredo,J3,9.5
GRA,2000,Samba-Enredo,J2,9.5
GRA,2000,Samba-Enredo,J1,9.5
GRA,2000,Harmonia,J3,9
GRA,2000,Alegorias e Adereços,J2,9.5
GRA,2000,Alegorias e Adereços,J1,9.5
GRA,2000,Fantasias,J3,9.5
GRA,2000,Fantasias,J2,9.5
GRA,2000,Enredo,J1,9.5
GRA,2000,Enredo,J2,10
GRA,2000,Enredo,J3,9.5
GRA,2000,Mestre-Sala e Porta-Bandeira,J1,9
GRA,2000,Evolução,J1,9.5
GRA,2000,Evolução,J2,9
GRA,2000,Evolução,J3,9
IMP,2000,Bateria,J2,10
IMP,2000,Mestre-Sala e Porta-Bandeira,J1,10
IMP,2000,Mestre-Sala e Porta-Bandeira,J2,9.5
IMP,2000,Mestre-Sala e Porta-Bandeira,J3,10
IMP,2000,Comissão de Frente,J1,10
IMP,2000,Comissão de Frente,J2,10
IMP,2000,Comissão de Frente,J3,10
IMP,2000,Fantasias,J1,10
IMP,2000,Fantasias,J2,10
IMP,2000,Fantasias,J3,10
IMP,2000,Alegorias e Adereços,J1,10
IMP,2000,Alegorias e Adereços,J2,10
IMP,2000,Alegorias e Adereços,J3,10
IMP,2000,Conjunto,J1,10
IMP,2000,Conjunto,J2,10
IMP,2000,Conjunto,J3,10
IMP,2000,Enredo,J1,10
IMP,2000,Enredo,J2,10
IMP,2000,Enredo,J3,10
IMP,2000,Evolução,J1,10
IMP,2000,Evolução,J2,10
IMP,2000,Evolução,J3,10
IMP,2000,Harmonia,J1,10
IMP,2000,Harmonia,J2,10
IMP,2000,Harmonia,J3,10
IMP,2000,Samba-Enredo,J1,10
IMP,2000,Samba-Enredo,J2,10
IMP,2000,Samba-Enredo,J3,10
IMP,2000,Bateria,J1,10
IMP,2000,Bateria,J3,10
MAN,2000,Alegorias e Adereços,J3,10
MAN,2000,Evolução,J1,9
MAN,2000,Evolução,J2,9
MAN,2000,Evolução,J3,10
MAN,2000,Harmonia,J1,9
MAN,2000,Harmonia,J2,9.5
MAN,2000,Harmonia,J3,10
MAN,2000,Samba-Enredo,J1,10
MAN,2000,Mestre-Sala e Porta-Bandeira,J1,10
MAN,2000,Mestre-Sala e Porta-Bandeira,J2,9.5
MAN,2000,Mestre-Sala e Porta-Bandeira,J3,10
MAN,2000,Comissão de Frente,J1,10
MAN,2000,Comissão de Frente,J2,10
MAN,2000,Comissão de Frente,J3,10
MAN,2000,Conjunto,J1,9
MAN,2000,Conjunto,J2,10
MAN,2000,Conjunto,J3,9.5
MAN,2000,Enredo,J1,10
MAN,2000,Enredo,J2,9.5
MAN,2000,Enredo,J3,9
MAN,2000,Samba-Enredo,J2,10
MAN,2000,Samba-Enredo,J3,10
MAN,2000,Bateria,J1,10
MAN,2000,Bateria,J2,9.5
MAN,2000,Bateria,J3,9.5
MAN,2000,Fantasias,J1,9
MAN,2000,Fantasias,J2,10
MAN,2000,Fantasias,J3,10
MAN,2000,Alegorias e Adereços,J1,8
MAN,2000,Alegorias e Adereços,J2,10
MOC,2000,Harmonia,J3,10
MOC,2000,Fantasias,J1,10
MOC,2000,Comissão de Frente,J3,10
MOC,2000,Comissão de Frente,J2,10
MOC,2000,Comissão de Frente,J1,10
MOC,2000,Mestre-Sala e Porta-Bandeira,J3,9.5
MOC,2000,Mestre-Sala e Porta-Bandeira,J2,10
MOC,2000,Mestre-Sala e Porta-Bandeira,J1,10
MOC,2000,Bateria,J3,10
MOC,2000,Bateria,J2,10
MOC,2000,Bateria,J1,10
MOC,2000,Samba-Enredo,J2,10
MOC,2000,Samba-Enredo,J3,9.5
MOC,2000,Alegorias e Adereços,J3,10
MOC,2000,Alegorias e Adereços,J2,10
MOC,2000,Alegorias e Adereços,J1,9.5
MOC,2000,Fantasias,J3,10
MOC,2000,Fantasias,J2,10
MOC,2000,Conjunto,J1,10
MOC,2000,Conjunto,J2,10
MOC,2000,Conjunto,J3,10
MOC,2000,Enredo,J1,10
MOC,2000,Enredo,J2,10
MOC,2000,Enredo,J3,9.5
MOC,2000,Evolução,J1,10
MOC,2000,Evolução,J2,10
MOC,2000,Evolução,J3,10
MOC,2000,Harmonia,J1,10
MOC,2000,Harmonia,J2,9.5
MOC,2000,Samba-Enredo,J1,10
POR,2000,Evolução,J1,9.5
POR,2000,Bateria,J3,10
POR,2000,Bateria,J2,10
POR,2000,Bateria,J1,10
POR,2000,Samba-Enredo,J3,8.5
POR,2000,Samba-Enredo,J2,10
POR,2000,Samba-Enredo,J1,10
POR,2000,Harmonia,J3,8.5
POR,2000,Harmonia,J2,9.5
POR,2000,Harmonia,J1,9
POR,2000,Evolução,J3,9
POR,2000,Evolução,J2,9.5
POR,2000,Enredo,J3,9.5
POR,2000,Enredo,J2,8.5
POR,2000,Enredo,J1,10
POR,2000,Conjunto,J3,9
POR,2000,Conjunto,J2,9
POR,2000,Conjunto,J1,9
POR,2000,Alegorias e Adereços,J3,8.5
POR,2000,Alegorias e Adereços,J2,9
POR,2000,Alegorias e Adereços,J1,8
POR,2000,Fantasias,J3,9
POR,2000,Fantasias,J2,9
POR,2000,Fantasias,J1,8
POR,2000,Comissão de Frente,J3,9
POR,2000,Comissão de Frente,J2,10
POR,2000,Comissão de Frente,J1,9
POR,2000,Mestre-Sala e Porta-Bandeira,J3,9.5
POR,2000,Mestre-Sala e Porta-Bandeira,J2,9.5
POR,2000,Mestre-Sala e Porta-Bandeira,J1,9
PPE,2000,Conjunto,J3,9
PPE,2000,Enredo,J1,8.5
PPE,2000,Enredo,J2,9
PPE,2000,Enredo,J3,8.5
PPE,2000,Evolução,J1,9
PPE,2000,Evolução,J2,9.5
PPE,2000,Evolução,J3,9
PPE,2000,Harmonia,J1,9
PPE,2000,Harmonia,J2,9.5
PPE,2000,Harmonia,J3,8.5
PPE,2000,Samba-Enredo,J1,8
PPE,2000,Samba-Enredo,J2,8.5
PPE,2000,Mestre-Sala e Porta-Bandeira,J1,9
PPE,2000,Mestre-Sala e Porta-Bandeira,J2,8.5
PPE,2000,Mestre-Sala e Porta-Bandeira,J3,9
PPE,2000,Comissão de Frente,J1,9.5
PPE,2000,Comissão de Frente,J2,9.5
PPE,2000,Comissão de Frente,J3,9
PPE,2000,Fantasias,J1,8
PPE,2000,Samba-Enredo,J3,9
PPE,2000,Bateria,J1,9
PPE,2000,Bateria,J2,9
PPE,2000,Bateria,J3,9
PPE,2000,Fantasias,J2,9
PPE,2000,Fantasias,J3,9.5
PPE,2000,Alegorias e Adereços,J1,8
PPE,2000,Alegorias e Adereços,J2,9
PPE,2000,Alegorias e Adereços,J3,10
PPE,2000,Conjunto,J1,10
PPE,2000,Conjunto,J2,8.5
SAL,2000,Alegorias e Adereços,J2,9.5
SAL,2000,Conjunto,J1,10
SAL,2000,Conjunto,J2,10
SAL,2000,Conjunto,J3,9.5
SAL,2000,Enredo,J1,10
SAL,2000,Enredo,J2,9
SAL,2000,Enredo,J3,10
SAL,2000,Evolução,J1,10
SAL,2000,Evolução,J2,10
SAL,2000,Evolução,J3,9.5
SAL,2000,Harmonia,J1,10
SAL,2000,Harmonia,J2,10
SAL,2000,Comissão de Frente,J1,10
SAL,2000,Mestre-Sala e Porta-Bandeira,J3,9.5
SAL,2000,Mestre-Sala e Porta-Bandeira,J2,9.5
SAL,2000,Mestre-Sala e Porta-Bandeira,J1,9
SAL,2000,Harmonia,J3,9
SAL,2000,Samba-Enredo,J1,9.5
SAL,2000,Samba-Enredo,J2,9.5
SAL,2000,Samba-Enredo,J3,9.5
SAL,2000,Bateria,J1,10
SAL,2000,Bateria,J2,10
SAL,2000,Bateria,J3,10
SAL,2000,Comissão de Frente,J2,9.5
SAL,2000,Comissão de Frente,J3,10
SAL,2000,Fantasias,J1,9.5
SAL,2000,Fantasias,J2,9.5
SAL,2000,Fantasias,J3,10
SAL,2000,Alegorias e Adereços,J1,8.5
SAL,2000,Alegorias e Adereços,J3,10
TIJ,2000,Samba-Enredo,J3,9.5
TIJ,2000,Bateria,J1,9.5
TIJ,2000,Bateria,J2,9.5
TIJ,2000,Bateria,J3,10
TIJ,2000,Evolução,J2,10
TIJ,2000,Evolução,J3,10
TIJ,2000,Harmonia,J1,10
TIJ,2000,Harmonia,J2,10
TIJ,2000,Alegorias e Adereços,J2,9.5
TIJ,2000,Alegorias e Adereços,J1,9
TIJ,2000,Fantasias,J3,10
TIJ,2000,Fantasias,J2,9.5
TIJ,2000,Fantasias,J1,10
TIJ,2000,Comissão de Frente,J3,10
TIJ,2000,Comissão de Frente,J2,10
TIJ,2000,Comissão de Frente,J1,10
TIJ,2000,Mestre-Sala e Porta-Bandeira,J3,10
TIJ,2000,Mestre-Sala e Porta-Bandeira,J2,10
TIJ,2000,Mestre-Sala e Porta-Bandeira,J1,10
TIJ,2000,Harmonia,J3,9.5
TIJ,2000,Samba-Enredo,J1,10
TIJ,2000,Samba-Enredo,J2,10
TIJ,2000,Evolução,J1,9.5
TIJ,2000,Alegorias e Adereços,J3,10
TIJ,2000,Conjunto,J1,10
TIJ,2000,Conjunto,J2,10
TIJ,2000,Conjunto,J3,9
TIJ,2000,Enredo,J1,9
TIJ,2000,Enredo,J2,10
TIJ,2000,Enredo,J3,9.5
TRD,2000,Bateria,J2,9
TRD,2000,Alegorias e Adereços,J1,8.5
TRD,2000,Fantasias,J3,9
TRD,2000,Fantasias,J2,10
TRD,2000,Fantasias,J1,9.5
TRD,2000,Comissão de Frente,J3,9
TRD,2000,Comissão de Frente,J2,9.5
TRD,2000,Comissão de Frente,J1,9
TRD,2000,Mestre-Sala e Porta-Bandeira,J3,10
TRD,2000,Mestre-Sala e Porta-Bandeira,J2,10
TRD,2000,Mestre-Sala e Porta-Bandeira,J1,10
TRD,2000,Enredo,J1,9
TRD,2000,Bateria,J3,9.5
TRD,2000,Alegorias e Adereços,J2,9.5
TRD,2000,Alegorias e Adereços,J3,9
TRD,2000,Conjunto,J1,9
TRD,2000,Conjunto,J2,8.5
TRD,2000,Conjunto,J3,9
TRD,2000,Enredo,J2,10
TRD,2000,Enredo,J3,9
TRD,2000,Evolução,J1,9
TRD,2000,Evolução,J2,9.5
TRD,2000,Evolução,J3,8.5
TRD,2000,Harmonia,J1,9
TRD,2000,Harmonia,J2,9.5
TRD,2000,Harmonia,J3,7.5
TRD,2000,Samba-Enredo,J1,9
TRD,2000,Samba-Enredo,J2,8
TRD,2000,Samba-Enredo,J3,9.5
TRD,2000,Bateria,J1,9
UNI,2000,Fantasias,J1,9
UNI,2000,Mestre-Sala e Porta-Bandeira,J1,10
UNI,2000,Mestre-Sala e Porta-Bandeira,J2,10
UNI,2000,Mestre-Sala e Porta-Bandeira,J3,10
UNI,2000,Comissão de Frente,J1,9.5
UNI,2000,Comissão de Frente,J2,10
UNI,2000,Comissão de Frente,J3,9
UNI,2000,Fantasias,J2,9
UNI,2000,Fantasias,J3,9.5
UNI,2000,Alegorias e Adereços,J1,8
UNI,2000,Alegorias e Adereços,J2,9.5
UNI,2000,Alegorias e Adereços,J3,9.5
UNI,2000,Conjunto,J1,9.5
UNI,2000,Conjunto,J2,10
UNI,2000,Conjunto,J3,9
UNI,2000,Enredo,J1,10
UNI,2000,Enredo,J2,9.5
UNI,2000,Enredo,J3,9.5
UNI,2000,Evolução,J1,10
UNI,2000,Evolução,J2,10
UNI,2000,Evolução,J3,10
UNI,2000,Harmonia,J1,10
UNI,2000,Harmonia,J2,10
UNI,2000,Harmonia,J3,10
UNI,2000,Samba-Enredo,J1,9
UNI,2000,Samba-Enredo,J2,8.5
UNI,2000,Samba-Enredo,J3,8.5
UNI,2000,Bateria,J1,10
UNI,2000,Bateria,J2,10
UNI,2000,Bateria,J3,10
VIR,2000,Bateria,J3,10
VIR,2000,Samba-Enredo,J2,10
VIR,2000,Samba-Enredo,J3,10
VIR,2000,Comissão de Frente,J2,10
VIR,2000,Comissão de Frente,J1,10
VIR,2000,Mestre-Sala e Porta-Bandeira,J3,9
VIR,2000,Mestre-Sala e Porta-Bandeira,J2,10
VIR,2000,Samba-Enredo,J1,10
VIR,2000,Mestre-Sala e Porta-Bandeira,J1,10
VIR,2000,Bateria,J1,10
VIR,2000,Bateria,J2,10
VIR,2000,Comissão de Frente,J3,10
VIR,2000,Fantasias,J1,10
VIR,2000,Fantasias,J2,9.5
VIR,2000,Fantasias,J3,10
VIR,2000,Alegorias e Adereços,J1,9.5
VIR,2000,Alegorias e Adereços,J2,10
VIR,2000,Alegorias e Adereços,J3,10
VIR,2000,Conjunto,J1,10
VIR,2000,Conjunto,J2,10
VIR,2000,Conjunto,J3,10
VIR,2000,Enredo,J1,10
VIR,2000,Enredo,J2,10
VIR,2000,Enredo,J3,10
VIR,2000,Evolução,J1,10
VIR,2000,Evolução,J2,10
VIR,2000,Evolução,J3,10
VIR,2000,Harmonia,J1,10
VIR,2000,Harmonia,J2,10
VIR,2000,Harmonia,J3,10
VIS,2000,Enredo,J2,9
VIS,2000,Alegorias e Adereços,J2,9.5
VIS,2000,Alegorias e Adereços,J3,8.5
VIS,2000,Conjunto,J1,9
VIS,2000,Fantasias,J2,9.5
VIS,2000,Fantasias,J1,9
VIS,2000,Comissão de Frente,J3,10
VIS,2000,Comissão de Frente,J2,10
VIS,2000,Comissão de Frente,J1,9
VIS,2000,Mestre-Sala e Porta-Bandeira,J3,9
VIS,2000,Mestre-Sala e Porta-Bandeira,J2,7
VIS,2000,Bateria,J3,10
VIS,2000,Bateria,J2,9.5
VIS,2000,Bateria,J1,10
VIS,2000,Samba-Enredo,J3,9
VIS,2000,Samba-Enredo,J2,10
VIS,2000,Samba-Enredo,J1,10
VIS,2000,Mestre-Sala e Porta-Bandeira,J1,8
VIS,2000,Alegorias e Adereços,J1,7
VIS,2000,Fantasias,J3,9
VIS,2000,Harmonia,J3,8
VIS,2000,Harmonia,J2,9.5
VIS,2000,Harmonia,J1,9
VIS,2000,Evolução,J3,9
VIS,2000,Evolução,J2,10
VIS,2000,Evolução,J1,9.5
VIS,2000,Enredo,J3,9
VIS,2000,Enredo,J1,8.5
VIS,2000,Conjunto,J3,9
VIS,2000,Conjunto,J2,8.5
BJF,2001,Pen.,Pen.,0
BJF,2001,Harmonia,J2,10
BJF,2001,Harmonia,J3,10
BJF,2001,Samba-Enredo,J1,10
BJF,2001,Samba-Enredo,J2,10
BJF,2001,Samba-Enredo,J3,10
BJF,2001,Bateria,J1,10
BJF,2001,Bateria,J2,10
BJF,2001,Bateria,J3,10
BJF,2001,Harmonia,J1,10
BJF,2001,Evolução,J3,10
BJF,2001,Evolução,J2,10
BJF,2001,Evolução,J1,10
BJF,2001,Enredo,J3,10
BJF,2001,Enredo,J2,10
BJF,2001,Enredo,J1,10
BJF,2001,Conjunto,J3,10
BJF,2001,Conjunto,J2,10
BJF,2001,Conjunto,J1,10
BJF,2001,Alegorias e Adereços,J3,10
BJF,2001,Alegorias e Adereços,J2,10
BJF,2001,Alegorias e Adereços,J1,9.5
BJF,2001,Fantasias,J3,10
BJF,2001,Fantasias,J2,10
BJF,2001,Fantasias,J1,10
BJF,2001,Comissão de Frente,J3,10
BJF,2001,Comissão de Frente,J2,10
BJF,2001,Comissão de Frente,J1,10
BJF,2001,Mestre-Sala e Porta-Bandeira,J3,10
BJF,2001,Mestre-Sala e Porta-Bandeira,J2,10
BJF,2001,Mestre-Sala e Porta-Bandeira,J1,10
CAP,2001,Pen.,Pen.,0
CAP,2001,Evolução,J3,8
CAP,2001,Evolução,J2,9.5
CAP,2001,Evolução,J1,10
CAP,2001,Harmonia,J2,8.5
CAP,2001,Harmonia,J3,10
CAP,2001,Samba-Enredo,J1,9.5
CAP,2001,Samba-Enredo,J2,9
CAP,2001,Enredo,J3,9.5
CAP,2001,Enredo,J2,9
CAP,2001,Enredo,J1,10
CAP,2001,Conjunto,J3,9
CAP,2001,Conjunto,J2,10
CAP,2001,Conjunto,J1,8
CAP,2001,Alegorias e Adereços,J3,10
CAP,2001,Alegorias e Adereços,J2,10
CAP,2001,Alegorias e Adereços,J1,8.5
CAP,2001,Fantasias,J2,9.5
CAP,2001,Fantasias,J1,9
CAP,2001,Comissão de Frente,J3,10
CAP,2001,Comissão de Frente,J2,10
CAP,2001,Comissão de Frente,J1,9.5
CAP,2001,Mestre-Sala e Porta-Bandeira,J3,8.5
CAP,2001,Mestre-Sala e Porta-Bandeira,J2,9
CAP,2001,Mestre-Sala e Porta-Bandeira,J1,9.5
CAP,2001,Fantasias,J3,9
CAP,2001,Samba-Enredo,J3,10
CAP,2001,Harmonia,J1,8
CAP,2001,Bateria,J1,10
CAP,2001,Bateria,J2,9
CAP,2001,Bateria,J3,9.5
GRA,2001,Alegorias e Adereços,J3,10
GRA,2001,Mestre-Sala e Porta-Bandeira,J1,9
GRA,2001,Mestre-Sala e Porta-Bandeira,J2,10
GRA,2001,Mestre-Sala e Porta-Bandeira,J3,9
GRA,2001,Comissão de Frente,J1,10
GRA,2001,Comissão de Frente,J2,10
GRA,2001,Comissão de Frente,J3,10
GRA,2001,Fantasias,J1,10
GRA,2001,Fantasias,J2,10
GRA,2001,Fantasias,J3,10
GRA,2001,Alegorias e Adereços,J1,9
GRA,2001,Alegorias e Adereços,J2,8
GRA,2001,Conjunto,J1,9.5
GRA,2001,Conjunto,J2,9.5
GRA,2001,Conjunto,J3,10
GRA,2001,Enredo,J1,10
GRA,2001,Enredo,J2,10
GRA,2001,Enredo,J3,10
GRA,2001,Evolução,J1,10
GRA,2001,Evolução,J2,9.5
GRA,2001,Evolução,J3,10
GRA,2001,Harmonia,J1,10
GRA,2001,Harmonia,J2,9
GRA,2001,Harmonia,J3,9.5
GRA,2001,Samba-Enredo,J1,9.5
GRA,2001,Samba-Enredo,J2,9.5
GRA,2001,Samba-Enredo,J3,10
GRA,2001,Bateria,J1,10
GRA,2001,Bateria,J2,10
GRA,2001,Bateria,J3,10
GRA,2001,Pen.,Pen.,-3
IMP,2001,Alegorias e Adereços,J1,10
IMP,2001,Alegorias e Adereços,J3,10
IMP,2001,Fantasias,J3,10
IMP,2001,Pen.,Pen.,0
IMP,2001,Bateria,J3,10
IMP,2001,Bateria,J2,10
IMP,2001,Bateria,J1,10
IMP,2001,Samba-Enredo,J3,10
IMP,2001,Samba-Enredo,J2,10
IMP,2001,Samba-Enredo,J1,10
IMP,2001,Harmonia,J3,10
IMP,2001,Harmonia,J2,10
IMP,2001,Harmonia,J1,10
IMP,2001,Evolução,J3,10
IMP,2001,Evolução,J2,10
IMP,2001,Conjunto,J1,10
IMP,2001,Fantasias,J2,10
IMP,2001,Fantasias,J1,10
IMP,2001,Enredo,J1,10
IMP,2001,Enredo,J2,10
IMP,2001,Enredo,J3,10
IMP,2001,Conjunto,J2,10
IMP,2001,Conjunto,J3,10
IMP,2001,Comissão de Frente,J2,10
IMP,2001,Comissão de Frente,J1,10
IMP,2001,Mestre-Sala e Porta-Bandeira,J3,10
IMP,2001,Mestre-Sala e Porta-Bandeira,J2,10
IMP,2001,Mestre-Sala e Porta-Bandeira,J1,10
IMP,2001,Alegorias e Adereços,J2,10
IMP,2001,Comissão de Frente,J3,10
IMP,2001,Evolução,J1,10
ISR,2001,Harmonia,J2,8.5
ISR,2001,Conjunto,J3,8.5
ISR,2001,Enredo,J1,10
ISR,2001,Enredo,J2,9.5
ISR,2001,Mestre-Sala e Porta-Bandeira,J1,10
ISR,2001,Mestre-Sala e Porta-Bandeira,J2,10
ISR,2001,Mestre-Sala e Porta-Bandeira,J3,8.5
ISR,2001,Comissão de Frente,J1,10
ISR,2001,Comissão de Frente,J2,10
ISR,2001,Comissão de Frente,J3,10
ISR,2001,Fantasias,J1,9.5
ISR,2001,Fantasias,J2,8.5
ISR,2001,Fantasias,J3,8.5
ISR,2001,Alegorias e Adereços,J1,8.5
ISR,2001,Alegorias e Adereços,J2,9
ISR,2001,Conjunto,J1,9
ISR,2001,Conjunto,J2,9.5
ISR,2001,Pen.,Pen.,0
ISR,2001,Bateria,J3,9.5
ISR,2001,Bateria,J2,10
ISR,2001,Bateria,J1,9.5
ISR,2001,Samba-Enredo,J3,10
ISR,2001,Samba-Enredo,J2,9
ISR,2001,Samba-Enredo,J1,9.5
ISR,2001,Harmonia,J3,9.5
ISR,2001,Harmonia,J1,9
ISR,2001,Evolução,J3,8
ISR,2001,Evolução,J2,9
ISR,2001,Evolução,J1,9.5
ISR,2001,Enredo,J3,10
ISR,2001,Alegorias e Adereços,J3,10
MAN,2001,Conjunto,J3,10
MAN,2001,Fantasias,J1,10
MAN,2001,Comissão de Frente,J3,10
MAN,2001,Comissão de Frente,J2,10
MAN,2001,Comissão de Frente,J1,10
MAN,2001,Mestre-Sala e Porta-Bandeira,J3,10
MAN,2001,Alegorias e Adereços,J1,9.5
MAN,2001,Alegorias e Adereços,J2,10
MAN,2001,Alegorias e Adereços,J3,10
MAN,2001,Conjunto,J1,10
MAN,2001,Conjunto,J2,10
MAN,2001,Enredo,J1,10
MAN,2001,Evolução,J1,10
MAN,2001,Enredo,J2,10
MAN,2001,Fantasias,J2,9.5
MAN,2001,Fantasias,J3,10
MAN,2001,Mestre-Sala e Porta-Bandeira,J1,10
MAN,2001,Evolução,J3,9.5
MAN,2001,Mestre-Sala e Porta-Bandeira,J2,10
MAN,2001,Evolução,J2,10
MAN,2001,Harmonia,J1,10
MAN,2001,Harmonia,J2,10
MAN,2001,Harmonia,J3,10
MAN,2001,Samba-Enredo,J1,10
MAN,2001,Samba-Enredo,J2,10
MAN,2001,Samba-Enredo,J3,10
MAN,2001,Bateria,J1,10
MAN,2001,Bateria,J2,10
MAN,2001,Bateria,J3,10
MAN,2001,Pen.,Pen.,0
MAN,2001,Enredo,J3,10
MOC,2001,Enredo,J2,10
MOC,2001,Pen.,Pen.,-3
MOC,2001,Bateria,J3,10
MOC,2001,Bateria,J2,10
MOC,2001,Bateria,J1,10
MOC,2001,Samba-Enredo,J3,10
MOC,2001,Samba-Enredo,J2,9.5
MOC,2001,Samba-Enredo,J1,9
MOC,2001,Harmonia,J3,9.5
MOC,2001,Harmonia,J2,9.5
MOC,2001,Harmonia,J1,9.5
MOC,2001,Evolução,J3,9.5
MOC,2001,Evolução,J2,10
MOC,2001,Evolução,J1,10
MOC,2001,Enredo,J3,10
MOC,2001,Enredo,J1,10
MOC,2001,Conjunto,J3,9.5
MOC,2001,Conjunto,J2,10
MOC,2001,Conjunto,J1,9
MOC,2001,Alegorias e Adereços,J3,10
MOC,2001,Alegorias e Adereços,J2,10
MOC,2001,Alegorias e Adereços,J1,9.5
MOC,2001,Fantasias,J3,9.5
MOC,2001,Fantasias,J2,9.5
MOC,2001,Fantasias,J1,9.5
MOC,2001,Comissão de Frente,J3,9.5
MOC,2001,Comissão de Frente,J2,9
MOC,2001,Comissão de Frente,J1,9
MOC,2001,Mestre-Sala e Porta-Bandeira,J3,9.5
MOC,2001,Mestre-Sala e Porta-Bandeira,J2,10
MOC,2001,Mestre-Sala e Porta-Bandeira,J1,10
POR,2001,Pen.,Pen.,0
POR,2001,Conjunto,J1,9
POR,2001,Conjunto,J2,9
POR,2001,Conjunto,J3,9
POR,2001,Enredo,J1,9.5
POR,2001,Enredo,J2,10
POR,2001,Enredo,J3,10
POR,2001,Evolução,J1,9.5
POR,2001,Evolução,J2,9
POR,2001,Evolução,J3,8
POR,2001,Harmonia,J1,8
POR,2001,Harmonia,J2,9
POR,2001,Harmonia,J3,9
POR,2001,Samba-Enredo,J1,10
POR,2001,Samba-Enredo,J2,9.5
POR,2001,Samba-Enredo,J3,9.5
POR,2001,Bateria,J1,9.5
POR,2001,Bateria,J2,10
POR,2001,Bateria,J3,9
POR,2001,Mestre-Sala e Porta-Bandeira,J1,8.5
POR,2001,Mestre-Sala e Porta-Bandeira,J2,9
POR,2001,Mestre-Sala e Porta-Bandeira,J3,9
POR,2001,Comissão de Frente,J1,10
POR,2001,Comissão de Frente,J2,10
POR,2001,Comissão de Frente,J3,10
POR,2001,Fantasias,J1,9
POR,2001,Fantasias,J2,9
POR,2001,Alegorias e Adereços,J3,10
POR,2001,Alegorias e Adereços,J2,9.5
POR,2001,Alegorias e Adereços,J1,10
POR,2001,Fantasias,J3,9
SAL,2001,Pen.,Pen.,0
SAL,2001,Mestre-Sala e Porta-Bandeira,J1,10
SAL,2001,Mestre-Sala e Porta-Bandeira,J2,10
SAL,2001,Mestre-Sala e Porta-Bandeira,J3,10
SAL,2001,Comissão de Frente,J1,10
SAL,2001,Comissão de Frente,J2,10
SAL,2001,Comissão de Frente,J3,10
SAL,2001,Fantasias,J1,10
SAL,2001,Fantasias,J2,10
SAL,2001,Fantasias,J3,9.5
SAL,2001,Alegorias e Adereços,J1,10
SAL,2001,Alegorias e Adereços,J2,10
SAL,2001,Alegorias e Adereços,J3,10
SAL,2001,Conjunto,J1,9.5
SAL,2001,Conjunto,J2,10
SAL,2001,Conjunto,J3,10
SAL,2001,Enredo,J1,10
SAL,2001,Enredo,J2,10
SAL,2001,Enredo,J3,10
SAL,2001,Evolução,J1,10
SAL,2001,Evolução,J2,10
SAL,2001,Evolução,J3,9.5
SAL,2001,Harmonia,J1,10
SAL,2001,Harmonia,J2,9.5
SAL,2001,Harmonia,J3,9
SAL,2001,Samba-Enredo,J1,10
SAL,2001,Samba-Enredo,J2,9.5
SAL,2001,Samba-Enredo,J3,10
SAL,2001,Bateria,J1,10
SAL,2001,Bateria,J2,10
SAL,2001,Bateria,J3,10
TIJ,2001,Samba-Enredo,J2,9
TIJ,2001,Comissão de Frente,J3,10
TIJ,2001,Pen.,Pen.,0
TIJ,2001,Fantasias,J1,9.5
TIJ,2001,Comissão de Frente,J2,10
TIJ,2001,Comissão de Frente,J1,10
TIJ,2001,Mestre-Sala e Porta-Bandeira,J3,9
TIJ,2001,Mestre-Sala e Porta-Bandeira,J2,9.5
TIJ,2001,Mestre-Sala e Porta-Bandeira,J1,10
TIJ,2001,Fantasias,J2,9
TIJ,2001,Fantasias,J3,8
TIJ,2001,Alegorias e Adereços,J1,9.5
TIJ,2001,Alegorias e Adereços,J2,10
TIJ,2001,Alegorias e Adereços,J3,9
TIJ,2001,Conjunto,J1,9
TIJ,2001,Conjunto,J2,9.5
TIJ,2001,Conjunto,J3,8.5
TIJ,2001,Enredo,J1,10
TIJ,2001,Enredo,J2,9
TIJ,2001,Enredo,J3,9
TIJ,2001,Evolução,J1,9.5
TIJ,2001,Evolução,J2,9
TIJ,2001,Evolução,J3,9
TIJ,2001,Harmonia,J1,9
TIJ,2001,Harmonia,J2,9
TIJ,2001,Harmonia,J3,9
TIJ,2001,Samba-Enredo,J1,9.5
TIJ,2001,Bateria,J3,10
TIJ,2001,Bateria,J2,10
TIJ,2001,Bateria,J1,10
TIJ,2001,Samba-Enredo,J3,9
TRD,2001,Conjunto,J1,9.5
TRD,2001,Bateria,J3,9
TRD,2001,Bateria,J2,9
TRD,2001,Bateria,J1,9.5
TRD,2001,Samba-Enredo,J3,10
TRD,2001,Samba-Enredo,J2,9.5
TRD,2001,Samba-Enredo,J1,9.5
TRD,2001,Harmonia,J3,9
TRD,2001,Harmonia,J2,10
TRD,2001,Harmonia,J1,10
TRD,2001,Evolução,J3,8.5
TRD,2001,Evolução,J2,9
TRD,2001,Evolução,J1,9.5
TRD,2001,Enredo,J3,9.5
TRD,2001,Enredo,J2,9.5
TRD,2001,Enredo,J1,10
TRD,2001,Conjunto,J3,10
TRD,2001,Conjunto,J2,9.5
TRD,2001,Pen.,Pen.,0
TRD,2001,Alegorias e Adereços,J3,9
TRD,2001,Alegorias e Adereços,J2,9.5
TRD,2001,Alegorias e Adereços,J1,10
TRD,2001,Fantasias,J3,10
TRD,2001,Fantasias,J2,9
TRD,2001,Fantasias,J1,10
TRD,2001,Comissão de Frente,J3,9.5
TRD,2001,Comissão de Frente,J2,10
TRD,2001,Comissão de Frente,J1,9.5
TRD,2001,Mestre-Sala e Porta-Bandeira,J3,10
TRD,2001,Mestre-Sala e Porta-Bandeira,J2,9.5
TRD,2001,Mestre-Sala e Porta-Bandeira,J1,9.5
TUI,2001,Enredo,J2,9
TUI,2001,Fantasias,J3,8
TUI,2001,Fantasias,J2,8
TUI,2001,Fantasias,J1,9
TUI,2001,Comissão de Frente,J3,8.5
TUI,2001,Evolução,J1,9
TUI,2001,Evolução,J2,8.5
TUI,2001,Comissão de Frente,J2,9
TUI,2001,Comissão de Frente,J1,8.5
TUI,2001,Mestre-Sala e Porta-Bandeira,J3,8.5
TUI,2001,Mestre-Sala e Porta-Bandeira,J2,9
TUI,2001,Mestre-Sala e Porta-Bandeira,J1,9.5
TUI,2001,Enredo,J3,8.5
TUI,2001,Enredo,J1,9
TUI,2001,Conjunto,J3,8.5
TUI,2001,Conjunto,J2,9.5
TUI,2001,Conjunto,J1,8
TUI,2001,Alegorias e Adereços,J3,8
TUI,2001,Alegorias e Adereços,J2,9
TUI,2001,Alegorias e Adereços,J1,9.5
TUI,2001,Evolução,J3,9
TUI,2001,Harmonia,J1,8
TUI,2001,Harmonia,J2,8
TUI,2001,Harmonia,J3,8
TUI,2001,Samba-Enredo,J1,9
TUI,2001,Samba-Enredo,J2,9
TUI,2001,Samba-Enredo,J3,10
TUI,2001,Bateria,J1,9.5
TUI,2001,Bateria,J2,9
TUI,2001,Bateria,J3,9
TUI,2001,Pen.,Pen.,-3
UNI,2001,Enredo,J3,9
UNI,2001,Enredo,J2,9
UNI,2001,Enredo,J1,8.5
UNI,2001,Conjunto,J3,9
UNI,2001,Conjunto,J2,10
UNI,2001,Conjunto,J1,9
UNI,2001,Alegorias e Adereços,J3,8
UNI,2001,Alegorias e Adereços,J2,9
UNI,2001,Mestre-Sala e Porta-Bandeira,J1,10
UNI,2001,Alegorias e Adereços,J1,8.5
UNI,2001,Fantasias,J3,8
UNI,2001,Fantasias,J2,8
UNI,2001,Bateria,J3,10
UNI,2001,Bateria,J2,10
UNI,2001,Bateria,J1,9.5
UNI,2001,Samba-Enredo,J3,10
UNI,2001,Samba-Enredo,J2,9.5
UNI,2001,Samba-Enredo,J1,10
UNI,2001,Harmonia,J3,8.5
UNI,2001,Harmonia,J2,9
UNI,2001,Harmonia,J1,9.5
UNI,2001,Fantasias,J1,9
UNI,2001,Pen.,Pen.,0
UNI,2001,Comissão de Frente,J3,9
UNI,2001,Comissão de Frente,J2,9.5
UNI,2001,Comissão de Frente,J1,9
UNI,2001,Mestre-Sala e Porta-Bandeira,J3,9
UNI,2001,Mestre-Sala e Porta-Bandeira,J2,9
UNI,2001,Evolução,J3,9
UNI,2001,Evolução,J2,9
UNI,2001,Evolução,J1,9.5
VIR,2001,Alegorias e Adereços,J3,9.5
VIR,2001,Fantasias,J1,10
VIR,2001,Comissão de Frente,J3,10
VIR,2001,Comissão de Frente,J2,10
VIR,2001,Comissão de Frente,J1,10
VIR,2001,Mestre-Sala e Porta-Bandeira,J3,10
VIR,2001,Mestre-Sala e Porta-Bandeira,J2,10
VIR,2001,Mestre-Sala e Porta-Bandeira,J1,10
VIR,2001,Alegorias e Adereços,J2,9.5
VIR,2001,Alegorias e Adereços,J1,10
VIR,2001,Fantasias,J3,9.5
VIR,2001,Fantasias,J2,10
VIR,2001,Pen.,Pen.,0
VIR,2001,Bateria,J3,10
VIR,2001,Bateria,J2,10
VIR,2001,Bateria,J1,10
VIR,2001,Samba-Enredo,J3,10
VIR,2001,Samba-Enredo,J2,10
VIR,2001,Samba-Enredo,J1,10
VIR,2001,Harmonia,J3,9.5
VIR,2001,Harmonia,J2,9.5
VIR,2001,Harmonia,J1,9.5
VIR,2001,Evolução,J3,10
VIR,2001,Evolução,J2,9
VIR,2001,Evolução,J1,10
VIR,2001,Enredo,J3,9
VIR,2001,Enredo,J2,10
VIR,2001,Enredo,J1,10
VIR,2001,Conjunto,J3,9.5
VIR,2001,Conjunto,J2,9.5
VIR,2001,Conjunto,J1,9
BJF,2002,Evolução,J4,10
BJF,2002,Mestre-Sala e Porta-Bandeira,J1,10
BJF,2002,Mestre-Sala e Porta-Bandeira,J2,10
BJF,2002,Mestre-Sala e Porta-Bandeira,J3,10
BJF,2002,Mestre-Sala e Porta-Bandeira,J4,10
BJF,2002,Comissão de Frente,J1,10
BJF,2002,Comissão de Frente,J2,10
BJF,2002,Comissão de Frente,J3,10
BJF,2002,Comissão de Frente,J4,10
BJF,2002,Fantasias,J1,9.9
BJF,2002,Fantasias,J2,10
BJF,2002,Fantasias,J3,10
BJF,2002,Fantasias,J4,10
BJF,2002,Alegorias e Adereços,J1,9.5
BJF,2002,Alegorias e Adereços,J2,10
BJF,2002,Alegorias e Adereços,J3,10
BJF,2002,Alegorias e Adereços,J4,10
BJF,2002,Conjunto,J1,10
BJF,2002,Conjunto,J2,10
BJF,2002,Conjunto,J3,10
BJF,2002,Conjunto,J4,10
BJF,2002,Enredo,J1,10
BJF,2002,Enredo,J2,10
BJF,2002,Enredo,J3,10
BJF,2002,Enredo,J4,10
BJF,2002,Evolução,J1,10
BJF,2002,Evolução,J2,10
BJF,2002,Evolução,J3,10
BJF,2002,Harmonia,J1,10
BJF,2002,Harmonia,J2,10
BJF,2002,Harmonia,J3,10
BJF,2002,Harmonia,J4,10
BJF,2002,Samba-Enredo,J1,10
BJF,2002,Samba-Enredo,J2,10
BJF,2002,Samba-Enredo,J3,10
BJF,2002,Samba-Enredo,J4,10
BJF,2002,Bateria,J1,10
BJF,2002,Bateria,J2,10
BJF,2002,Bateria,J3,10
BJF,2002,Bateria,J4,10
BJF,2002,Pen.,Pen.,0
CAP,2002,Samba-Enredo,J4,9.6
CAP,2002,Pen.,Pen.,0
CAP,2002,Harmonia,J1,9.5
CAP,2002,Evolução,J4,9.2
CAP,2002,Samba-Enredo,J3,8.5
CAP,2002,Evolução,J3,9.7
CAP,2002,Evolução,J2,9.7
CAP,2002,Evolução,J1,8.5
CAP,2002,Samba-Enredo,J2,9
CAP,2002,Samba-Enredo,J1,10
CAP,2002,Harmonia,J4,8.1
CAP,2002,Harmonia,J3,8.2
CAP,2002,Harmonia,J2,9.5
CAP,2002,Enredo,J4,9.4
CAP,2002,Enredo,J3,9.2
CAP,2002,Enredo,J2,9.6
CAP,2002,Mestre-Sala e Porta-Bandeira,J1,10
CAP,2002,Mestre-Sala e Porta-Bandeira,J2,9.3
CAP,2002,Mestre-Sala e Porta-Bandeira,J3,9.7
CAP,2002,Mestre-Sala e Porta-Bandeira,J4,9.5
CAP,2002,Comissão de Frente,J1,9
CAP,2002,Enredo,J1,9.6
CAP,2002,Conjunto,J4,9
CAP,2002,Conjunto,J3,9.3
CAP,2002,Conjunto,J2,9.2
CAP,2002,Conjunto,J1,8.6
CAP,2002,Comissão de Frente,J4,9.4
CAP,2002,Fantasias,J1,9.3
CAP,2002,Fantasias,J2,9.4
CAP,2002,Fantasias,J3,9.1
CAP,2002,Fantasias,J4,9.3
CAP,2002,Alegorias e Adereços,J1,8
CAP,2002,Alegorias e Adereços,J2,9
CAP,2002,Alegorias e Adereços,J3,8.8
CAP,2002,Alegorias e Adereços,J4,9.4
CAP,2002,Comissão de Frente,J2,9.5
CAP,2002,Comissão de Frente,J3,9.7
CAP,2002,Bateria,J1,9.3
CAP,2002,Bateria,J2,8.7
CAP,2002,Bateria,J3,9
CAP,2002,Bateria,J4,9.6
GRA,2002,Harmonia,J1,10
GRA,2002,Comissão de Frente,J3,9.5
GRA,2002,Comissão de Frente,J4,9.5
GRA,2002,Fantasias,J1,10
GRA,2002,Fantasias,J2,10
GRA,2002,Fantasias,J3,10
GRA,2002,Samba-Enredo,J3,9.5
GRA,2002,Samba-Enredo,J4,9.7
GRA,2002,Bateria,J1,10
GRA,2002,Bateria,J2,10
GRA,2002,Bateria,J3,9.7
GRA,2002,Bateria,J4,10
GRA,2002,Mestre-Sala e Porta-Bandeira,J1,9.8
GRA,2002,Mestre-Sala e Porta-Bandeira,J2,10
GRA,2002,Mestre-Sala e Porta-Bandeira,J3,9.8
GRA,2002,Pen.,Pen.,0
GRA,2002,Evolução,J3,9.8
GRA,2002,Evolução,J2,10
GRA,2002,Mestre-Sala e Porta-Bandeira,J4,9.7
GRA,2002,Comissão de Frente,J1,9.5
GRA,2002,Comissão de Frente,J2,9.8
GRA,2002,Samba-Enredo,J2,9.6
GRA,2002,Samba-Enredo,J1,9.8
GRA,2002,Harmonia,J4,9.5
GRA,2002,Harmonia,J3,9.4
GRA,2002,Harmonia,J2,9.4
GRA,2002,Evolução,J1,9.6
GRA,2002,Enredo,J4,10
GRA,2002,Enredo,J3,10
GRA,2002,Enredo,J2,9.8
GRA,2002,Enredo,J1,10
GRA,2002,Conjunto,J4,9.6
GRA,2002,Conjunto,J3,10
GRA,2002,Conjunto,J2,9.8
GRA,2002,Conjunto,J1,9.7
GRA,2002,Alegorias e Adereços,J4,10
GRA,2002,Alegorias e Adereços,J3,10
GRA,2002,Alegorias e Adereços,J2,9.9
GRA,2002,Alegorias e Adereços,J1,8.9
GRA,2002,Fantasias,J4,10
GRA,2002,Evolução,J4,9.7
IMP,2002,Evolução,J1,9.5
IMP,2002,Enredo,J3,9.8
IMP,2002,Enredo,J2,10
IMP,2002,Enredo,J1,9.6
IMP,2002,Conjunto,J4,9.5
IMP,2002,Conjunto,J3,10
IMP,2002,Conjunto,J2,10
IMP,2002,Conjunto,J1,9.7
IMP,2002,Alegorias e Adereços,J4,9.6
IMP,2002,Alegorias e Adereços,J3,9.7
IMP,2002,Alegorias e Adereços,J2,9.8
IMP,2002,Alegorias e Adereços,J1,9.7
IMP,2002,Pen.,Pen.,0
IMP,2002,Bateria,J4,10
IMP,2002,Bateria,J3,10
IMP,2002,Bateria,J2,10
IMP,2002,Bateria,J1,10
IMP,2002,Samba-Enredo,J4,10
IMP,2002,Samba-Enredo,J3,10
IMP,2002,Samba-Enredo,J2,10
IMP,2002,Samba-Enredo,J1,10
IMP,2002,Mestre-Sala e Porta-Bandeira,J1,10
IMP,2002,Mestre-Sala e Porta-Bandeira,J2,10
IMP,2002,Mestre-Sala e Porta-Bandeira,J3,9.7
IMP,2002,Mestre-Sala e Porta-Bandeira,J4,9.8
IMP,2002,Comissão de Frente,J1,10
IMP,2002,Comissão de Frente,J2,10
IMP,2002,Comissão de Frente,J3,10
IMP,2002,Comissão de Frente,J4,10
IMP,2002,Evolução,J2,10
IMP,2002,Evolução,J3,9.9
IMP,2002,Evolução,J4,9.9
IMP,2002,Harmonia,J1,10
IMP,2002,Harmonia,J2,10
IMP,2002,Harmonia,J3,10
IMP,2002,Harmonia,J4,10
IMP,2002,Fantasias,J1,10
IMP,2002,Fantasias,J2,10
IMP,2002,Fantasias,J3,10
IMP,2002,Fantasias,J4,10
IMP,2002,Enredo,J4,9.9
ISR,2002,Alegorias e Adereços,J1,9.3
ISR,2002,Mestre-Sala e Porta-Bandeira,J1,9.7
ISR,2002,Mestre-Sala e Porta-Bandeira,J2,9.8
ISR,2002,Mestre-Sala e Porta-Bandeira,J3,10
ISR,2002,Mestre-Sala e Porta-Bandeira,J4,10
ISR,2002,Comissão de Frente,J1,9.9
ISR,2002,Comissão de Frente,J2,10
ISR,2002,Comissão de Frente,J3,9.9
ISR,2002,Comissão de Frente,J4,9.8
ISR,2002,Fantasias,J1,9.5
ISR,2002,Fantasias,J2,9.8
ISR,2002,Fantasias,J3,9.5
ISR,2002,Fantasias,J4,9.7
ISR,2002,Alegorias e Adereços,J2,9.2
ISR,2002,Alegorias e Adereços,J3,9.3
ISR,2002,Alegorias e Adereços,J4,9.8
ISR,2002,Conjunto,J1,9.6
ISR,2002,Conjunto,J2,9.1
ISR,2002,Conjunto,J3,9.4
ISR,2002,Conjunto,J4,9.5
ISR,2002,Enredo,J1,10
ISR,2002,Samba-Enredo,J3,9.8
ISR,2002,Samba-Enredo,J2,9.3
ISR,2002,Samba-Enredo,J1,9.9
ISR,2002,Harmonia,J4,8
ISR,2002,Harmonia,J3,8.1
ISR,2002,Harmonia,J2,9.6
ISR,2002,Harmonia,J1,9.6
ISR,2002,Evolução,J4,9.6
ISR,2002,Evolução,J3,10
ISR,2002,Evolução,J2,10
ISR,2002,Evolução,J1,10
ISR,2002,Enredo,J4,10
ISR,2002,Enredo,J3,9.4
ISR,2002,Enredo,J2,9.5
ISR,2002,Pen.,Pen.,0
ISR,2002,Bateria,J4,9.8
ISR,2002,Bateria,J3,10
ISR,2002,Bateria,J2,9.9
ISR,2002,Bateria,J1,9.6
ISR,2002,Samba-Enredo,J4,9.8
MAN,2002,Alegorias e Adereços,J2,10
MAN,2002,Alegorias e Adereços,J3,9.7
MAN,2002,Alegorias e Adereços,J4,10
MAN,2002,Comissão de Frente,J2,10
MAN,2002,Comissão de Frente,J3,10
MAN,2002,Comissão de Frente,J4,10
MAN,2002,Fantasias,J1,10
MAN,2002,Fantasias,J2,10
MAN,2002,Fantasias,J3,10
MAN,2002,Fantasias,J4,10
MAN,2002,Mestre-Sala e Porta-Bandeira,J4,10
MAN,2002,Mestre-Sala e Porta-Bandeira,J1,10
MAN,2002,Mestre-Sala e Porta-Bandeira,J2,10
MAN,2002,Mestre-Sala e Porta-Bandeira,J3,10
MAN,2002,Evolução,J2,10
MAN,2002,Evolução,J1,10
MAN,2002,Enredo,J4,10
MAN,2002,Enredo,J3,10
MAN,2002,Samba-Enredo,J1,10
MAN,2002,Harmonia,J4,10
MAN,2002,Comissão de Frente,J1,10
MAN,2002,Harmonia,J3,10
MAN,2002,Harmonia,J2,10
MAN,2002,Harmonia,J1,10
MAN,2002,Evolução,J4,9.9
MAN,2002,Evolução,J3,10
MAN,2002,Enredo,J2,10
MAN,2002,Enredo,J1,10
MAN,2002,Conjunto,J4,10
MAN,2002,Conjunto,J3,10
MAN,2002,Conjunto,J2,10
MAN,2002,Conjunto,J1,10
MAN,2002,Pen.,Pen.,0
MAN,2002,Bateria,J4,9.9
MAN,2002,Bateria,J3,10
MAN,2002,Bateria,J2,10
MAN,2002,Bateria,J1,10
MAN,2002,Samba-Enredo,J4,10
MAN,2002,Samba-Enredo,J3,10
MAN,2002,Samba-Enredo,J2,10
MAN,2002,Alegorias e Adereços,J1,10
MOC,2002,Evolução,J1,9.7
MOC,2002,Mestre-Sala e Porta-Bandeira,J1,10
MOC,2002,Mestre-Sala e Porta-Bandeira,J2,9.8
MOC,2002,Mestre-Sala e Porta-Bandeira,J3,9.7
MOC,2002,Mestre-Sala e Porta-Bandeira,J4,9.6
MOC,2002,Comissão de Frente,J1,9.7
MOC,2002,Comissão de Frente,J2,10
MOC,2002,Comissão de Frente,J3,9.9
MOC,2002,Comissão de Frente,J4,9.8
MOC,2002,Fantasias,J1,10
MOC,2002,Fantasias,J2,10
MOC,2002,Fantasias,J3,10
MOC,2002,Fantasias,J4,9.8
MOC,2002,Alegorias e Adereços,J1,10
MOC,2002,Alegorias e Adereços,J2,9.8
MOC,2002,Alegorias e Adereços,J3,10
MOC,2002,Alegorias e Adereços,J4,10
MOC,2002,Conjunto,J1,9.9
MOC,2002,Conjunto,J2,10
MOC,2002,Conjunto,J3,10
MOC,2002,Conjunto,J4,9.8
MOC,2002,Enredo,J1,9.8
MOC,2002,Enredo,J2,10
MOC,2002,Enredo,J3,10
MOC,2002,Enredo,J4,9.4
MOC,2002,Evolução,J2,10
MOC,2002,Evolução,J3,10
MOC,2002,Evolução,J4,9.7
MOC,2002,Harmonia,J1,10
MOC,2002,Harmonia,J2,10
MOC,2002,Harmonia,J3,9.3
MOC,2002,Harmonia,J4,9.4
MOC,2002,Samba-Enredo,J1,10
MOC,2002,Samba-Enredo,J2,10
MOC,2002,Samba-Enredo,J3,10
MOC,2002,Samba-Enredo,J4,9.9
MOC,2002,Bateria,J1,10
MOC,2002,Bateria,J2,10
MOC,2002,Bateria,J3,10
MOC,2002,Bateria,J4,10
MOC,2002,Pen.,Pen.,0
POR,2002,Comissão de Frente,J3,10
POR,2002,Comissão de Frente,J2,10
POR,2002,Comissão de Frente,J1,10
POR,2002,Comissão de Frente,J4,9.5
POR,2002,Fantasias,J1,9.7
POR,2002,Mestre-Sala e Porta-Bandeira,J4,9.7
POR,2002,Mestre-Sala e Porta-Bandeira,J3,9.8
POR,2002,Mestre-Sala e Porta-Bandeira,J2,9.8
POR,2002,Mestre-Sala e Porta-Bandeira,J1,9.8
POR,2002,Fantasias,J2,10
POR,2002,Fantasias,J3,10
POR,2002,Fantasias,J4,9.8
POR,2002,Alegorias e Adereços,J1,9.7
POR,2002,Alegorias e Adereços,J2,9.4
POR,2002,Alegorias e Adereços,J3,9.7
POR,2002,Samba-Enredo,J1,10
POR,2002,Harmonia,J4,8
POR,2002,Harmonia,J3,8.1
POR,2002,Harmonia,J2,10
POR,2002,Harmonia,J1,10
POR,2002,Evolução,J4,9.5
POR,2002,Evolução,J3,9.9
POR,2002,Conjunto,J3,10
POR,2002,Conjunto,J2,9.6
POR,2002,Evolução,J2,10
POR,2002,Evolução,J1,9.8
POR,2002,Enredo,J4,9.4
POR,2002,Enredo,J3,10
POR,2002,Enredo,J2,9.6
POR,2002,Enredo,J1,9.9
POR,2002,Conjunto,J4,9.6
POR,2002,Conjunto,J1,10
POR,2002,Alegorias e Adereços,J4,10
POR,2002,Samba-Enredo,J2,9.8
POR,2002,Samba-Enredo,J3,9.5
POR,2002,Samba-Enredo,J4,9.7
POR,2002,Bateria,J1,10
POR,2002,Bateria,J2,9.8
POR,2002,Bateria,J3,10
POR,2002,Bateria,J4,9.8
POR,2002,Pen.,Pen.,0
PPE,2002,Conjunto,J3,9.6
PPE,2002,Conjunto,J4,9.6
PPE,2002,Enredo,J1,9.3
PPE,2002,Enredo,J2,9.3
PPE,2002,Enredo,J3,9.6
PPE,2002,Enredo,J4,9.4
PPE,2002,Evolução,J1,9
PPE,2002,Evolução,J2,10
PPE,2002,Evolução,J3,9.9
PPE,2002,Evolução,J4,9.4
PPE,2002,Harmonia,J1,9.8
PPE,2002,Harmonia,J2,9.9
PPE,2002,Harmonia,J3,8.2
PPE,2002,Harmonia,J4,8.4
PPE,2002,Samba-Enredo,J2,9.4
PPE,2002,Samba-Enredo,J3,9.5
PPE,2002,Samba-Enredo,J4,9.7
PPE,2002,Bateria,J1,9.6
PPE,2002,Bateria,J2,9.7
PPE,2002,Bateria,J3,10
PPE,2002,Bateria,J4,10
PPE,2002,Pen.,Pen.,0
PPE,2002,Samba-Enredo,J1,9.8
PPE,2002,Mestre-Sala e Porta-Bandeira,J1,9.6
PPE,2002,Mestre-Sala e Porta-Bandeira,J2,9.5
PPE,2002,Mestre-Sala e Porta-Bandeira,J3,9.7
PPE,2002,Mestre-Sala e Porta-Bandeira,J4,9.7
PPE,2002,Comissão de Frente,J1,9.8
PPE,2002,Comissão de Frente,J2,9.7
PPE,2002,Comissão de Frente,J3,9.9
PPE,2002,Comissão de Frente,J4,9.5
PPE,2002,Fantasias,J1,9.4
PPE,2002,Fantasias,J2,10
PPE,2002,Fantasias,J3,9.5
PPE,2002,Fantasias,J4,9.5
PPE,2002,Alegorias e Adereços,J1,9.3
PPE,2002,Alegorias e Adereços,J2,8.5
PPE,2002,Alegorias e Adereços,J3,9
PPE,2002,Alegorias e Adereços,J4,9.4
PPE,2002,Conjunto,J1,8.5
PPE,2002,Conjunto,J2,9.3
SAL,2002,Fantasias,J1,9.9
SAL,2002,Fantasias,J2,9.8
SAL,2002,Fantasias,J3,10
SAL,2002,Fantasias,J4,9.8
SAL,2002,Alegorias e Adereços,J1,9.2
SAL,2002,Alegorias e Adereços,J2,9.7
SAL,2002,Alegorias e Adereços,J3,9.7
SAL,2002,Alegorias e Adereços,J4,9.8
SAL,2002,Conjunto,J1,9.8
SAL,2002,Conjunto,J2,10
SAL,2002,Conjunto,J3,10
SAL,2002,Conjunto,J4,9.8
SAL,2002,Enredo,J1,9.8
SAL,2002,Enredo,J2,10
SAL,2002,Enredo,J3,9.7
SAL,2002,Enredo,J4,9.7
SAL,2002,Evolução,J1,10
SAL,2002,Bateria,J1,9.8
SAL,2002,Samba-Enredo,J4,10
SAL,2002,Samba-Enredo,J3,10
SAL,2002,Samba-Enredo,J2,10
SAL,2002,Pen.,Pen.,0
SAL,2002,Bateria,J4,9.9
SAL,2002,Bateria,J3,10
SAL,2002,Samba-Enredo,J1,10
SAL,2002,Harmonia,J4,9.3
SAL,2002,Harmonia,J3,9.4
SAL,2002,Harmonia,J2,9.7
SAL,2002,Harmonia,J1,10
SAL,2002,Evolução,J4,10
SAL,2002,Evolução,J3,9.9
SAL,2002,Evolução,J2,10
SAL,2002,Bateria,J2,10
SAL,2002,Mestre-Sala e Porta-Bandeira,J1,9.2
SAL,2002,Mestre-Sala e Porta-Bandeira,J2,10
SAL,2002,Mestre-Sala e Porta-Bandeira,J3,10
SAL,2002,Mestre-Sala e Porta-Bandeira,J4,10
SAL,2002,Comissão de Frente,J1,9.5
SAL,2002,Comissão de Frente,J2,9.8
SAL,2002,Comissão de Frente,J3,9.9
SAL,2002,Comissão de Frente,J4,9.8
SCL,2002,Alegorias e Adereços,J1,7.8
SCL,2002,Harmonia,J4,8.4
SCL,2002,Harmonia,J3,8.3
SCL,2002,Harmonia,J2,9.3
SCL,2002,Harmonia,J1,9.2
SCL,2002,Evolução,J4,8.7
SCL,2002,Evolução,J3,9.6
SCL,2002,Evolução,J2,9
SCL,2002,Evolução,J1,7.5
SCL,2002,Enredo,J4,8.9
SCL,2002,Enredo,J3,8.8
SCL,2002,Enredo,J2,9.2
SCL,2002,Enredo,J1,8.8
SCL,2002,Bateria,J3,9.5
SCL,2002,Bateria,J4,9.7
SCL,2002,Pen.,Pen.,0
SCL,2002,Mestre-Sala e Porta-Bandeira,J1,9.5
SCL,2002,Conjunto,J4,8.6
SCL,2002,Conjunto,J3,8.9
SCL,2002,Conjunto,J2,9
SCL,2002,Conjunto,J1,8.3
SCL,2002,Alegorias e Adereços,J4,9.2
SCL,2002,Alegorias e Adereços,J3,9
SCL,2002,Alegorias e Adereços,J2,8.5
SCL,2002,Samba-Enredo,J1,9
SCL,2002,Fantasias,J4,8.9
SCL,2002,Fantasias,J3,9.1
SCL,2002,Fantasias,J2,9.2
SCL,2002,Fantasias,J1,8.7
SCL,2002,Comissão de Frente,J4,9
SCL,2002,Comissão de Frente,J3,8.5
SCL,2002,Comissão de Frente,J2,9.2
SCL,2002,Comissão de Frente,J1,9
SCL,2002,Mestre-Sala e Porta-Bandeira,J4,9.2
SCL,2002,Mestre-Sala e Porta-Bandeira,J3,9.5
SCL,2002,Mestre-Sala e Porta-Bandeira,J2,9
SCL,2002,Bateria,J2,8.9
SCL,2002,Bateria,J1,9.3
SCL,2002,Samba-Enredo,J4,9.5
SCL,2002,Samba-Enredo,J3,8.5
SCL,2002,Samba-Enredo,J2,8
TIJ,2002,Conjunto,J3,9.7
TIJ,2002,Comissão de Frente,J4,10
TIJ,2002,Fantasias,J1,9.5
TIJ,2002,Samba-Enredo,J1,9.9
TIJ,2002,Fantasias,J2,10
TIJ,2002,Pen.,Pen.,-2
TIJ,2002,Bateria,J4,9.5
TIJ,2002,Bateria,J3,10
TIJ,2002,Enredo,J4,10
TIJ,2002,Evolução,J1,8
TIJ,2002,Evolução,J2,9.7
TIJ,2002,Evolução,J3,9.8
TIJ,2002,Evolução,J4,9
TIJ,2002,Harmonia,J1,9.7
TIJ,2002,Harmonia,J2,9.4
TIJ,2002,Harmonia,J3,8.1
TIJ,2002,Harmonia,J4,8
TIJ,2002,Enredo,J3,9.7
TIJ,2002,Comissão de Frente,J3,10
TIJ,2002,Comissão de Frente,J2,10
TIJ,2002,Comissão de Frente,J1,10
TIJ,2002,Mestre-Sala e Porta-Bandeira,J4,9.7
TIJ,2002,Mestre-Sala e Porta-Bandeira,J3,10
TIJ,2002,Mestre-Sala e Porta-Bandeira,J2,9.8
TIJ,2002,Mestre-Sala e Porta-Bandeira,J1,10
TIJ,2002,Bateria,J2,8.8
TIJ,2002,Samba-Enredo,J2,9.8
TIJ,2002,Bateria,J1,9.5
TIJ,2002,Samba-Enredo,J4,9.8
TIJ,2002,Samba-Enredo,J3,9.8
TIJ,2002,Conjunto,J4,9.5
TIJ,2002,Enredo,J1,10
TIJ,2002,Enredo,J2,10
TIJ,2002,Fantasias,J3,10
TIJ,2002,Fantasias,J4,9.7
TIJ,2002,Alegorias e Adereços,J1,9
TIJ,2002,Alegorias e Adereços,J2,9.5
TIJ,2002,Alegorias e Adereços,J3,9.7
TIJ,2002,Alegorias e Adereços,J4,10
TIJ,2002,Conjunto,J1,9.1
TIJ,2002,Conjunto,J2,9.1
TRD,2002,Conjunto,J3,8.1
TRD,2002,Mestre-Sala e Porta-Bandeira,J1,9.6
TRD,2002,Mestre-Sala e Porta-Bandeira,J2,9.8
TRD,2002,Mestre-Sala e Porta-Bandeira,J3,10
TRD,2002,Mestre-Sala e Porta-Bandeira,J4,10
TRD,2002,Comissão de Frente,J1,9.8
TRD,2002,Comissão de Frente,J2,9.8
TRD,2002,Comissão de Frente,J3,9.5
TRD,2002,Comissão de Frente,J4,9.5
TRD,2002,Fantasias,J1,8.9
TRD,2002,Fantasias,J2,9
TRD,2002,Fantasias,J3,9.5
TRD,2002,Fantasias,J4,9.3
TRD,2002,Alegorias e Adereços,J1,7.3
TRD,2002,Alegorias e Adereços,J2,8
TRD,2002,Alegorias e Adereços,J3,8.5
TRD,2002,Alegorias e Adereços,J4,8.2
TRD,2002,Conjunto,J1,8.1
TRD,2002,Conjunto,J2,8.8
TRD,2002,Conjunto,J4,8.2
TRD,2002,Enredo,J1,8.4
TRD,2002,Enredo,J2,9
TRD,2002,Enredo,J3,8.6
TRD,2002,Enredo,J4,8.5
TRD,2002,Evolução,J1,7.3
TRD,2002,Evolução,J2,9.6
TRD,2002,Evolução,J3,9.6
TRD,2002,Evolução,J4,8
TRD,2002,Harmonia,J1,9
TRD,2002,Harmonia,J2,9.5
TRD,2002,Harmonia,J3,9.8
TRD,2002,Harmonia,J4,9.7
TRD,2002,Samba-Enredo,J1,9.2
TRD,2002,Samba-Enredo,J2,9
TRD,2002,Samba-Enredo,J3,9
TRD,2002,Samba-Enredo,J4,9.6
TRD,2002,Bateria,J1,9.6
TRD,2002,Bateria,J2,9.1
TRD,2002,Bateria,J3,9.5
TRD,2002,Bateria,J4,9.7
TRD,2002,Pen.,Pen.,0
VIR,2002,Harmonia,J4,10
VIR,2002,Pen.,Pen.,0
VIR,2002,Bateria,J4,10
VIR,2002,Bateria,J3,10
VIR,2002,Bateria,J2,10
VIR,2002,Bateria,J1,10
VIR,2002,Samba-Enredo,J4,10
VIR,2002,Samba-Enredo,J3,9.7
VIR,2002,Samba-Enredo,J2,10
VIR,2002,Samba-Enredo,J1,10
VIR,2002,Harmonia,J3,10
VIR,2002,Harmonia,J2,10
VIR,2002,Harmonia,J1,10
VIR,2002,Evolução,J4,9
VIR,2002,Evolução,J3,9.8
VIR,2002,Evolução,J2,10
VIR,2002,Evolução,J1,9.9
VIR,2002,Enredo,J4,9.5
VIR,2002,Enredo,J3,9.7
VIR,2002,Enredo,J2,9.4
VIR,2002,Enredo,J1,10
VIR,2002,Conjunto,J4,9.5
VIR,2002,Conjunto,J3,10
VIR,2002,Conjunto,J2,9.4
VIR,2002,Conjunto,J1,9.5
VIR,2002,Alegorias e Adereços,J4,10
VIR,2002,Alegorias e Adereços,J3,9.7
VIR,2002,Alegorias e Adereços,J2,10
VIR,2002,Alegorias e Adereços,J1,9.6
VIR,2002,Fantasias,J4,10
VIR,2002,Fantasias,J3,9.7
VIR,2002,Fantasias,J2,10
VIR,2002,Fantasias,J1,9.7
VIR,2002,Comissão de Frente,J4,9.7
VIR,2002,Comissão de Frente,J3,10
VIR,2002,Comissão de Frente,J2,10
VIR,2002,Comissão de Frente,J1,10
VIR,2002,Mestre-Sala e Porta-Bandeira,J4,10
VIR,2002,Mestre-Sala e Porta-Bandeira,J3,10
VIR,2002,Mestre-Sala e Porta-Bandeira,J2,10
VIR,2002,Mestre-Sala e Porta-Bandeira,J1,10
BJF,2003,Fantasias,J3,10
BJF,2003,Samba-Enredo,J4,10
BJF,2003,Samba-Enredo,J3,10
BJF,2003,Samba-Enredo,J2,10
BJF,2003,Samba-Enredo,J1,10
BJF,2003,Harmonia,J4,10
BJF,2003,Harmonia,J3,10
BJF,2003,Pen.,Pen.,0
BJF,2003,Bateria,J4,10
BJF,2003,Bateria,J3,10
BJF,2003,Bateria,J2,10
BJF,2003,Harmonia,J2,10
BJF,2003,Harmonia,J1,10
BJF,2003,Evolução,J4,10
BJF,2003,Evolução,J3,10
BJF,2003,Evolução,J2,10
BJF,2003,Evolução,J1,10
BJF,2003,Enredo,J4,10
BJF,2003,Enredo,J3,10
BJF,2003,Enredo,J2,9.8
BJF,2003,Enredo,J1,10
BJF,2003,Conjunto,J4,10
BJF,2003,Conjunto,J3,10
BJF,2003,Conjunto,J2,10
BJF,2003,Conjunto,J1,10
BJF,2003,Alegorias e Adereços,J4,10
BJF,2003,Alegorias e Adereços,J3,10
BJF,2003,Alegorias e Adereços,J2,9.9
BJF,2003,Alegorias e Adereços,J1,10
BJF,2003,Fantasias,J4,10
BJF,2003,Bateria,J1,10
BJF,2003,Fantasias,J2,10
BJF,2003,Fantasias,J1,10
BJF,2003,Comissão de Frente,J4,10
BJF,2003,Comissão de Frente,J3,10
BJF,2003,Comissão de Frente,J2,10
BJF,2003,Comissão de Frente,J1,10
BJF,2003,Mestre-Sala e Porta-Bandeira,J4,10
BJF,2003,Mestre-Sala e Porta-Bandeira,J3,10
BJF,2003,Mestre-Sala e Porta-Bandeira,J2,10
BJF,2003,Mestre-Sala e Porta-Bandeira,J1,9.9
CAP,2003,Alegorias e Adereços,J1,9.6
CAP,2003,Pen.,Pen.,0
CAP,2003,Bateria,J4,10
CAP,2003,Bateria,J3,9.7
CAP,2003,Bateria,J2,10
CAP,2003,Bateria,J1,9.7
CAP,2003,Samba-Enredo,J4,10
CAP,2003,Samba-Enredo,J3,9
CAP,2003,Samba-Enredo,J2,9.8
CAP,2003,Samba-Enredo,J1,9.7
CAP,2003,Harmonia,J4,9.8
CAP,2003,Harmonia,J3,9.7
CAP,2003,Mestre-Sala e Porta-Bandeira,J4,9.9
CAP,2003,Mestre-Sala e Porta-Bandeira,J3,9.8
CAP,2003,Mestre-Sala e Porta-Bandeira,J2,10
CAP,2003,Mestre-Sala e Porta-Bandeira,J1,10
CAP,2003,Harmonia,J2,9.6
CAP,2003,Harmonia,J1,9.8
CAP,2003,Evolução,J4,10
CAP,2003,Evolução,J3,10
CAP,2003,Evolução,J2,10
CAP,2003,Evolução,J1,9.6
CAP,2003,Enredo,J4,9.4
CAP,2003,Enredo,J3,9.8
CAP,2003,Enredo,J2,9.6
CAP,2003,Enredo,J1,9.6
CAP,2003,Conjunto,J4,9.4
CAP,2003,Conjunto,J3,9.5
CAP,2003,Conjunto,J2,9
CAP,2003,Conjunto,J1,9.2
CAP,2003,Alegorias e Adereços,J4,9.8
CAP,2003,Alegorias e Adereços,J3,8.2
CAP,2003,Alegorias e Adereços,J2,9
CAP,2003,Comissão de Frente,J1,9.8
CAP,2003,Comissão de Frente,J2,9.5
CAP,2003,Comissão de Frente,J3,8.9
CAP,2003,Comissão de Frente,J4,10
CAP,2003,Fantasias,J1,10
CAP,2003,Fantasias,J2,9.5
CAP,2003,Fantasias,J3,10
CAP,2003,Fantasias,J4,10
GRA,2003,Enredo,J3,9.8
GRA,2003,Evolução,J1,10
GRA,2003,Evolução,J2,10
GRA,2003,Evolução,J3,9.9
GRA,2003,Evolução,J4,9.8
GRA,2003,Harmonia,J1,10
GRA,2003,Harmonia,J2,10
GRA,2003,Harmonia,J3,9.8
GRA,2003,Harmonia,J4,10
GRA,2003,Samba-Enredo,J1,9.8
GRA,2003,Samba-Enredo,J2,9.9
GRA,2003,Samba-Enredo,J3,9.8
GRA,2003,Samba-Enredo,J4,9.6
GRA,2003,Bateria,J1,10
GRA,2003,Bateria,J2,10
GRA,2003,Bateria,J3,10
GRA,2003,Bateria,J4,10
GRA,2003,Pen.,Pen.,0
GRA,2003,Mestre-Sala e Porta-Bandeira,J1,9.9
GRA,2003,Mestre-Sala e Porta-Bandeira,J2,10
GRA,2003,Mestre-Sala e Porta-Bandeira,J3,10
GRA,2003,Mestre-Sala e Porta-Bandeira,J4,9.9
GRA,2003,Comissão de Frente,J1,10
GRA,2003,Comissão de Frente,J2,10
GRA,2003,Comissão de Frente,J3,10
GRA,2003,Comissão de Frente,J4,10
GRA,2003,Fantasias,J1,10
GRA,2003,Fantasias,J2,10
GRA,2003,Fantasias,J3,10
GRA,2003,Fantasias,J4,10
GRA,2003,Alegorias e Adereços,J1,10
GRA,2003,Alegorias e Adereços,J2,10
GRA,2003,Alegorias e Adereços,J3,10
GRA,2003,Alegorias e Adereços,J4,10
GRA,2003,Conjunto,J1,9.7
GRA,2003,Conjunto,J2,9.7
GRA,2003,Conjunto,J3,9.9
GRA,2003,Conjunto,J4,9.9
GRA,2003,Enredo,J1,9.8
GRA,2003,Enredo,J2,9.9
GRA,2003,Enredo,J4,9.5
IMP,2003,Conjunto,J1,10
IMP,2003,Alegorias e Adereços,J4,10
IMP,2003,Alegorias e Adereços,J3,10
IMP,2003,Alegorias e Adereços,J2,10
IMP,2003,Alegorias e Adereços,J1,9.9
IMP,2003,Fantasias,J4,10
IMP,2003,Fantasias,J3,10
IMP,2003,Fantasias,J2,9.9
IMP,2003,Evolução,J4,9.9
IMP,2003,Evolução,J3,10
IMP,2003,Evolução,J2,10
IMP,2003,Evolução,J1,10
IMP,2003,Enredo,J4,9.4
IMP,2003,Enredo,J3,10
IMP,2003,Enredo,J2,9.9
IMP,2003,Enredo,J1,10
IMP,2003,Conjunto,J4,10
IMP,2003,Conjunto,J3,10
IMP,2003,Conjunto,J2,10
IMP,2003,Samba-Enredo,J1,9.8
IMP,2003,Harmonia,J4,10
IMP,2003,Harmonia,J3,10
IMP,2003,Pen.,Pen.,0
IMP,2003,Bateria,J4,10
IMP,2003,Bateria,J3,9.9
IMP,2003,Bateria,J2,10
IMP,2003,Bateria,J1,9.1
IMP,2003,Samba-Enredo,J4,9.3
IMP,2003,Samba-Enredo,J3,9.8
IMP,2003,Samba-Enredo,J2,10
IMP,2003,Fantasias,J1,10
IMP,2003,Comissão de Frente,J4,10
IMP,2003,Comissão de Frente,J3,9.5
IMP,2003,Comissão de Frente,J2,10
IMP,2003,Comissão de Frente,J1,10
IMP,2003,Mestre-Sala e Porta-Bandeira,J4,9.9
IMP,2003,Mestre-Sala e Porta-Bandeira,J3,9.8
IMP,2003,Mestre-Sala e Porta-Bandeira,J2,9.8
IMP,2003,Mestre-Sala e Porta-Bandeira,J1,10
IMP,2003,Harmonia,J2,9.9
IMP,2003,Harmonia,J1,10
ISR,2003,Enredo,J4,9.1
ISR,2003,Enredo,J2,9.4
ISR,2003,Enredo,J1,9.1
ISR,2003,Conjunto,J4,9.2
ISR,2003,Conjunto,J3,9.3
ISR,2003,Conjunto,J2,9.1
ISR,2003,Conjunto,J1,9.4
ISR,2003,Alegorias e Adereços,J4,9
ISR,2003,Alegorias e Adereços,J3,8.4
ISR,2003,Alegorias e Adereços,J2,9.3
ISR,2003,Alegorias e Adereços,J1,9.4
ISR,2003,Fantasias,J4,10
ISR,2003,Fantasias,J3,9.8
ISR,2003,Fantasias,J2,9
ISR,2003,Fantasias,J1,9.8
ISR,2003,Comissão de Frente,J4,9.9
ISR,2003,Comissão de Frente,J3,9
ISR,2003,Comissão de Frente,J2,9.6
ISR,2003,Comissão de Frente,J1,9.8
ISR,2003,Pen.,Pen.,0
ISR,2003,Bateria,J4,9.8
ISR,2003,Mestre-Sala e Porta-Bandeira,J4,9.9
ISR,2003,Mestre-Sala e Porta-Bandeira,J3,9.2
ISR,2003,Mestre-Sala e Porta-Bandeira,J2,9.9
ISR,2003,Mestre-Sala e Porta-Bandeira,J1,9.8
ISR,2003,Bateria,J3,9
ISR,2003,Bateria,J2,9.7
ISR,2003,Bateria,J1,10
ISR,2003,Samba-Enredo,J4,10
ISR,2003,Samba-Enredo,J3,9.8
ISR,2003,Samba-Enredo,J2,10
ISR,2003,Samba-Enredo,J1,9.8
ISR,2003,Harmonia,J4,9.6
ISR,2003,Harmonia,J3,9.5
ISR,2003,Harmonia,J2,9.8
ISR,2003,Harmonia,J1,9.3
ISR,2003,Evolução,J4,9.9
ISR,2003,Evolução,J3,9
ISR,2003,Evolução,J2,9.8
ISR,2003,Evolução,J1,9.9
ISR,2003,Enredo,J3,9.3
MAN,2003,Conjunto,J2,10
MAN,2003,Pen.,Pen.,0
MAN,2003,Bateria,J4,10
MAN,2003,Bateria,J3,9.8
MAN,2003,Bateria,J2,9.9
MAN,2003,Bateria,J1,10
MAN,2003,Samba-Enredo,J4,10
MAN,2003,Samba-Enredo,J3,10
MAN,2003,Samba-Enredo,J2,10
MAN,2003,Samba-Enredo,J1,10
MAN,2003,Harmonia,J4,10
MAN,2003,Harmonia,J3,10
MAN,2003,Harmonia,J2,9.9
MAN,2003,Mestre-Sala e Porta-Bandeira,J1,10
MAN,2003,Harmonia,J1,10
MAN,2003,Evolução,J4,10
MAN,2003,Evolução,J3,10
MAN,2003,Evolução,J2,10
MAN,2003,Evolução,J1,10
MAN,2003,Enredo,J4,10
MAN,2003,Enredo,J3,10
MAN,2003,Enredo,J2,10
MAN,2003,Enredo,J1,10
MAN,2003,Conjunto,J4,10
MAN,2003,Conjunto,J3,10
MAN,2003,Conjunto,J1,9.8
MAN,2003,Alegorias e Adereços,J4,10
MAN,2003,Alegorias e Adereços,J3,10
MAN,2003,Alegorias e Adereços,J2,10
MAN,2003,Alegorias e Adereços,J1,10
MAN,2003,Fantasias,J4,10
MAN,2003,Fantasias,J3,10
MAN,2003,Fantasias,J2,10
MAN,2003,Fantasias,J1,10
MAN,2003,Comissão de Frente,J4,10
MAN,2003,Comissão de Frente,J3,9.5
MAN,2003,Comissão de Frente,J2,10
MAN,2003,Comissão de Frente,J1,10
MAN,2003,Mestre-Sala e Porta-Bandeira,J4,10
MAN,2003,Mestre-Sala e Porta-Bandeira,J3,9.8
MAN,2003,Mestre-Sala e Porta-Bandeira,J2,9.9
MOC,2003,Mestre-Sala e Porta-Bandeira,J1,9.8
MOC,2003,Pen.,Pen.,0
MOC,2003,Bateria,J4,10
MOC,2003,Bateria,J3,8.2
MOC,2003,Bateria,J2,10
MOC,2003,Bateria,J1,8.9
MOC,2003,Samba-Enredo,J4,9.8
MOC,2003,Samba-Enredo,J3,9.8
MOC,2003,Samba-Enredo,J2,9.9
MOC,2003,Samba-Enredo,J1,9.9
MOC,2003,Harmonia,J4,10
MOC,2003,Harmonia,J3,10
MOC,2003,Harmonia,J2,10
MOC,2003,Harmonia,J1,10
MOC,2003,Evolução,J4,9.9
MOC,2003,Evolução,J3,10
MOC,2003,Evolução,J2,10
MOC,2003,Evolução,J1,10
MOC,2003,Enredo,J4,10
MOC,2003,Enredo,J3,10
MOC,2003,Enredo,J2,10
MOC,2003,Enredo,J1,10
MOC,2003,Conjunto,J4,10
MOC,2003,Conjunto,J3,9.8
MOC,2003,Conjunto,J2,10
MOC,2003,Conjunto,J1,9.9
MOC,2003,Alegorias e Adereços,J4,9.8
MOC,2003,Alegorias e Adereços,J3,9.7
MOC,2003,Alegorias e Adereços,J2,10
MOC,2003,Alegorias e Adereços,J1,9.9
MOC,2003,Fantasias,J4,10
MOC,2003,Fantasias,J3,10
MOC,2003,Fantasias,J2,10
MOC,2003,Fantasias,J1,10
MOC,2003,Comissão de Frente,J4,9.8
MOC,2003,Comissão de Frente,J3,9.4
MOC,2003,Comissão de Frente,J2,10
MOC,2003,Comissão de Frente,J1,10
MOC,2003,Mestre-Sala e Porta-Bandeira,J4,10
MOC,2003,Mestre-Sala e Porta-Bandeira,J3,9.8
MOC,2003,Mestre-Sala e Porta-Bandeira,J2,10
POR,2003,Mestre-Sala e Porta-Bandeira,J1,9.9
POR,2003,Mestre-Sala e Porta-Bandeira,J2,9.8
POR,2003,Mestre-Sala e Porta-Bandeira,J3,10
POR,2003,Mestre-Sala e Porta-Bandeira,J4,9.7
POR,2003,Comissão de Frente,J1,9.8
POR,2003,Comissão de Frente,J2,9.4
POR,2003,Comissão de Frente,J3,9.3
POR,2003,Comissão de Frente,J4,9.8
POR,2003,Fantasias,J1,10
POR,2003,Fantasias,J2,9.5
POR,2003,Fantasias,J3,10
POR,2003,Fantasias,J4,10
POR,2003,Alegorias e Adereços,J1,9.6
POR,2003,Alegorias e Adereços,J2,9
POR,2003,Alegorias e Adereços,J3,9.8
POR,2003,Alegorias e Adereços,J4,9.3
POR,2003,Conjunto,J1,9.3
POR,2003,Conjunto,J2,10
POR,2003,Conjunto,J3,9.6
POR,2003,Conjunto,J4,9.7
POR,2003,Enredo,J1,10
POR,2003,Enredo,J2,10
POR,2003,Enredo,J3,9.9
POR,2003,Enredo,J4,9.9
POR,2003,Evolução,J1,10
POR,2003,Evolução,J2,9.8
POR,2003,Evolução,J3,9.6
POR,2003,Evolução,J4,9.9
POR,2003,Harmonia,J1,10
POR,2003,Harmonia,J2,10
POR,2003,Harmonia,J3,9.9
POR,2003,Harmonia,J4,10
POR,2003,Samba-Enredo,J1,10
POR,2003,Samba-Enredo,J2,10
POR,2003,Samba-Enredo,J3,9.8
POR,2003,Samba-Enredo,J4,10
POR,2003,Bateria,J1,10
POR,2003,Bateria,J2,9.8
POR,2003,Bateria,J3,8.4
POR,2003,Bateria,J4,9.9
POR,2003,Pen.,Pen.,0
PPE,2003,Conjunto,J4,9.3
PPE,2003,Pen.,Pen.,0
PPE,2003,Bateria,J4,9.9
PPE,2003,Bateria,J3,8.2
PPE,2003,Bateria,J2,9.7
PPE,2003,Bateria,J1,9.3
PPE,2003,Samba-Enredo,J4,9.6
PPE,2003,Samba-Enredo,J3,9.7
PPE,2003,Samba-Enredo,J2,10
PPE,2003,Samba-Enredo,J1,9.2
PPE,2003,Harmonia,J4,9.5
PPE,2003,Harmonia,J3,9.7
PPE,2003,Harmonia,J2,9.3
PPE,2003,Harmonia,J1,9.8
PPE,2003,Evolução,J4,9.8
PPE,2003,Evolução,J3,9.7
PPE,2003,Evolução,J2,9.7
PPE,2003,Evolução,J1,9.9
PPE,2003,Enredo,J4,9.3
PPE,2003,Enredo,J3,9.7
PPE,2003,Enredo,J2,9.6
PPE,2003,Enredo,J1,9.6
PPE,2003,Conjunto,J3,9.7
PPE,2003,Conjunto,J2,9.4
PPE,2003,Conjunto,J1,9
PPE,2003,Alegorias e Adereços,J4,9.7
PPE,2003,Alegorias e Adereços,J3,9.6
PPE,2003,Alegorias e Adereços,J2,9.2
PPE,2003,Alegorias e Adereços,J1,9.6
PPE,2003,Fantasias,J4,9.5
PPE,2003,Fantasias,J3,10
PPE,2003,Fantasias,J2,9.5
PPE,2003,Fantasias,J1,9.8
PPE,2003,Comissão de Frente,J4,9.6
PPE,2003,Comissão de Frente,J3,9
PPE,2003,Comissão de Frente,J2,9.8
PPE,2003,Comissão de Frente,J1,10
PPE,2003,Mestre-Sala e Porta-Bandeira,J4,10
PPE,2003,Mestre-Sala e Porta-Bandeira,J3,9.6
PPE,2003,Mestre-Sala e Porta-Bandeira,J2,10
PPE,2003,Mestre-Sala e Porta-Bandeira,J1,10
SAL,2003,Bateria,J2,10
SAL,2003,Bateria,J3,10
SAL,2003,Samba-Enredo,J2,9.8
SAL,2003,Pen.,Pen.,-0.8
SAL,2003,Samba-Enredo,J4,9.8
SAL,2003,Bateria,J1,9
SAL,2003,Samba-Enredo,J3,10
SAL,2003,Samba-Enredo,J1,10
SAL,2003,Harmonia,J4,10
SAL,2003,Harmonia,J3,9.6
SAL,2003,Harmonia,J2,9.9
SAL,2003,Harmonia,J1,10
SAL,2003,Evolução,J4,9.8
SAL,2003,Evolução,J3,9.7
SAL,2003,Evolução,J2,9.8
SAL,2003,Evolução,J1,10
SAL,2003,Enredo,J4,9.5
SAL,2003,Enredo,J3,9.8
SAL,2003,Enredo,J2,9.6
SAL,2003,Enredo,J1,9.8
SAL,2003,Conjunto,J4,9.8
SAL,2003,Conjunto,J3,9.5
SAL,2003,Conjunto,J2,9.8
SAL,2003,Conjunto,J1,9.5
SAL,2003,Alegorias e Adereços,J4,10
SAL,2003,Alegorias e Adereços,J3,9.8
SAL,2003,Alegorias e Adereços,J2,9.8
SAL,2003,Alegorias e Adereços,J1,10
SAL,2003,Fantasias,J4,10
SAL,2003,Fantasias,J3,10
SAL,2003,Fantasias,J2,9.2
SAL,2003,Fantasias,J1,10
SAL,2003,Comissão de Frente,J4,9.9
SAL,2003,Comissão de Frente,J3,9.2
SAL,2003,Comissão de Frente,J2,9.8
SAL,2003,Comissão de Frente,J1,9.7
SAL,2003,Bateria,J4,9.6
SAL,2003,Mestre-Sala e Porta-Bandeira,J4,9.8
SAL,2003,Mestre-Sala e Porta-Bandeira,J3,10
SAL,2003,Mestre-Sala e Porta-Bandeira,J2,9.8
SAL,2003,Mestre-Sala e Porta-Bandeira,J1,10
STC,2003,Harmonia,J3,9.6
STC,2003,Evolução,J2,9.5
STC,2003,Evolução,J1,9.6
STC,2003,Enredo,J4,9.8
STC,2003,Enredo,J3,9.7
STC,2003,Evolução,J4,9.7
STC,2003,Mestre-Sala e Porta-Bandeira,J1,9.8
STC,2003,Mestre-Sala e Porta-Bandeira,J2,9.5
STC,2003,Mestre-Sala e Porta-Bandeira,J3,9.8
STC,2003,Mestre-Sala e Porta-Bandeira,J4,9.7
STC,2003,Comissão de Frente,J1,9.6
STC,2003,Comissão de Frente,J2,9.4
STC,2003,Comissão de Frente,J3,8.7
STC,2003,Comissão de Frente,J4,9.7
STC,2003,Fantasias,J1,9.4
STC,2003,Fantasias,J2,9
STC,2003,Fantasias,J3,9.5
STC,2003,Fantasias,J4,9.5
STC,2003,Alegorias e Adereços,J1,9.2
STC,2003,Alegorias e Adereços,J2,9.4
STC,2003,Alegorias e Adereços,J3,8
STC,2003,Harmonia,J1,9.5
STC,2003,Harmonia,J2,9.5
STC,2003,Harmonia,J4,9.4
STC,2003,Samba-Enredo,J1,8
STC,2003,Samba-Enredo,J2,9.4
STC,2003,Samba-Enredo,J3,8.5
STC,2003,Samba-Enredo,J4,10
STC,2003,Bateria,J1,8.7
STC,2003,Bateria,J2,9.3
STC,2003,Bateria,J3,8.8
STC,2003,Bateria,J4,9.5
STC,2003,Pen.,Pen.,0
STC,2003,Alegorias e Adereços,J4,8.8
STC,2003,Conjunto,J1,8
STC,2003,Conjunto,J2,8.9
STC,2003,Conjunto,J3,9.1
STC,2003,Conjunto,J4,9.2
STC,2003,Enredo,J1,9.7
STC,2003,Enredo,J2,9.6
STC,2003,Evolução,J3,9
TIJ,2003,Comissão de Frente,J1,10
TIJ,2003,Mestre-Sala e Porta-Bandeira,J4,10
TIJ,2003,Mestre-Sala e Porta-Bandeira,J3,10
TIJ,2003,Mestre-Sala e Porta-Bandeira,J2,10
TIJ,2003,Mestre-Sala e Porta-Bandeira,J1,10
TIJ,2003,Comissão de Frente,J2,9.5
TIJ,2003,Bateria,J1,9.5
TIJ,2003,Samba-Enredo,J4,10
TIJ,2003,Enredo,J1,9.8
TIJ,2003,Enredo,J2,9.8
TIJ,2003,Enredo,J3,9.8
TIJ,2003,Enredo,J4,9.8
TIJ,2003,Evolução,J1,9.9
TIJ,2003,Evolução,J2,10
TIJ,2003,Evolução,J3,9.8
TIJ,2003,Evolução,J4,9.9
TIJ,2003,Harmonia,J1,9.3
TIJ,2003,Harmonia,J2,9.8
TIJ,2003,Harmonia,J3,9.1
TIJ,2003,Harmonia,J4,9.8
TIJ,2003,Samba-Enredo,J1,9.9
TIJ,2003,Samba-Enredo,J2,9.9
TIJ,2003,Conjunto,J4,9.7
TIJ,2003,Pen.,Pen.,0
TIJ,2003,Bateria,J4,9.8
TIJ,2003,Comissão de Frente,J3,9.5
TIJ,2003,Comissão de Frente,J4,9.9
TIJ,2003,Fantasias,J1,9.8
TIJ,2003,Fantasias,J2,9.8
TIJ,2003,Fantasias,J3,9.6
TIJ,2003,Fantasias,J4,10
TIJ,2003,Alegorias e Adereços,J1,9.7
TIJ,2003,Alegorias e Adereços,J2,9.6
TIJ,2003,Alegorias e Adereços,J3,9.2
TIJ,2003,Alegorias e Adereços,J4,10
TIJ,2003,Conjunto,J1,8.7
TIJ,2003,Conjunto,J2,9.3
TIJ,2003,Conjunto,J3,9.6
TIJ,2003,Samba-Enredo,J3,10
TIJ,2003,Bateria,J3,10
TIJ,2003,Bateria,J2,10
TRD,2003,Bateria,J2,9.7
TRD,2003,Enredo,J1,8.7
TRD,2003,Conjunto,J4,9.4
TRD,2003,Conjunto,J3,9.3
TRD,2003,Conjunto,J2,9
TRD,2003,Enredo,J2,9.4
TRD,2003,Enredo,J3,8.8
TRD,2003,Enredo,J4,8.6
TRD,2003,Evolução,J1,9.9
TRD,2003,Evolução,J2,9.8
TRD,2003,Evolução,J3,8.8
TRD,2003,Evolução,J4,9.9
TRD,2003,Harmonia,J1,10
TRD,2003,Harmonia,J2,9.7
TRD,2003,Harmonia,J3,9.6
TRD,2003,Harmonia,J4,9.7
TRD,2003,Samba-Enredo,J1,9.4
TRD,2003,Samba-Enredo,J2,9.4
TRD,2003,Samba-Enredo,J3,9
TRD,2003,Samba-Enredo,J4,9.2
TRD,2003,Bateria,J1,8.9
TRD,2003,Bateria,J3,10
TRD,2003,Bateria,J4,9.9
TRD,2003,Pen.,Pen.,0
TRD,2003,Mestre-Sala e Porta-Bandeira,J1,9.8
TRD,2003,Mestre-Sala e Porta-Bandeira,J2,9.7
TRD,2003,Mestre-Sala e Porta-Bandeira,J3,10
TRD,2003,Mestre-Sala e Porta-Bandeira,J4,9.9
TRD,2003,Comissão de Frente,J1,9.5
TRD,2003,Comissão de Frente,J2,9.5
TRD,2003,Comissão de Frente,J3,9
TRD,2003,Comissão de Frente,J4,9.8
TRD,2003,Fantasias,J1,9.7
TRD,2003,Fantasias,J2,9
TRD,2003,Fantasias,J3,9.3
TRD,2003,Fantasias,J4,9.5
TRD,2003,Alegorias e Adereços,J1,9.6
TRD,2003,Alegorias e Adereços,J2,8.9
TRD,2003,Alegorias e Adereços,J3,9
TRD,2003,Alegorias e Adereços,J4,8.9
TRD,2003,Conjunto,J1,9.6
VIR,2003,Enredo,J3,10
VIR,2003,Enredo,J2,10
VIR,2003,Enredo,J1,10
VIR,2003,Conjunto,J4,10
VIR,2003,Conjunto,J3,10
VIR,2003,Conjunto,J2,9.6
VIR,2003,Conjunto,J1,9.4
VIR,2003,Alegorias e Adereços,J4,9.8
VIR,2003,Alegorias e Adereços,J3,9.6
VIR,2003,Alegorias e Adereços,J2,9.7
VIR,2003,Alegorias e Adereços,J1,9.7
VIR,2003,Fantasias,J4,9.8
VIR,2003,Fantasias,J3,9.8
VIR,2003,Fantasias,J2,9.2
VIR,2003,Fantasias,J1,9.9
VIR,2003,Comissão de Frente,J4,10
VIR,2003,Comissão de Frente,J3,9.3
VIR,2003,Comissão de Frente,J2,9.5
VIR,2003,Comissão de Frente,J1,10
VIR,2003,Mestre-Sala e Porta-Bandeira,J4,9.8
VIR,2003,Mestre-Sala e Porta-Bandeira,J3,9.8
VIR,2003,Mestre-Sala e Porta-Bandeira,J2,9.7
VIR,2003,Mestre-Sala e Porta-Bandeira,J1,9.9
VIR,2003,Enredo,J4,10
VIR,2003,Evolução,J1,10
VIR,2003,Evolução,J2,10
VIR,2003,Evolução,J3,9.7
VIR,2003,Evolução,J4,9.9
VIR,2003,Harmonia,J1,10
VIR,2003,Harmonia,J2,10
VIR,2003,Harmonia,J3,9.7
VIR,2003,Harmonia,J4,10
VIR,2003,Samba-Enredo,J1,10
VIR,2003,Samba-Enredo,J2,10
VIR,2003,Samba-Enredo,J3,10
VIR,2003,Samba-Enredo,J4,10
VIR,2003,Bateria,J1,9.5
VIR,2003,Bateria,J2,10
VIR,2003,Bateria,J3,10
VIR,2003,Bateria,J4,10
VIR,2003,Pen.,Pen.,0
BJF,2004,Samba-Enredo,J4,10
BJF,2004,Harmonia,J1,10
BJF,2004,Harmonia,J2,10
BJF,2004,Harmonia,J3,10
BJF,2004,Harmonia,J4,10
BJF,2004,Bateria,J1,10
BJF,2004,Bateria,J2,null
BJF,2004,Bateria,J3,10
BJF,2004,Bateria,J4,10
BJF,2004,Enredo,J1,10
BJF,2004,Enredo,J2,10
BJF,2004,Enredo,J3,10
BJF,2004,Enredo,J4,10
BJF,2004,Mestre-Sala e Porta-Bandeira,J1,9.9
BJF,2004,Mestre-Sala e Porta-Bandeira,J2,10
BJF,2004,Mestre-Sala e Porta-Bandeira,J3,10
BJF,2004,Mestre-Sala e Porta-Bandeira,J4,10
BJF,2004,Samba-Enredo,J1,10
BJF,2004,Samba-Enredo,J2,10
BJF,2004,Samba-Enredo,J3,10
BJF,2004,Fantasias,J1,10
BJF,2004,Fantasias,J2,10
BJF,2004,Fantasias,J3,10
BJF,2004,Fantasias,J4,10
BJF,2004,Alegorias e Adereços,J1,9.9
BJF,2004,Alegorias e Adereços,J2,9.7
BJF,2004,Alegorias e Adereços,J3,10
BJF,2004,Alegorias e Adereços,J4,9.9
BJF,2004,Conjunto,J1,10
BJF,2004,Conjunto,J2,9.9
BJF,2004,Conjunto,J3,10
BJF,2004,Conjunto,J4,9.7
BJF,2004,Comissão de Frente,J1,10
BJF,2004,Comissão de Frente,J2,10
BJF,2004,Comissão de Frente,J3,10
BJF,2004,Comissão de Frente,J4,9.9
BJF,2004,Evolução,J1,10
BJF,2004,Evolução,J2,9.8
BJF,2004,Evolução,J3,10
BJF,2004,Evolução,J4,10
CAP,2004,Enredo,J2,9.6
CAP,2004,Bateria,J4,9.1
CAP,2004,Bateria,J3,9.5
CAP,2004,Bateria,J2,null
CAP,2004,Bateria,J1,9.9
CAP,2004,Harmonia,J4,8.8
CAP,2004,Harmonia,J3,9.7
CAP,2004,Harmonia,J2,9.5
CAP,2004,Harmonia,J1,9.4
CAP,2004,Conjunto,J4,8.1
CAP,2004,Comissão de Frente,J1,9.4
CAP,2004,Comissão de Frente,J2,9.8
CAP,2004,Comissão de Frente,J3,9.2
CAP,2004,Comissão de Frente,J4,9
CAP,2004,Enredo,J3,9.3
CAP,2004,Enredo,J1,9.4
CAP,2004,Evolução,J4,9.7
CAP,2004,Evolução,J1,9.5
CAP,2004,Enredo,J4,9.7
CAP,2004,Mestre-Sala e Porta-Bandeira,J1,9.8
CAP,2004,Mestre-Sala e Porta-Bandeira,J2,9.8
CAP,2004,Mestre-Sala e Porta-Bandeira,J3,9.7
CAP,2004,Mestre-Sala e Porta-Bandeira,J4,10
CAP,2004,Samba-Enredo,J1,9.1
CAP,2004,Samba-Enredo,J2,9.2
CAP,2004,Samba-Enredo,J3,9.4
CAP,2004,Samba-Enredo,J4,9.2
CAP,2004,Fantasias,J1,9.8
CAP,2004,Fantasias,J2,9.8
CAP,2004,Fantasias,J3,9.6
CAP,2004,Fantasias,J4,9.6
CAP,2004,Alegorias e Adereços,J1,9.6
CAP,2004,Alegorias e Adereços,J2,9.6
CAP,2004,Alegorias e Adereços,J3,9.4
CAP,2004,Alegorias e Adereços,J4,8.7
CAP,2004,Conjunto,J1,9.8
CAP,2004,Conjunto,J2,9.7
CAP,2004,Conjunto,J3,9.3
CAP,2004,Evolução,J2,9.8
CAP,2004,Evolução,J3,9.4
GRA,2004,Alegorias e Adereços,J1,10
GRA,2004,Evolução,J4,9.8
GRA,2004,Evolução,J3,9.6
GRA,2004,Evolução,J2,9.8
GRA,2004,Evolução,J1,9.9
GRA,2004,Comissão de Frente,J4,10
GRA,2004,Comissão de Frente,J3,9.5
GRA,2004,Comissão de Frente,J2,9.7
GRA,2004,Comissão de Frente,J1,10
GRA,2004,Conjunto,J4,8.5
GRA,2004,Conjunto,J3,9.7
GRA,2004,Conjunto,J2,9.9
GRA,2004,Harmonia,J2,9.7
GRA,2004,Harmonia,J1,9.8
GRA,2004,Harmonia,J3,9.8
GRA,2004,Harmonia,J4,9
GRA,2004,Bateria,J1,10
GRA,2004,Bateria,J2,null
GRA,2004,Bateria,J3,10
GRA,2004,Bateria,J4,10
GRA,2004,Enredo,J1,9.7
GRA,2004,Enredo,J2,9.6
GRA,2004,Enredo,J3,9.6
GRA,2004,Enredo,J4,9.7
GRA,2004,Mestre-Sala e Porta-Bandeira,J1,9.8
GRA,2004,Mestre-Sala e Porta-Bandeira,J2,10
GRA,2004,Mestre-Sala e Porta-Bandeira,J3,9.8
GRA,2004,Mestre-Sala e Porta-Bandeira,J4,9.9
GRA,2004,Samba-Enredo,J1,9.8
GRA,2004,Samba-Enredo,J2,10
GRA,2004,Samba-Enredo,J3,10
GRA,2004,Samba-Enredo,J4,9.9
GRA,2004,Fantasias,J1,9.8
GRA,2004,Fantasias,J2,10
GRA,2004,Fantasias,J3,9.4
GRA,2004,Fantasias,J4,10
GRA,2004,Alegorias e Adereços,J2,9.5
GRA,2004,Alegorias e Adereços,J3,9.7
GRA,2004,Conjunto,J1,9.7
GRA,2004,Alegorias e Adereços,J4,9.9
IMP,2004,Conjunto,J4,9.7
IMP,2004,Evolução,J4,10
IMP,2004,Evolução,J3,9.9
IMP,2004,Evolução,J2,10
IMP,2004,Evolução,J1,10
IMP,2004,Comissão de Frente,J4,9.9
IMP,2004,Comissão de Frente,J3,10
IMP,2004,Comissão de Frente,J2,10
IMP,2004,Comissão de Frente,J1,10
IMP,2004,Conjunto,J3,9.8
IMP,2004,Conjunto,J2,10
IMP,2004,Conjunto,J1,10
IMP,2004,Alegorias e Adereços,J4,9.8
IMP,2004,Alegorias e Adereços,J3,10
IMP,2004,Alegorias e Adereços,J2,10
IMP,2004,Alegorias e Adereços,J1,10
IMP,2004,Fantasias,J4,10
IMP,2004,Fantasias,J3,10
IMP,2004,Fantasias,J2,10
IMP,2004,Fantasias,J1,10
IMP,2004,Samba-Enredo,J4,9.9
IMP,2004,Samba-Enredo,J3,10
IMP,2004,Samba-Enredo,J2,9.8
IMP,2004,Samba-Enredo,J1,9.6
IMP,2004,Mestre-Sala e Porta-Bandeira,J4,10
IMP,2004,Mestre-Sala e Porta-Bandeira,J3,9.6
IMP,2004,Mestre-Sala e Porta-Bandeira,J2,9.8
IMP,2004,Mestre-Sala e Porta-Bandeira,J1,9.9
IMP,2004,Enredo,J4,10
IMP,2004,Enredo,J3,10
IMP,2004,Enredo,J2,10
IMP,2004,Enredo,J1,10
IMP,2004,Bateria,J4,9.6
IMP,2004,Bateria,J3,9.8
IMP,2004,Bateria,J2,null
IMP,2004,Bateria,J1,10
IMP,2004,Harmonia,J4,9.7
IMP,2004,Harmonia,J3,9.8
IMP,2004,Harmonia,J2,10
IMP,2004,Harmonia,J1,9.9
ISR,2004,Samba-Enredo,J1,10
ISR,2004,Samba-Enredo,J2,10
ISR,2004,Samba-Enredo,J3,10
ISR,2004,Enredo,J4,9.8
ISR,2004,Mestre-Sala e Porta-Bandeira,J2,10
ISR,2004,Samba-Enredo,J4,10
ISR,2004,Fantasias,J1,9.3
ISR,2004,Fantasias,J2,10
ISR,2004,Fantasias,J3,9.7
ISR,2004,Fantasias,J4,9.7
ISR,2004,Alegorias e Adereços,J1,9.5
ISR,2004,Alegorias e Adereços,J2,9.8
ISR,2004,Alegorias e Adereços,J3,9.6
ISR,2004,Alegorias e Adereços,J4,9.6
ISR,2004,Conjunto,J1,9.9
ISR,2004,Conjunto,J2,10
ISR,2004,Conjunto,J3,10
ISR,2004,Conjunto,J4,7.9
ISR,2004,Comissão de Frente,J1,9.7
ISR,2004,Comissão de Frente,J2,9.9
ISR,2004,Comissão de Frente,J3,9.6
ISR,2004,Comissão de Frente,J4,9.7
ISR,2004,Evolução,J1,10
ISR,2004,Evolução,J2,10
ISR,2004,Evolução,J3,10
ISR,2004,Enredo,J3,9.8
ISR,2004,Enredo,J2,9.6
ISR,2004,Enredo,J1,9.6
ISR,2004,Bateria,J4,9.9
ISR,2004,Bateria,J3,10
ISR,2004,Bateria,J2,null
ISR,2004,Bateria,J1,9.9
ISR,2004,Harmonia,J4,9.2
ISR,2004,Harmonia,J3,10
ISR,2004,Harmonia,J2,10
ISR,2004,Harmonia,J1,10
ISR,2004,Evolução,J4,9.8
ISR,2004,Mestre-Sala e Porta-Bandeira,J3,9.9
ISR,2004,Mestre-Sala e Porta-Bandeira,J1,9.8
ISR,2004,Mestre-Sala e Porta-Bandeira,J4,9.7
MAN,2004,Harmonia,J3,10
MAN,2004,Alegorias e Adereços,J1,10
MAN,2004,Fantasias,J4,10
MAN,2004,Fantasias,J3,10
MAN,2004,Fantasias,J2,10
MAN,2004,Fantasias,J1,10
MAN,2004,Samba-Enredo,J4,10
MAN,2004,Samba-Enredo,J3,10
MAN,2004,Samba-Enredo,J2,10
MAN,2004,Samba-Enredo,J1,10
MAN,2004,Mestre-Sala e Porta-Bandeira,J4,10
MAN,2004,Mestre-Sala e Porta-Bandeira,J3,9.8
MAN,2004,Mestre-Sala e Porta-Bandeira,J2,10
MAN,2004,Mestre-Sala e Porta-Bandeira,J1,9.9
MAN,2004,Enredo,J4,10
MAN,2004,Enredo,J3,10
MAN,2004,Enredo,J2,10
MAN,2004,Enredo,J1,10
MAN,2004,Bateria,J4,9.7
MAN,2004,Bateria,J3,9.8
MAN,2004,Bateria,J2,null
MAN,2004,Bateria,J1,9.9
MAN,2004,Harmonia,J4,10
MAN,2004,Harmonia,J2,10
MAN,2004,Harmonia,J1,9.9
MAN,2004,Alegorias e Adereços,J4,10
MAN,2004,Conjunto,J1,10
MAN,2004,Conjunto,J2,10
MAN,2004,Conjunto,J3,9.8
MAN,2004,Conjunto,J4,9.4
MAN,2004,Comissão de Frente,J1,10
MAN,2004,Comissão de Frente,J2,10
MAN,2004,Comissão de Frente,J3,10
MAN,2004,Comissão de Frente,J4,10
MAN,2004,Evolução,J1,10
MAN,2004,Evolução,J2,9.9
MAN,2004,Evolução,J3,9.8
MAN,2004,Evolução,J4,10
MAN,2004,Alegorias e Adereços,J2,10
MAN,2004,Alegorias e Adereços,J3,10
MOC,2004,Harmonia,J3,9.8
MOC,2004,Evolução,J3,9.9
MOC,2004,Harmonia,J4,9.4
MOC,2004,Bateria,J1,9.9
MOC,2004,Bateria,J2,null
MOC,2004,Bateria,J3,10
MOC,2004,Bateria,J4,9.5
MOC,2004,Enredo,J1,9.8
MOC,2004,Enredo,J2,9.4
MOC,2004,Enredo,J3,9.6
MOC,2004,Evolução,J4,9.8
MOC,2004,Enredo,J4,9.5
MOC,2004,Mestre-Sala e Porta-Bandeira,J1,9.9
MOC,2004,Mestre-Sala e Porta-Bandeira,J2,10
MOC,2004,Mestre-Sala e Porta-Bandeira,J3,9.8
MOC,2004,Mestre-Sala e Porta-Bandeira,J4,9.7
MOC,2004,Samba-Enredo,J1,9.5
MOC,2004,Samba-Enredo,J2,9.3
MOC,2004,Samba-Enredo,J3,9.9
MOC,2004,Samba-Enredo,J4,9.5
MOC,2004,Fantasias,J1,10
MOC,2004,Fantasias,J2,10
MOC,2004,Fantasias,J3,9.8
MOC,2004,Fantasias,J4,9.8
MOC,2004,Alegorias e Adereços,J1,10
MOC,2004,Alegorias e Adereços,J2,10
MOC,2004,Alegorias e Adereços,J3,10
MOC,2004,Alegorias e Adereços,J4,9.8
MOC,2004,Conjunto,J1,10
MOC,2004,Conjunto,J2,10
MOC,2004,Conjunto,J3,9.9
MOC,2004,Conjunto,J4,9.3
MOC,2004,Comissão de Frente,J1,10
MOC,2004,Comissão de Frente,J2,9.9
MOC,2004,Comissão de Frente,J3,9.2
MOC,2004,Comissão de Frente,J4,10
MOC,2004,Evolução,J1,10
MOC,2004,Harmonia,J2,9.8
MOC,2004,Harmonia,J1,9.7
MOC,2004,Evolução,J2,9.8
POR,2004,Enredo,J4,10
POR,2004,Evolução,J4,10
POR,2004,Evolução,J3,9.8
POR,2004,Evolução,J2,9.9
POR,2004,Evolução,J1,10
POR,2004,Comissão de Frente,J4,9.8
POR,2004,Comissão de Frente,J3,9.6
POR,2004,Comissão de Frente,J2,10
POR,2004,Comissão de Frente,J1,9.7
POR,2004,Conjunto,J4,9
POR,2004,Conjunto,J3,9.7
POR,2004,Conjunto,J2,10
POR,2004,Conjunto,J1,10
POR,2004,Alegorias e Adereços,J4,9.4
POR,2004,Alegorias e Adereços,J3,9.8
POR,2004,Alegorias e Adereços,J2,9.8
POR,2004,Alegorias e Adereços,J1,9.8
POR,2004,Fantasias,J4,10
POR,2004,Fantasias,J3,9.5
POR,2004,Fantasias,J2,9.9
POR,2004,Fantasias,J1,10
POR,2004,Samba-Enredo,J4,10
POR,2004,Samba-Enredo,J3,10
POR,2004,Samba-Enredo,J2,10
POR,2004,Samba-Enredo,J1,10
POR,2004,Mestre-Sala e Porta-Bandeira,J4,9.9
POR,2004,Mestre-Sala e Porta-Bandeira,J3,9.8
POR,2004,Mestre-Sala e Porta-Bandeira,J2,9.9
POR,2004,Mestre-Sala e Porta-Bandeira,J1,9.9
POR,2004,Enredo,J3,10
POR,2004,Enredo,J2,10
POR,2004,Enredo,J1,10
POR,2004,Bateria,J4,9.9
POR,2004,Bateria,J3,9.9
POR,2004,Bateria,J2,null
POR,2004,Bateria,J1,9.9
POR,2004,Harmonia,J4,10
POR,2004,Harmonia,J3,10
POR,2004,Harmonia,J2,10
POR,2004,Harmonia,J1,10
PPE,2004,Conjunto,J4,8.3
PPE,2004,Harmonia,J3,9.6
PPE,2004,Harmonia,J4,8.8
PPE,2004,Bateria,J1,10
PPE,2004,Bateria,J2,null
PPE,2004,Bateria,J3,9.8
PPE,2004,Bateria,J4,9.4
PPE,2004,Enredo,J1,10
PPE,2004,Enredo,J2,9.8
PPE,2004,Enredo,J3,10
PPE,2004,Enredo,J4,10
PPE,2004,Comissão de Frente,J1,10
PPE,2004,Conjunto,J3,9.6
PPE,2004,Conjunto,J2,9.7
PPE,2004,Conjunto,J1,9.8
PPE,2004,Alegorias e Adereços,J4,9.1
PPE,2004,Alegorias e Adereços,J3,9.6
PPE,2004,Alegorias e Adereços,J2,9.7
PPE,2004,Alegorias e Adereços,J1,9.7
PPE,2004,Fantasias,J4,9.8
PPE,2004,Fantasias,J3,9.6
PPE,2004,Fantasias,J2,9.9
PPE,2004,Fantasias,J1,10
PPE,2004,Samba-Enredo,J4,9.2
PPE,2004,Samba-Enredo,J3,9.6
PPE,2004,Samba-Enredo,J2,9.6
PPE,2004,Samba-Enredo,J1,9.8
PPE,2004,Mestre-Sala e Porta-Bandeira,J4,9.8
PPE,2004,Mestre-Sala e Porta-Bandeira,J3,10
PPE,2004,Mestre-Sala e Porta-Bandeira,J2,9.9
PPE,2004,Mestre-Sala e Porta-Bandeira,J1,9.9
PPE,2004,Harmonia,J1,9.8
PPE,2004,Harmonia,J2,9.5
PPE,2004,Evolução,J4,9.8
PPE,2004,Evolução,J3,9.4
PPE,2004,Evolução,J2,9.7
PPE,2004,Evolução,J1,9.8
PPE,2004,Comissão de Frente,J4,9.3
PPE,2004,Comissão de Frente,J3,9.8
PPE,2004,Comissão de Frente,J2,9.6
SAL,2004,Fantasias,J3,10
SAL,2004,Fantasias,J4,10
SAL,2004,Alegorias e Adereços,J1,10
SAL,2004,Alegorias e Adereços,J2,10
SAL,2004,Alegorias e Adereços,J3,10
SAL,2004,Alegorias e Adereços,J4,9.7
SAL,2004,Conjunto,J1,10
SAL,2004,Conjunto,J2,9.8
SAL,2004,Conjunto,J3,9.8
SAL,2004,Harmonia,J1,9.6
SAL,2004,Harmonia,J2,9.8
SAL,2004,Comissão de Frente,J1,10
SAL,2004,Comissão de Frente,J2,10
SAL,2004,Comissão de Frente,J3,10
SAL,2004,Comissão de Frente,J4,10
SAL,2004,Evolução,J1,10
SAL,2004,Evolução,J2,9.9
SAL,2004,Evolução,J3,9.8
SAL,2004,Evolução,J4,10
SAL,2004,Harmonia,J3,10
SAL,2004,Conjunto,J4,9.8
SAL,2004,Harmonia,J4,10
SAL,2004,Bateria,J1,9.8
SAL,2004,Bateria,J2,null
SAL,2004,Bateria,J3,9.9
SAL,2004,Bateria,J4,9.6
SAL,2004,Enredo,J1,9.8
SAL,2004,Enredo,J2,9.8
SAL,2004,Enredo,J3,9.7
SAL,2004,Enredo,J4,9.8
SAL,2004,Mestre-Sala e Porta-Bandeira,J1,10
SAL,2004,Mestre-Sala e Porta-Bandeira,J2,10
SAL,2004,Mestre-Sala e Porta-Bandeira,J3,10
SAL,2004,Mestre-Sala e Porta-Bandeira,J4,10
SAL,2004,Samba-Enredo,J1,10
SAL,2004,Samba-Enredo,J2,9.7
SAL,2004,Samba-Enredo,J3,9.9
SAL,2004,Samba-Enredo,J4,10
SAL,2004,Fantasias,J1,10
SAL,2004,Fantasias,J2,10
SCL,2004,Evolução,J4,9.7
SCL,2004,Harmonia,J1,9.5
SCL,2004,Harmonia,J2,9.2
SCL,2004,Harmonia,J3,9.5
SCL,2004,Harmonia,J4,8.7
SCL,2004,Bateria,J1,9.5
SCL,2004,Bateria,J2,null
SCL,2004,Bateria,J3,9.6
SCL,2004,Bateria,J4,10
SCL,2004,Enredo,J1,9.6
SCL,2004,Enredo,J2,9.7
SCL,2004,Enredo,J3,9.4
SCL,2004,Enredo,J4,9.4
SCL,2004,Mestre-Sala e Porta-Bandeira,J1,9.7
SCL,2004,Mestre-Sala e Porta-Bandeira,J2,9.7
SCL,2004,Mestre-Sala e Porta-Bandeira,J3,9.5
SCL,2004,Mestre-Sala e Porta-Bandeira,J4,9.8
SCL,2004,Samba-Enredo,J1,9.2
SCL,2004,Samba-Enredo,J2,9.4
SCL,2004,Samba-Enredo,J3,9.8
SCL,2004,Samba-Enredo,J4,9.4
SCL,2004,Fantasias,J1,9.5
SCL,2004,Fantasias,J2,9.7
SCL,2004,Fantasias,J3,9
SCL,2004,Fantasias,J4,9.7
SCL,2004,Alegorias e Adereços,J1,9.7
SCL,2004,Alegorias e Adereços,J2,9.3
SCL,2004,Alegorias e Adereços,J3,9.5
SCL,2004,Alegorias e Adereços,J4,8.3
SCL,2004,Conjunto,J1,9.5
SCL,2004,Conjunto,J2,9.6
SCL,2004,Conjunto,J3,9.1
SCL,2004,Conjunto,J4,8.2
SCL,2004,Comissão de Frente,J1,9.8
SCL,2004,Comissão de Frente,J2,9.8
SCL,2004,Comissão de Frente,J3,8.8
SCL,2004,Comissão de Frente,J4,9.8
SCL,2004,Evolução,J1,9.4
SCL,2004,Evolução,J2,9.8
SCL,2004,Evolução,J3,9
TIJ,2004,Conjunto,J2,10
TIJ,2004,Conjunto,J3,10
TIJ,2004,Conjunto,J4,9.9
TIJ,2004,Comissão de Frente,J1,9.8
TIJ,2004,Comissão de Frente,J2,10
TIJ,2004,Conjunto,J1,10
TIJ,2004,Alegorias e Adereços,J4,10
TIJ,2004,Comissão de Frente,J3,10
TIJ,2004,Comissão de Frente,J4,9.9
TIJ,2004,Evolução,J1,10
TIJ,2004,Evolução,J2,9.9
TIJ,2004,Evolução,J3,10
TIJ,2004,Evolução,J4,10
TIJ,2004,Harmonia,J1,9.6
TIJ,2004,Alegorias e Adereços,J3,10
TIJ,2004,Alegorias e Adereços,J2,10
TIJ,2004,Alegorias e Adereços,J1,10
TIJ,2004,Fantasias,J4,10
TIJ,2004,Fantasias,J3,10
TIJ,2004,Fantasias,J2,9.9
TIJ,2004,Fantasias,J1,9.6
TIJ,2004,Samba-Enredo,J4,10
TIJ,2004,Samba-Enredo,J3,10
TIJ,2004,Samba-Enredo,J2,9.7
TIJ,2004,Samba-Enredo,J1,9.9
TIJ,2004,Mestre-Sala e Porta-Bandeira,J4,10
TIJ,2004,Mestre-Sala e Porta-Bandeira,J3,10
TIJ,2004,Mestre-Sala e Porta-Bandeira,J2,10
TIJ,2004,Mestre-Sala e Porta-Bandeira,J1,10
TIJ,2004,Enredo,J4,10
TIJ,2004,Enredo,J3,10
TIJ,2004,Enredo,J2,10
TIJ,2004,Enredo,J1,10
TIJ,2004,Bateria,J4,9.9
TIJ,2004,Bateria,J3,10
TIJ,2004,Bateria,J2,null
TIJ,2004,Bateria,J1,10
TIJ,2004,Harmonia,J4,10
TIJ,2004,Harmonia,J3,10
TIJ,2004,Harmonia,J2,9.8
TRD,2004,Evolução,J3,9.3
TRD,2004,Conjunto,J1,9.4
TRD,2004,Harmonia,J1,9.9
TRD,2004,Harmonia,J2,9.6
TRD,2004,Harmonia,J3,10
TRD,2004,Harmonia,J4,9.6
TRD,2004,Bateria,J1,9.7
TRD,2004,Bateria,J2,null
TRD,2004,Bateria,J3,9.6
TRD,2004,Bateria,J4,9.3
TRD,2004,Enredo,J1,9
TRD,2004,Enredo,J2,9.2
TRD,2004,Enredo,J3,9.8
TRD,2004,Enredo,J4,9
TRD,2004,Mestre-Sala e Porta-Bandeira,J1,10
TRD,2004,Mestre-Sala e Porta-Bandeira,J2,9.8
TRD,2004,Conjunto,J4,7.8
TRD,2004,Mestre-Sala e Porta-Bandeira,J3,9.9
TRD,2004,Mestre-Sala e Porta-Bandeira,J4,10
TRD,2004,Samba-Enredo,J1,10
TRD,2004,Samba-Enredo,J2,10
TRD,2004,Samba-Enredo,J3,10
TRD,2004,Samba-Enredo,J4,10
TRD,2004,Fantasias,J1,9.5
TRD,2004,Fantasias,J2,9.8
TRD,2004,Fantasias,J3,8.7
TRD,2004,Fantasias,J4,9.5
TRD,2004,Alegorias e Adereços,J1,9.6
TRD,2004,Alegorias e Adereços,J2,9.6
TRD,2004,Alegorias e Adereços,J3,9.5
TRD,2004,Alegorias e Adereços,J4,9
TRD,2004,Conjunto,J2,9.7
TRD,2004,Conjunto,J3,9.1
TRD,2004,Comissão de Frente,J1,9.6
TRD,2004,Comissão de Frente,J2,9.8
TRD,2004,Comissão de Frente,J3,9.6
TRD,2004,Comissão de Frente,J4,9.6
TRD,2004,Evolução,J1,9.6
TRD,2004,Evolução,J2,9.8
TRD,2004,Evolução,J4,10
VIR,2004,Evolução,J4,10
VIR,2004,Harmonia,J1,9.9
VIR,2004,Harmonia,J2,10
VIR,2004,Harmonia,J3,10
VIR,2004,Harmonia,J4,10
VIR,2004,Bateria,J1,10
VIR,2004,Bateria,J2,null
VIR,2004,Bateria,J3,10
VIR,2004,Bateria,J4,10
VIR,2004,Enredo,J1,9.8
VIR,2004,Enredo,J2,10
VIR,2004,Enredo,J3,10
VIR,2004,Enredo,J4,10
VIR,2004,Mestre-Sala e Porta-Bandeira,J1,9.9
VIR,2004,Mestre-Sala e Porta-Bandeira,J2,10
VIR,2004,Mestre-Sala e Porta-Bandeira,J3,9.8
VIR,2004,Mestre-Sala e Porta-Bandeira,J4,10
VIR,2004,Samba-Enredo,J1,9.8
VIR,2004,Samba-Enredo,J2,10
VIR,2004,Samba-Enredo,J3,10
VIR,2004,Samba-Enredo,J4,9.9
VIR,2004,Fantasias,J1,9.5
VIR,2004,Fantasias,J2,10
VIR,2004,Fantasias,J3,10
VIR,2004,Fantasias,J4,10
VIR,2004,Alegorias e Adereços,J1,9.7
VIR,2004,Alegorias e Adereços,J2,10
VIR,2004,Alegorias e Adereços,J3,10
VIR,2004,Alegorias e Adereços,J4,10
VIR,2004,Conjunto,J1,10
VIR,2004,Conjunto,J2,10
VIR,2004,Conjunto,J3,10
VIR,2004,Conjunto,J4,8.8
VIR,2004,Comissão de Frente,J1,10
VIR,2004,Comissão de Frente,J2,9.9
VIR,2004,Comissão de Frente,J3,10
VIR,2004,Comissão de Frente,J4,10
VIR,2004,Evolução,J1,10
VIR,2004,Evolução,J2,9.9
VIR,2004,Evolução,J3,10
BJF,2005,Comissão de Frente,J1,10
BJF,2005,Bateria,J4,10
BJF,2005,Bateria,J3,10
BJF,2005,Bateria,J2,10
BJF,2005,Bateria,J1,10
BJF,2005,Harmonia,J4,10
BJF,2005,Harmonia,J3,9.9
BJF,2005,Harmonia,J2,10
BJF,2005,Harmonia,J1,10
BJF,2005,Enredo,J4,9.9
BJF,2005,Enredo,J3,10
BJF,2005,Enredo,J2,10
BJF,2005,Enredo,J1,10
BJF,2005,Comissão de Frente,J4,10
BJF,2005,Comissão de Frente,J3,10
BJF,2005,Comissão de Frente,J2,10
BJF,2005,Alegorias e Adereços,J1,9.9
BJF,2005,Alegorias e Adereços,J2,10
BJF,2005,Alegorias e Adereços,J3,10
BJF,2005,Alegorias e Adereços,J4,10
BJF,2005,Evolução,J1,10
BJF,2005,Evolução,J2,10
BJF,2005,Evolução,J3,10
BJF,2005,Evolução,J4,9.9
BJF,2005,Mestre-Sala e Porta-Bandeira,J1,10
BJF,2005,Mestre-Sala e Porta-Bandeira,J2,10
BJF,2005,Mestre-Sala e Porta-Bandeira,J3,9.9
BJF,2005,Mestre-Sala e Porta-Bandeira,J4,10
BJF,2005,Conjunto,J1,10
BJF,2005,Conjunto,J2,9.9
BJF,2005,Conjunto,J3,10
BJF,2005,Conjunto,J4,10
BJF,2005,Fantasias,J1,10
BJF,2005,Fantasias,J2,10
BJF,2005,Fantasias,J3,10
BJF,2005,Fantasias,J4,10
BJF,2005,Pen.,Pen.,0
BJF,2005,Samba-Enredo,J4,10
BJF,2005,Samba-Enredo,J3,10
BJF,2005,Samba-Enredo,*,10
BJF,2005,Samba-Enredo,J1,10
CAP,2005,Mestre-Sala e Porta-Bandeira,J3,9.8
CAP,2005,Fantasias,J4,9.8
CAP,2005,Fantasias,J3,9.7
CAP,2005,Fantasias,J2,9.7
CAP,2005,Fantasias,J1,9.7
CAP,2005,Conjunto,J4,9.5
CAP,2005,Conjunto,J3,9.5
CAP,2005,Conjunto,J2,9.5
CAP,2005,Conjunto,J1,9.3
CAP,2005,Mestre-Sala e Porta-Bandeira,J4,9.8
CAP,2005,Alegorias e Adereços,J4,8
CAP,2005,Alegorias e Adereços,J3,9.5
CAP,2005,Alegorias e Adereços,J2,9.5
CAP,2005,Alegorias e Adereços,J1,9.5
CAP,2005,Enredo,J4,9.2
CAP,2005,Enredo,J3,9.2
CAP,2005,Enredo,J2,9.7
CAP,2005,Enredo,J1,9.8
CAP,2005,Comissão de Frente,J4,9.9
CAP,2005,Comissão de Frente,J3,9.7
CAP,2005,Pen.,Pen.,0
CAP,2005,Mestre-Sala e Porta-Bandeira,J2,9.7
CAP,2005,Mestre-Sala e Porta-Bandeira,J1,9.9
CAP,2005,Evolução,J4,9.8
CAP,2005,Evolução,J3,10
CAP,2005,Evolução,J2,9.8
CAP,2005,Evolução,J1,9.7
CAP,2005,Harmonia,J3,9.6
CAP,2005,Harmonia,J4,9.6
CAP,2005,Bateria,J1,9.8
CAP,2005,Bateria,J2,9.8
CAP,2005,Bateria,J3,10
CAP,2005,Bateria,J4,10
CAP,2005,Samba-Enredo,J1,9.8
CAP,2005,Samba-Enredo,*,9.8
CAP,2005,Samba-Enredo,J3,9.8
CAP,2005,Samba-Enredo,J4,9.7
CAP,2005,Harmonia,J2,9.9
CAP,2005,Harmonia,J1,9.7
CAP,2005,Comissão de Frente,J1,9.8
CAP,2005,Comissão de Frente,J2,9.8
GRA,2005,Mestre-Sala e Porta-Bandeira,J4,10
GRA,2005,Fantasias,J2,10
GRA,2005,Fantasias,J3,10
GRA,2005,Fantasias,J4,10
GRA,2005,Pen.,Pen.,0
GRA,2005,Conjunto,J1,9.8
GRA,2005,Conjunto,J2,9.8
GRA,2005,Conjunto,J3,10
GRA,2005,Conjunto,J4,10
GRA,2005,Alegorias e Adereços,J3,10
GRA,2005,Alegorias e Adereços,J4,10
GRA,2005,Evolução,J1,10
GRA,2005,Evolução,J2,10
GRA,2005,Evolução,J3,10
GRA,2005,Evolução,J4,9.9
GRA,2005,Samba-Enredo,J1,9.8
GRA,2005,Samba-Enredo,*,10
GRA,2005,Samba-Enredo,J3,10
GRA,2005,Samba-Enredo,J4,9.8
GRA,2005,Comissão de Frente,J1,10
GRA,2005,Fantasias,J1,10
GRA,2005,Comissão de Frente,J2,10
GRA,2005,Comissão de Frente,J3,10
GRA,2005,Comissão de Frente,J4,10
GRA,2005,Enredo,J1,9.8
GRA,2005,Enredo,J2,10
GRA,2005,Enredo,J3,9.8
GRA,2005,Enredo,J4,10
GRA,2005,Alegorias e Adereços,J1,10
GRA,2005,Alegorias e Adereços,J2,10
GRA,2005,Harmonia,J1,10
GRA,2005,Bateria,J4,10
GRA,2005,Bateria,J3,10
GRA,2005,Bateria,J2,10
GRA,2005,Bateria,J1,10
GRA,2005,Harmonia,J4,10
GRA,2005,Harmonia,J3,10
GRA,2005,Harmonia,J2,10
GRA,2005,Mestre-Sala e Porta-Bandeira,J1,10
GRA,2005,Mestre-Sala e Porta-Bandeira,J2,10
GRA,2005,Mestre-Sala e Porta-Bandeira,J3,9.9
IMP,2005,Fantasias,J1,10
IMP,2005,Evolução,J4,9.9
IMP,2005,Evolução,J3,10
IMP,2005,Evolução,J2,10
IMP,2005,Evolução,J1,10
IMP,2005,Alegorias e Adereços,J4,9.7
IMP,2005,Alegorias e Adereços,J3,10
IMP,2005,Alegorias e Adereços,J2,10
IMP,2005,Alegorias e Adereços,J1,10
IMP,2005,Enredo,J4,10
IMP,2005,Enredo,J3,10
IMP,2005,Enredo,J2,10
IMP,2005,Enredo,J1,10
IMP,2005,Comissão de Frente,J4,10
IMP,2005,Comissão de Frente,J3,10
IMP,2005,Comissão de Frente,J2,10
IMP,2005,Comissão de Frente,J1,10
IMP,2005,Samba-Enredo,J4,10
IMP,2005,Samba-Enredo,J3,10
IMP,2005,Samba-Enredo,*,10
IMP,2005,Samba-Enredo,J1,9.9
IMP,2005,Bateria,J4,10
IMP,2005,Bateria,J3,9.9
IMP,2005,Bateria,J2,10
IMP,2005,Bateria,J1,10
IMP,2005,Harmonia,J4,9.8
IMP,2005,Harmonia,J3,9.9
IMP,2005,Harmonia,J2,10
IMP,2005,Harmonia,J1,10
IMP,2005,Mestre-Sala e Porta-Bandeira,J1,9.8
IMP,2005,Mestre-Sala e Porta-Bandeira,J2,10
IMP,2005,Mestre-Sala e Porta-Bandeira,J3,9.7
IMP,2005,Mestre-Sala e Porta-Bandeira,J4,10
IMP,2005,Conjunto,J1,10
IMP,2005,Conjunto,J2,10
IMP,2005,Conjunto,J3,9.9
IMP,2005,Conjunto,J4,10
IMP,2005,Fantasias,J2,10
IMP,2005,Fantasias,J3,10
IMP,2005,Fantasias,J4,10
IMP,2005,Pen.,Pen.,0
ISR,2005,Comissão de Frente,J1,9.8
ISR,2005,Comissão de Frente,J2,9.5
ISR,2005,Mestre-Sala e Porta-Bandeira,J1,9.8
ISR,2005,Mestre-Sala e Porta-Bandeira,J2,9.7
ISR,2005,Mestre-Sala e Porta-Bandeira,J3,9.7
ISR,2005,Mestre-Sala e Porta-Bandeira,J4,9.7
ISR,2005,Conjunto,J1,9.7
ISR,2005,Conjunto,J2,9.3
ISR,2005,Pen.,Pen.,0
ISR,2005,Fantasias,J4,9.5
ISR,2005,Conjunto,J3,9.4
ISR,2005,Fantasias,J3,9.3
ISR,2005,Fantasias,J2,9.7
ISR,2005,Fantasias,J1,9.5
ISR,2005,Conjunto,J4,9.6
ISR,2005,Comissão de Frente,J3,9.4
ISR,2005,Comissão de Frente,J4,9.9
ISR,2005,Enredo,J1,9.8
ISR,2005,Enredo,J2,9.7
ISR,2005,Enredo,J3,9.6
ISR,2005,Enredo,J4,9.7
ISR,2005,Alegorias e Adereços,J1,9.5
ISR,2005,Alegorias e Adereços,J2,9.5
ISR,2005,Alegorias e Adereços,J3,9.3
ISR,2005,Alegorias e Adereços,J4,8.2
ISR,2005,Evolução,J1,9.7
ISR,2005,Evolução,J2,9.9
ISR,2005,Evolução,J3,9.7
ISR,2005,Evolução,J4,9.9
ISR,2005,Harmonia,J1,9.7
ISR,2005,Harmonia,J2,9.7
ISR,2005,Harmonia,J3,9.2
ISR,2005,Harmonia,J4,9.3
ISR,2005,Bateria,J1,9.7
ISR,2005,Bateria,J2,9.8
ISR,2005,Bateria,J3,9.8
ISR,2005,Bateria,J4,9.9
ISR,2005,Samba-Enredo,J1,9.7
ISR,2005,Samba-Enredo,*,9.9
ISR,2005,Samba-Enredo,J3,9.7
ISR,2005,Samba-Enredo,J4,9.9
MAN,2005,Fantasias,J1,9.6
MAN,2005,Pen.,Pen.,0
MAN,2005,Fantasias,J4,9.5
MAN,2005,Fantasias,J3,9.9
MAN,2005,Fantasias,J2,9.8
MAN,2005,Conjunto,J4,9.8
MAN,2005,Conjunto,J3,9.8
MAN,2005,Conjunto,J2,9.6
MAN,2005,Conjunto,J1,9.7
MAN,2005,Mestre-Sala e Porta-Bandeira,J4,10
MAN,2005,Mestre-Sala e Porta-Bandeira,J3,10
MAN,2005,Mestre-Sala e Porta-Bandeira,J2,10
MAN,2005,Mestre-Sala e Porta-Bandeira,J1,10
MAN,2005,Evolução,J4,9.8
MAN,2005,Evolução,J3,10
MAN,2005,Evolução,J2,10
MAN,2005,Evolução,J1,9.8
MAN,2005,Alegorias e Adereços,J4,9.8
MAN,2005,Alegorias e Adereços,J3,10
MAN,2005,Alegorias e Adereços,J2,9.8
MAN,2005,Alegorias e Adereços,J1,9.8
MAN,2005,Enredo,J4,9.8
MAN,2005,Enredo,J3,9.7
MAN,2005,Enredo,J2,9.7
MAN,2005,Enredo,J1,9.8
MAN,2005,Comissão de Frente,J4,9.4
MAN,2005,Comissão de Frente,J3,10
MAN,2005,Comissão de Frente,J2,10
MAN,2005,Comissão de Frente,J1,9.8
MAN,2005,Samba-Enredo,J4,10
MAN,2005,Samba-Enredo,J3,10
MAN,2005,Samba-Enredo,*,10
MAN,2005,Samba-Enredo,J1,9.7
MAN,2005,Bateria,J4,10
MAN,2005,Bateria,J3,10
MAN,2005,Bateria,J2,9.9
MAN,2005,Bateria,J1,10
MAN,2005,Harmonia,J4,9.7
MAN,2005,Harmonia,J3,9.7
MAN,2005,Harmonia,J2,9.9
MAN,2005,Harmonia,J1,10
MOC,2005,Harmonia,J2,9.8
MOC,2005,Harmonia,J3,9.4
MOC,2005,Pen.,Pen.,0
MOC,2005,Fantasias,J4,9
MOC,2005,Fantasias,J3,10
MOC,2005,Fantasias,J2,9.9
MOC,2005,Fantasias,J1,10
MOC,2005,Conjunto,J4,9.6
MOC,2005,Conjunto,J3,9.7
MOC,2005,Conjunto,J2,9.8
MOC,2005,Conjunto,J1,10
MOC,2005,Mestre-Sala e Porta-Bandeira,J4,10
MOC,2005,Mestre-Sala e Porta-Bandeira,J3,9.7
MOC,2005,Mestre-Sala e Porta-Bandeira,J2,9.7
MOC,2005,Mestre-Sala e Porta-Bandeira,J1,9.7
MOC,2005,Harmonia,J4,9.4
MOC,2005,Bateria,J1,9.8
MOC,2005,Bateria,J2,9.5
MOC,2005,Bateria,J3,9.6
MOC,2005,Bateria,J4,9.8
MOC,2005,Samba-Enredo,J1,9.9
MOC,2005,Samba-Enredo,*,9.9
MOC,2005,Samba-Enredo,J3,9.9
MOC,2005,Samba-Enredo,J4,9.8
MOC,2005,Comissão de Frente,J1,9.9
MOC,2005,Comissão de Frente,J2,9.6
MOC,2005,Comissão de Frente,J3,9.5
MOC,2005,Comissão de Frente,J4,9.7
MOC,2005,Enredo,J1,9.6
MOC,2005,Enredo,J2,9.7
MOC,2005,Enredo,J3,9.5
MOC,2005,Enredo,J4,9.6
MOC,2005,Alegorias e Adereços,J1,9.6
MOC,2005,Alegorias e Adereços,J2,9.6
MOC,2005,Alegorias e Adereços,J3,9.7
MOC,2005,Alegorias e Adereços,J4,9.3
MOC,2005,Evolução,J1,9.9
MOC,2005,Evolução,J2,9.8
MOC,2005,Evolução,J3,10
MOC,2005,Evolução,J4,9.9
MOC,2005,Harmonia,J1,9.9
POR,2005,Comissão de Frente,J2,9.7
POR,2005,Comissão de Frente,J3,9.6
POR,2005,Conjunto,J3,9.3
POR,2005,Conjunto,J2,9.2
POR,2005,Conjunto,J1,9
POR,2005,Mestre-Sala e Porta-Bandeira,J4,9.8
POR,2005,Comissão de Frente,J4,9.9
POR,2005,Samba-Enredo,J1,10
POR,2005,Bateria,J4,9.8
POR,2005,Bateria,J3,9.9
POR,2005,Bateria,J2,9.8
POR,2005,Bateria,J1,10
POR,2005,Conjunto,J4,9.7
POR,2005,Fantasias,J1,9.4
POR,2005,Fantasias,J2,9.7
POR,2005,Fantasias,J3,9
POR,2005,Fantasias,J4,10
POR,2005,Pen.,Pen.,0
POR,2005,Evolução,J2,9.8
POR,2005,Harmonia,J3,9.6
POR,2005,Harmonia,J2,9.8
POR,2005,Samba-Enredo,J3,9.9
POR,2005,Samba-Enredo,J4,9.8
POR,2005,Evolução,J1,9.6
POR,2005,Harmonia,J1,9.6
POR,2005,Comissão de Frente,J1,9.8
POR,2005,Alegorias e Adereços,J4,9.2
POR,2005,Alegorias e Adereços,J3,9.5
POR,2005,Enredo,J2,9.4
POR,2005,Enredo,J3,9.3
POR,2005,Enredo,J4,9.3
POR,2005,Alegorias e Adereços,J1,8.7
POR,2005,Alegorias e Adereços,J2,9.4
POR,2005,Harmonia,J4,9.4
POR,2005,Mestre-Sala e Porta-Bandeira,J3,9.6
POR,2005,Enredo,J1,9
POR,2005,Mestre-Sala e Porta-Bandeira,J2,10
POR,2005,Mestre-Sala e Porta-Bandeira,J1,9.9
POR,2005,Evolução,J4,9.6
POR,2005,Evolução,J3,9.9
POR,2005,Samba-Enredo,*,10
PPE,2005,Bateria,J2,9.7
PPE,2005,Harmonia,J4,10
PPE,2005,Bateria,J1,9.5
PPE,2005,Harmonia,J1,10
PPE,2005,Bateria,J3,10
PPE,2005,Bateria,J4,10
PPE,2005,Samba-Enredo,J1,10
PPE,2005,Samba-Enredo,*,10
PPE,2005,Samba-Enredo,J3,10
PPE,2005,Samba-Enredo,J4,10
PPE,2005,Comissão de Frente,J1,9.9
PPE,2005,Comissão de Frente,J2,9.8
PPE,2005,Comissão de Frente,J3,9.7
PPE,2005,Comissão de Frente,J4,9.9
PPE,2005,Enredo,J1,9.8
PPE,2005,Enredo,J2,10
PPE,2005,Enredo,J3,9.8
PPE,2005,Enredo,J4,10
PPE,2005,Alegorias e Adereços,J1,10
PPE,2005,Alegorias e Adereços,J2,9.5
PPE,2005,Alegorias e Adereços,J3,9.6
PPE,2005,Alegorias e Adereços,J4,7.6
PPE,2005,Evolução,J1,10
PPE,2005,Evolução,J2,10
PPE,2005,Evolução,J3,10
PPE,2005,Evolução,J4,10
PPE,2005,Mestre-Sala e Porta-Bandeira,J1,9.8
PPE,2005,Harmonia,J2,10
PPE,2005,Harmonia,J3,10
PPE,2005,Mestre-Sala e Porta-Bandeira,J2,9.9
PPE,2005,Mestre-Sala e Porta-Bandeira,J3,9.8
PPE,2005,Mestre-Sala e Porta-Bandeira,J4,9.8
PPE,2005,Conjunto,J1,10
PPE,2005,Conjunto,J2,9.9
PPE,2005,Conjunto,J3,9.9
PPE,2005,Conjunto,J4,10
PPE,2005,Fantasias,J1,10
PPE,2005,Fantasias,J2,9.9
PPE,2005,Fantasias,J3,9.8
PPE,2005,Fantasias,J4,9.9
PPE,2005,Pen.,Pen.,0
SAL,2005,Conjunto,J3,9.8
SAL,2005,Enredo,J4,10
SAL,2005,Enredo,J3,10
SAL,2005,Enredo,J2,10
SAL,2005,Enredo,J1,10
SAL,2005,Comissão de Frente,J4,9.9
SAL,2005,Comissão de Frente,J3,10
SAL,2005,Comissão de Frente,J2,10
SAL,2005,Comissão de Frente,J1,10
SAL,2005,Samba-Enredo,J4,10
SAL,2005,Samba-Enredo,J3,10
SAL,2005,Samba-Enredo,*,10
SAL,2005,Samba-Enredo,J1,10
SAL,2005,Bateria,J4,10
SAL,2005,Bateria,J3,9.7
SAL,2005,Bateria,J2,9.7
SAL,2005,Bateria,J1,10
SAL,2005,Harmonia,J4,10
SAL,2005,Conjunto,J2,9.8
SAL,2005,Alegorias e Adereços,J1,9.9
SAL,2005,Alegorias e Adereços,J2,9.9
SAL,2005,Alegorias e Adereços,J3,9.9
SAL,2005,Alegorias e Adereços,J4,10
SAL,2005,Evolução,J1,10
SAL,2005,Evolução,J2,10
SAL,2005,Evolução,J3,10
SAL,2005,Evolução,J4,10
SAL,2005,Mestre-Sala e Porta-Bandeira,J1,9.9
SAL,2005,Mestre-Sala e Porta-Bandeira,J2,9.9
SAL,2005,Mestre-Sala e Porta-Bandeira,J3,9.8
SAL,2005,Mestre-Sala e Porta-Bandeira,J4,9.9
SAL,2005,Conjunto,J1,9.8
SAL,2005,Harmonia,J3,10
SAL,2005,Harmonia,J2,10
SAL,2005,Harmonia,J1,10
SAL,2005,Fantasias,J3,10
SAL,2005,Fantasias,J4,10
SAL,2005,Pen.,Pen.,0
SAL,2005,Fantasias,J2,10
SAL,2005,Fantasias,J1,10
SAL,2005,Conjunto,J4,10
TIJ,2005,Mestre-Sala e Porta-Bandeira,J4,10
TIJ,2005,Mestre-Sala e Porta-Bandeira,J2,10
TIJ,2005,Mestre-Sala e Porta-Bandeira,J1,10
TIJ,2005,Evolução,J4,10
TIJ,2005,Evolução,J3,10
TIJ,2005,Evolução,J2,10
TIJ,2005,Evolução,J1,9.9
TIJ,2005,Alegorias e Adereços,J4,10
TIJ,2005,Alegorias e Adereços,J3,10
TIJ,2005,Samba-Enredo,J4,10
TIJ,2005,Samba-Enredo,J3,10
TIJ,2005,Samba-Enredo,*,10
TIJ,2005,Samba-Enredo,J1,10
TIJ,2005,Bateria,J4,10
TIJ,2005,Bateria,J3,10
TIJ,2005,Bateria,J2,9.9
TIJ,2005,Bateria,J1,10
TIJ,2005,Harmonia,J4,9.8
TIJ,2005,Harmonia,J3,10
TIJ,2005,Harmonia,J2,10
TIJ,2005,Harmonia,J1,9.9
TIJ,2005,Comissão de Frente,J1,10
TIJ,2005,Comissão de Frente,J2,9.9
TIJ,2005,Comissão de Frente,J3,10
TIJ,2005,Comissão de Frente,J4,10
TIJ,2005,Enredo,J1,10
TIJ,2005,Enredo,J2,10
TIJ,2005,Enredo,J3,10
TIJ,2005,Enredo,J4,10
TIJ,2005,Alegorias e Adereços,J1,9.9
TIJ,2005,Alegorias e Adereços,J2,10
TIJ,2005,Pen.,Pen.,0
TIJ,2005,Fantasias,J4,10
TIJ,2005,Fantasias,J3,10
TIJ,2005,Fantasias,J2,10
TIJ,2005,Fantasias,J1,10
TIJ,2005,Conjunto,J4,10
TIJ,2005,Conjunto,J3,10
TIJ,2005,Conjunto,J2,10
TIJ,2005,Conjunto,J1,10
TIJ,2005,Mestre-Sala e Porta-Bandeira,J3,10
TRD,2005,Bateria,J2,10
TRD,2005,Bateria,J1,9.7
TRD,2005,Harmonia,J4,9.1
TRD,2005,Harmonia,J3,8.8
TRD,2005,Harmonia,J1,9.6
TRD,2005,Pen.,Pen.,-1
TRD,2005,Fantasias,J4,9.8
TRD,2005,Conjunto,J2,9.4
TRD,2005,Conjunto,J1,9.5
TRD,2005,Mestre-Sala e Porta-Bandeira,J4,9.9
TRD,2005,Alegorias e Adereços,J2,9
TRD,2005,Alegorias e Adereços,J1,9
TRD,2005,Mestre-Sala e Porta-Bandeira,J3,9.9
TRD,2005,Mestre-Sala e Porta-Bandeira,J2,9.8
TRD,2005,Mestre-Sala e Porta-Bandeira,J1,9.9
TRD,2005,Evolução,J4,9.8
TRD,2005,Evolução,J3,9.5
TRD,2005,Evolução,J2,9.9
TRD,2005,Evolução,J1,9.5
TRD,2005,Alegorias e Adereços,J4,7.5
TRD,2005,Alegorias e Adereços,J3,9.7
TRD,2005,Enredo,J4,9.2
TRD,2005,Enredo,J3,9.1
TRD,2005,Enredo,J2,9
TRD,2005,Enredo,J1,9.4
TRD,2005,Comissão de Frente,J4,9.9
TRD,2005,Fantasias,J3,9.5
TRD,2005,Fantasias,J2,9.5
TRD,2005,Fantasias,J1,9.7
TRD,2005,Conjunto,J4,9.4
TRD,2005,Samba-Enredo,J4,9.6
TRD,2005,Comissão de Frente,J3,9.9
TRD,2005,Comissão de Frente,J2,10
TRD,2005,Comissão de Frente,J1,9.8
TRD,2005,Conjunto,J3,9.5
TRD,2005,Harmonia,J2,9.6
TRD,2005,Samba-Enredo,J3,9.6
TRD,2005,Samba-Enredo,*,9.6
TRD,2005,Samba-Enredo,J1,9.6
TRD,2005,Bateria,J4,9.9
TRD,2005,Bateria,J3,9.5
VIR,2005,Mestre-Sala e Porta-Bandeira,J2,9.9
VIR,2005,Samba-Enredo,J1,9.9
VIR,2005,Bateria,J4,10
VIR,2005,Bateria,J3,10
VIR,2005,Bateria,J2,9.9
VIR,2005,Bateria,J1,10
VIR,2005,Harmonia,J4,9.6
VIR,2005,Harmonia,J3,9.7
VIR,2005,Harmonia,J2,10
VIR,2005,Harmonia,J1,9.9
VIR,2005,Alegorias e Adereços,J1,9.9
VIR,2005,Alegorias e Adereços,J2,10
VIR,2005,Alegorias e Adereços,J3,9.7
VIR,2005,Alegorias e Adereços,J4,9.4
VIR,2005,Evolução,J1,9.8
VIR,2005,Evolução,J2,10
VIR,2005,Evolução,J3,9.8
VIR,2005,Evolução,J4,9.8
VIR,2005,Mestre-Sala e Porta-Bandeira,J1,9.9
VIR,2005,Mestre-Sala e Porta-Bandeira,J3,9.7
VIR,2005,Mestre-Sala e Porta-Bandeira,J4,9.9
VIR,2005,Conjunto,J1,9.4
VIR,2005,Conjunto,J2,9.6
VIR,2005,Conjunto,J3,9.9
VIR,2005,Conjunto,J4,10
VIR,2005,Fantasias,J1,9.7
VIR,2005,Fantasias,J2,10
VIR,2005,Fantasias,J3,10
VIR,2005,Fantasias,J4,9.9
VIR,2005,Pen.,Pen.,0
VIR,2005,Samba-Enredo,*,10
VIR,2005,Samba-Enredo,J3,10
VIR,2005,Samba-Enredo,J4,10
VIR,2005,Comissão de Frente,J1,10
VIR,2005,Comissão de Frente,J2,10
VIR,2005,Comissão de Frente,J3,10
VIR,2005,Comissão de Frente,J4,10
VIR,2005,Enredo,J1,9.3
VIR,2005,Enredo,J2,9.8
VIR,2005,Enredo,J3,9.7
VIR,2005,Enredo,J4,9.3
VIS,2005,Alegorias e Adereços,J2,9.2
VIS,2005,Alegorias e Adereços,J4,8.6
VIS,2005,Alegorias e Adereços,J3,9.8
VIS,2005,Enredo,J4,9.4
VIS,2005,Alegorias e Adereços,J1,9
VIS,2005,Comissão de Frente,J1,9.9
VIS,2005,Comissão de Frente,J2,9.9
VIS,2005,Comissão de Frente,J3,9.8
VIS,2005,Comissão de Frente,J4,9.8
VIS,2005,Enredo,J1,9.4
VIS,2005,Enredo,J2,9.5
VIS,2005,Enredo,J3,9.3
VIS,2005,Bateria,J2,10
VIS,2005,Bateria,J1,10
VIS,2005,Harmonia,J4,9.5
VIS,2005,Harmonia,J3,9.5
VIS,2005,Harmonia,J2,9.8
VIS,2005,Harmonia,J1,9.9
VIS,2005,Samba-Enredo,J4,10
VIS,2005,Bateria,J4,10
VIS,2005,Bateria,J3,10
VIS,2005,Conjunto,J2,9.2
VIS,2005,Conjunto,J3,9.6
VIS,2005,Conjunto,J4,9.5
VIS,2005,Fantasias,J1,9.7
VIS,2005,Fantasias,J2,9.7
VIS,2005,Fantasias,J3,9.4
VIS,2005,Fantasias,J4,9.9
VIS,2005,Samba-Enredo,J1,10
VIS,2005,Samba-Enredo,*,10
VIS,2005,Samba-Enredo,J3,10
VIS,2005,Pen.,Pen.,-1
VIS,2005,Conjunto,J1,10
VIS,2005,Mestre-Sala e Porta-Bandeira,J4,10
VIS,2005,Mestre-Sala e Porta-Bandeira,J3,9.9
VIS,2005,Mestre-Sala e Porta-Bandeira,J2,10
VIS,2005,Mestre-Sala e Porta-Bandeira,J1,10
VIS,2005,Evolução,J4,9.7
VIS,2005,Evolução,J3,9.6
VIS,2005,Evolução,J2,9.7
VIS,2005,Evolução,J1,9.6
BJF,2006,Alegorias e Adereços,J1,9.9
BJF,2006,Evolução,J4,10
BJF,2006,Enredo,J4,9.6
BJF,2006,Enredo,J3,9.7
BJF,2006,Enredo,J2,9.8
BJF,2006,Enredo,J1,9.7
BJF,2006,Bateria,J4,10
BJF,2006,Bateria,J3,9.9
BJF,2006,Bateria,J2,10
BJF,2006,Bateria,J1,10
BJF,2006,Fantasias,J1,10
BJF,2006,Fantasias,J2,9.9
BJF,2006,Fantasias,J3,10
BJF,2006,Comissão de Frente,J4,9.7
BJF,2006,Fantasias,J4,10
BJF,2006,Evolução,J1,10
BJF,2006,Evolução,J2,10
BJF,2006,Evolução,J3,10
BJF,2006,Mestre-Sala e Porta-Bandeira,J1,9.9
BJF,2006,Mestre-Sala e Porta-Bandeira,J2,10
BJF,2006,Mestre-Sala e Porta-Bandeira,J3,10
BJF,2006,Mestre-Sala e Porta-Bandeira,J4,9.8
BJF,2006,Conjunto,J1,10
BJF,2006,Conjunto,J2,10
BJF,2006,Conjunto,J3,10
BJF,2006,Conjunto,J4,10
BJF,2006,Harmonia,J1,10
BJF,2006,Harmonia,J2,10
BJF,2006,Harmonia,J3,10
BJF,2006,Harmonia,J4,10
BJF,2006,Comissão de Frente,J1,9.9
BJF,2006,Comissão de Frente,J2,9.8
BJF,2006,Comissão de Frente,J3,10
BJF,2006,Pen.,Pen.,0
BJF,2006,Samba-Enredo,J4,10
BJF,2006,Samba-Enredo,J3,10
BJF,2006,Samba-Enredo,J2,10
BJF,2006,Samba-Enredo,J1,10
BJF,2006,Alegorias e Adereços,J4,9.9
BJF,2006,Alegorias e Adereços,J3,9.7
BJF,2006,Alegorias e Adereços,J2,9.9
CAP,2006,Samba-Enredo,J2,9.7
CAP,2006,Bateria,J1,9.9
CAP,2006,Bateria,J2,10
CAP,2006,Bateria,J3,10
CAP,2006,Bateria,J4,9.8
CAP,2006,Enredo,J1,9.4
CAP,2006,Enredo,J2,9.5
CAP,2006,Enredo,J3,9.3
CAP,2006,Enredo,J4,9.4
CAP,2006,Mestre-Sala e Porta-Bandeira,J1,9.8
CAP,2006,Mestre-Sala e Porta-Bandeira,J2,9.7
CAP,2006,Mestre-Sala e Porta-Bandeira,J3,9.8
CAP,2006,Pen.,Pen.,0
CAP,2006,Samba-Enredo,J4,9.6
CAP,2006,Samba-Enredo,J3,9.3
CAP,2006,Samba-Enredo,J1,9.6
CAP,2006,Alegorias e Adereços,J4,9
CAP,2006,Alegorias e Adereços,J3,9.2
CAP,2006,Alegorias e Adereços,J2,9.5
CAP,2006,Alegorias e Adereços,J1,9.6
CAP,2006,Fantasias,J4,9.1
CAP,2006,Fantasias,J3,9.8
CAP,2006,Fantasias,J2,9.8
CAP,2006,Fantasias,J1,9.7
CAP,2006,Evolução,J4,9.4
CAP,2006,Evolução,J3,9.9
CAP,2006,Evolução,J2,9.7
CAP,2006,Evolução,J1,9.7
CAP,2006,Comissão de Frente,J4,9.7
CAP,2006,Comissão de Frente,J3,9.7
CAP,2006,Comissão de Frente,J2,9.7
CAP,2006,Comissão de Frente,J1,9.6
CAP,2006,Harmonia,J4,9.3
CAP,2006,Harmonia,J3,9.7
CAP,2006,Harmonia,J2,9.7
CAP,2006,Harmonia,J1,9.6
CAP,2006,Conjunto,J4,9.3
CAP,2006,Conjunto,J3,9.4
CAP,2006,Conjunto,J2,9.3
CAP,2006,Conjunto,J1,9.6
CAP,2006,Mestre-Sala e Porta-Bandeira,J4,9.7
GRA,2006,Comissão de Frente,J2,10
GRA,2006,Pen.,Pen.,-0.2
GRA,2006,Samba-Enredo,J3,10
GRA,2006,Samba-Enredo,J2,10
GRA,2006,Samba-Enredo,J1,9.8
GRA,2006,Alegorias e Adereços,J4,9.9
GRA,2006,Alegorias e Adereços,J3,10
GRA,2006,Alegorias e Adereços,J2,9.7
GRA,2006,Alegorias e Adereços,J1,10
GRA,2006,Fantasias,J4,9.8
GRA,2006,Fantasias,J3,10
GRA,2006,Fantasias,J2,9.9
GRA,2006,Fantasias,J1,10
GRA,2006,Evolução,J4,10
GRA,2006,Evolução,J3,10
GRA,2006,Evolução,J2,10
GRA,2006,Evolução,J1,9.8
GRA,2006,Comissão de Frente,J4,10
GRA,2006,Comissão de Frente,J3,9.8
GRA,2006,Samba-Enredo,J4,10
GRA,2006,Bateria,J1,10
GRA,2006,Bateria,J2,10
GRA,2006,Bateria,J3,10
GRA,2006,Bateria,J4,10
GRA,2006,Enredo,J1,10
GRA,2006,Enredo,J2,10
GRA,2006,Enredo,J3,10
GRA,2006,Enredo,J4,10
GRA,2006,Mestre-Sala e Porta-Bandeira,J1,9.9
GRA,2006,Mestre-Sala e Porta-Bandeira,J2,10
GRA,2006,Mestre-Sala e Porta-Bandeira,J3,10
GRA,2006,Mestre-Sala e Porta-Bandeira,J4,10
GRA,2006,Conjunto,J1,9.9
GRA,2006,Conjunto,J2,9.5
GRA,2006,Conjunto,J3,9.9
GRA,2006,Conjunto,J4,10
GRA,2006,Harmonia,J1,9.9
GRA,2006,Harmonia,J2,10
GRA,2006,Harmonia,J3,10
GRA,2006,Harmonia,J4,10
GRA,2006,Comissão de Frente,J1,10
IMP,2006,Fantasias,J4,9.9
IMP,2006,Evolução,J1,9.8
IMP,2006,Fantasias,J3,10
IMP,2006,Fantasias,J2,10
IMP,2006,Fantasias,J1,9.8
IMP,2006,Evolução,J4,9.6
IMP,2006,Evolução,J3,10
IMP,2006,Evolução,J2,9.9
IMP,2006,Bateria,J1,9.9
IMP,2006,Bateria,J2,9.9
IMP,2006,Bateria,J3,10
IMP,2006,Bateria,J4,9.6
IMP,2006,Enredo,J1,9.6
IMP,2006,Enredo,J2,9.7
IMP,2006,Enredo,J3,9.6
IMP,2006,Enredo,J4,9.6
IMP,2006,Mestre-Sala e Porta-Bandeira,J1,9.9
IMP,2006,Mestre-Sala e Porta-Bandeira,J2,9.7
IMP,2006,Mestre-Sala e Porta-Bandeira,J3,9.8
IMP,2006,Mestre-Sala e Porta-Bandeira,J4,9.8
IMP,2006,Conjunto,J1,9.8
IMP,2006,Conjunto,J2,10
IMP,2006,Conjunto,J3,9.8
IMP,2006,Conjunto,J4,9.7
IMP,2006,Harmonia,J1,9.8
IMP,2006,Harmonia,J2,9.5
IMP,2006,Harmonia,J3,9.9
IMP,2006,Harmonia,J4,9.7
IMP,2006,Comissão de Frente,J1,9.8
IMP,2006,Comissão de Frente,J2,9.9
IMP,2006,Comissão de Frente,J3,9.9
IMP,2006,Comissão de Frente,J4,9.9
IMP,2006,Pen.,Pen.,0
IMP,2006,Samba-Enredo,J4,9.7
IMP,2006,Samba-Enredo,J3,9.6
IMP,2006,Samba-Enredo,J2,9.9
IMP,2006,Samba-Enredo,J1,9.9
IMP,2006,Alegorias e Adereços,J4,9.7
IMP,2006,Alegorias e Adereços,J3,9.7
IMP,2006,Alegorias e Adereços,J2,9.8
IMP,2006,Alegorias e Adereços,J1,9.8
ISR,2006,Harmonia,J4,10
ISR,2006,Bateria,J2,10
ISR,2006,Pen.,Pen.,0
ISR,2006,Samba-Enredo,J4,10
ISR,2006,Samba-Enredo,J3,10
ISR,2006,Samba-Enredo,J2,10
ISR,2006,Samba-Enredo,J1,10
ISR,2006,Alegorias e Adereços,J4,9.5
ISR,2006,Alegorias e Adereços,J3,10
ISR,2006,Alegorias e Adereços,J2,9.8
ISR,2006,Alegorias e Adereços,J1,9.7
ISR,2006,Fantasias,J4,9
ISR,2006,Fantasias,J3,9.8
ISR,2006,Fantasias,J2,9.7
ISR,2006,Harmonia,J3,9.9
ISR,2006,Harmonia,J2,9.9
ISR,2006,Harmonia,J1,9.9
ISR,2006,Conjunto,J4,9.6
ISR,2006,Conjunto,J3,9.6
ISR,2006,Conjunto,J2,10
ISR,2006,Conjunto,J1,9.7
ISR,2006,Mestre-Sala e Porta-Bandeira,J4,9.9
ISR,2006,Mestre-Sala e Porta-Bandeira,J3,10
ISR,2006,Mestre-Sala e Porta-Bandeira,J2,10
ISR,2006,Mestre-Sala e Porta-Bandeira,J1,9.9
ISR,2006,Enredo,J4,9.8
ISR,2006,Enredo,J3,9.3
ISR,2006,Enredo,J2,9.6
ISR,2006,Enredo,J1,9
ISR,2006,Bateria,J4,10
ISR,2006,Bateria,J3,10
ISR,2006,Bateria,J1,10
ISR,2006,Fantasias,J1,10
ISR,2006,Evolução,J4,9.5
ISR,2006,Evolução,J3,9.7
ISR,2006,Evolução,J2,10
ISR,2006,Evolução,J1,9.8
ISR,2006,Comissão de Frente,J4,9.9
ISR,2006,Comissão de Frente,J3,9.9
ISR,2006,Comissão de Frente,J2,9.7
ISR,2006,Comissão de Frente,J1,9.8
MAN,2006,Harmonia,J2,9.8
MAN,2006,Harmonia,J1,10
MAN,2006,Conjunto,J4,9.8
MAN,2006,Conjunto,J3,9.9
MAN,2006,Conjunto,J2,9.5
MAN,2006,Conjunto,J1,10
MAN,2006,Mestre-Sala e Porta-Bandeira,J4,10
MAN,2006,Mestre-Sala e Porta-Bandeira,J3,10
MAN,2006,Mestre-Sala e Porta-Bandeira,J2,10
MAN,2006,Mestre-Sala e Porta-Bandeira,J1,9.9
MAN,2006,Enredo,J4,9.9
MAN,2006,Enredo,J3,10
MAN,2006,Enredo,J2,10
MAN,2006,Samba-Enredo,J4,10
MAN,2006,Samba-Enredo,J3,10
MAN,2006,Samba-Enredo,J2,10
MAN,2006,Samba-Enredo,J1,10
MAN,2006,Alegorias e Adereços,J4,9.9
MAN,2006,Alegorias e Adereços,J3,9.8
MAN,2006,Alegorias e Adereços,J2,10
MAN,2006,Alegorias e Adereços,J1,9.9
MAN,2006,Fantasias,J4,10
MAN,2006,Fantasias,J3,10
MAN,2006,Fantasias,J2,10
MAN,2006,Fantasias,J1,10
MAN,2006,Evolução,J4,9.8
MAN,2006,Evolução,J3,10
MAN,2006,Evolução,J2,9.9
MAN,2006,Evolução,J1,10
MAN,2006,Comissão de Frente,J4,10
MAN,2006,Comissão de Frente,J3,10
MAN,2006,Comissão de Frente,J2,9.9
MAN,2006,Comissão de Frente,J1,10
MAN,2006,Harmonia,J4,9.6
MAN,2006,Harmonia,J3,10
MAN,2006,Enredo,J1,10
MAN,2006,Bateria,J4,9.7
MAN,2006,Bateria,J3,10
MAN,2006,Bateria,J2,9.8
MAN,2006,Bateria,J1,10
MAN,2006,Pen.,Pen.,0
MOC,2006,Pen.,Pen.,0
MOC,2006,Bateria,J1,10
MOC,2006,Bateria,J2,9.5
MOC,2006,Bateria,J3,10
MOC,2006,Bateria,J4,9.9
MOC,2006,Enredo,J1,9.4
MOC,2006,Enredo,J2,9.9
MOC,2006,Enredo,J3,9.4
MOC,2006,Enredo,J4,9.7
MOC,2006,Mestre-Sala e Porta-Bandeira,J1,10
MOC,2006,Mestre-Sala e Porta-Bandeira,J2,9.9
MOC,2006,Mestre-Sala e Porta-Bandeira,J3,10
MOC,2006,Mestre-Sala e Porta-Bandeira,J4,10
MOC,2006,Conjunto,J1,9.7
MOC,2006,Conjunto,J2,9.6
MOC,2006,Conjunto,J3,9.7
MOC,2006,Conjunto,J4,9.8
MOC,2006,Harmonia,J1,9.7
MOC,2006,Harmonia,J2,9.7
MOC,2006,Harmonia,J3,9.8
MOC,2006,Harmonia,J4,9.8
MOC,2006,Comissão de Frente,J1,9.8
MOC,2006,Comissão de Frente,J2,9.8
MOC,2006,Comissão de Frente,J3,9.9
MOC,2006,Comissão de Frente,J4,9.9
MOC,2006,Evolução,J1,9.6
MOC,2006,Evolução,J2,9.9
MOC,2006,Evolução,J3,9.8
MOC,2006,Evolução,J4,9.8
MOC,2006,Fantasias,J1,9.9
MOC,2006,Fantasias,J2,10
MOC,2006,Fantasias,J3,9.7
MOC,2006,Fantasias,J4,9.4
MOC,2006,Alegorias e Adereços,J1,9.7
MOC,2006,Alegorias e Adereços,J2,9.6
MOC,2006,Alegorias e Adereços,J3,9.6
MOC,2006,Alegorias e Adereços,J4,9.2
MOC,2006,Samba-Enredo,J1,10
MOC,2006,Samba-Enredo,J2,9.9
MOC,2006,Samba-Enredo,J3,9.7
MOC,2006,Samba-Enredo,J4,9.8
POR,2006,Fantasias,J1,9.8
POR,2006,Fantasias,J2,9.7
POR,2006,Fantasias,J3,9.9
POR,2006,Fantasias,J4,9.6
POR,2006,Alegorias e Adereços,J1,9.7
POR,2006,Alegorias e Adereços,J2,9.8
POR,2006,Alegorias e Adereços,J3,9.4
POR,2006,Alegorias e Adereços,J4,9.2
POR,2006,Samba-Enredo,J1,10
POR,2006,Samba-Enredo,J2,10
POR,2006,Samba-Enredo,J3,9.8
POR,2006,Samba-Enredo,J4,10
POR,2006,Comissão de Frente,J1,9.7
POR,2006,Evolução,J3,10
POR,2006,Evolução,J4,9.6
POR,2006,Comissão de Frente,J2,9.6
POR,2006,Comissão de Frente,J3,9.8
POR,2006,Comissão de Frente,J4,9.7
POR,2006,Pen.,Pen.,0
POR,2006,Harmonia,J3,10
POR,2006,Harmonia,J4,10
POR,2006,Evolução,J1,10
POR,2006,Evolução,J2,10
POR,2006,Harmonia,J2,10
POR,2006,Harmonia,J1,10
POR,2006,Conjunto,J4,9.8
POR,2006,Conjunto,J3,9.8
POR,2006,Conjunto,J1,10
POR,2006,Conjunto,J2,10
POR,2006,Mestre-Sala e Porta-Bandeira,J4,9.7
POR,2006,Mestre-Sala e Porta-Bandeira,J3,9.8
POR,2006,Mestre-Sala e Porta-Bandeira,J2,10
POR,2006,Mestre-Sala e Porta-Bandeira,J1,9.8
POR,2006,Enredo,J4,10
POR,2006,Enredo,J3,9.8
POR,2006,Enredo,J2,9.8
POR,2006,Enredo,J1,9.5
POR,2006,Bateria,J1,9.9
POR,2006,Bateria,J2,10
POR,2006,Bateria,J3,10
POR,2006,Bateria,J4,10
PPE,2006,Mestre-Sala e Porta-Bandeira,J1,9.8
PPE,2006,Conjunto,J3,9.2
PPE,2006,Conjunto,J2,10
PPE,2006,Conjunto,J1,9.6
PPE,2006,Mestre-Sala e Porta-Bandeira,J4,9.6
PPE,2006,Mestre-Sala e Porta-Bandeira,J3,9.8
PPE,2006,Mestre-Sala e Porta-Bandeira,J2,9.9
PPE,2006,Enredo,J4,8.9
PPE,2006,Enredo,J3,9.5
PPE,2006,Enredo,J2,9.4
PPE,2006,Enredo,J1,9.5
PPE,2006,Bateria,J4,9.8
PPE,2006,Bateria,J3,9.7
PPE,2006,Bateria,J2,9.6
PPE,2006,Bateria,J1,9.9
PPE,2006,Pen.,Pen.,0
PPE,2006,Samba-Enredo,J4,9.7
PPE,2006,Samba-Enredo,J3,10
PPE,2006,Samba-Enredo,J2,9.8
PPE,2006,Samba-Enredo,J1,9.6
PPE,2006,Alegorias e Adereços,J4,9.5
PPE,2006,Alegorias e Adereços,J3,9.8
PPE,2006,Alegorias e Adereços,J2,9.7
PPE,2006,Alegorias e Adereços,J1,9.7
PPE,2006,Fantasias,J4,10
PPE,2006,Fantasias,J3,9.7
PPE,2006,Fantasias,J2,9.8
PPE,2006,Fantasias,J1,10
PPE,2006,Evolução,J4,9.5
PPE,2006,Evolução,J3,8.9
PPE,2006,Evolução,J2,9.5
PPE,2006,Evolução,J1,9.4
PPE,2006,Comissão de Frente,J4,9.7
PPE,2006,Comissão de Frente,J3,9.8
PPE,2006,Comissão de Frente,J2,9.9
PPE,2006,Comissão de Frente,J1,9.8
PPE,2006,Harmonia,J4,9.4
PPE,2006,Harmonia,J3,9.2
PPE,2006,Harmonia,J2,9.5
PPE,2006,Harmonia,J1,9.9
PPE,2006,Conjunto,J4,9.5
ROC,2006,Conjunto,J4,9.5
ROC,2006,Conjunto,J3,8.9
ROC,2006,Conjunto,J2,8
ROC,2006,Conjunto,J1,9.5
ROC,2006,Mestre-Sala e Porta-Bandeira,J4,9.7
ROC,2006,Mestre-Sala e Porta-Bandeira,J3,9.9
ROC,2006,Mestre-Sala e Porta-Bandeira,J2,9.7
ROC,2006,Mestre-Sala e Porta-Bandeira,J1,9.8
ROC,2006,Enredo,J4,9.5
ROC,2006,Pen.,Pen.,-1.2
ROC,2006,Samba-Enredo,J4,9.8
ROC,2006,Samba-Enredo,J3,9.4
ROC,2006,Samba-Enredo,J2,9.7
ROC,2006,Samba-Enredo,J1,9.5
ROC,2006,Alegorias e Adereços,J4,8.9
ROC,2006,Alegorias e Adereços,J3,8.7
ROC,2006,Alegorias e Adereços,J2,8.8
ROC,2006,Alegorias e Adereços,J1,9.4
ROC,2006,Fantasias,J4,9.5
ROC,2006,Fantasias,J3,9.5
ROC,2006,Fantasias,J2,9.7
ROC,2006,Fantasias,J1,9.8
ROC,2006,Enredo,J3,9.6
ROC,2006,Enredo,J2,9.3
ROC,2006,Evolução,J4,9
ROC,2006,Evolução,J3,8.5
ROC,2006,Evolução,J2,8.7
ROC,2006,Evolução,J1,8.5
ROC,2006,Comissão de Frente,J4,9.8
ROC,2006,Comissão de Frente,J3,9.9
ROC,2006,Comissão de Frente,J2,9.3
ROC,2006,Comissão de Frente,J1,9.7
ROC,2006,Harmonia,J4,9.2
ROC,2006,Harmonia,J3,9
ROC,2006,Harmonia,J2,8
ROC,2006,Enredo,J1,9.3
ROC,2006,Bateria,J4,9.6
ROC,2006,Bateria,J3,9.8
ROC,2006,Bateria,J2,9.5
ROC,2006,Bateria,J1,9.7
ROC,2006,Harmonia,J1,9.3
SAL,2006,Enredo,J1,9.4
SAL,2006,Pen.,Pen.,0
SAL,2006,Samba-Enredo,J4,10
SAL,2006,Samba-Enredo,J3,9.7
SAL,2006,Samba-Enredo,J2,9.9
SAL,2006,Samba-Enredo,J1,9.7
SAL,2006,Alegorias e Adereços,J4,9.7
SAL,2006,Alegorias e Adereços,J3,9.5
SAL,2006,Alegorias e Adereços,J2,9
SAL,2006,Alegorias e Adereços,J1,9.8
SAL,2006,Fantasias,J4,9.3
SAL,2006,Fantasias,J3,10
SAL,2006,Fantasias,J2,10
SAL,2006,Fantasias,J1,9.8
SAL,2006,Evolução,J4,9.4
SAL,2006,Evolução,J3,10
SAL,2006,Evolução,J2,9.8
SAL,2006,Evolução,J1,9.7
SAL,2006,Comissão de Frente,J4,10
SAL,2006,Comissão de Frente,J3,9.9
SAL,2006,Comissão de Frente,J2,9.9
SAL,2006,Comissão de Frente,J1,10
SAL,2006,Harmonia,J4,9.4
SAL,2006,Harmonia,J3,9.8
SAL,2006,Harmonia,J2,9.6
SAL,2006,Harmonia,J1,9.8
SAL,2006,Conjunto,J4,9.7
SAL,2006,Conjunto,J3,9.6
SAL,2006,Conjunto,J2,9.5
SAL,2006,Conjunto,J1,9.7
SAL,2006,Mestre-Sala e Porta-Bandeira,J4,9.9
SAL,2006,Mestre-Sala e Porta-Bandeira,J3,9.8
SAL,2006,Mestre-Sala e Porta-Bandeira,J2,9.9
SAL,2006,Mestre-Sala e Porta-Bandeira,J1,9.9
SAL,2006,Enredo,J4,9.4
SAL,2006,Enredo,J3,9.4
SAL,2006,Enredo,J2,9.6
SAL,2006,Bateria,J4,9.8
SAL,2006,Bateria,J3,9.9
SAL,2006,Bateria,J2,9.7
SAL,2006,Bateria,J1,10
TIJ,2006,Evolução,J3,10
TIJ,2006,Bateria,J1,10
TIJ,2006,Bateria,J2,9.9
TIJ,2006,Bateria,J3,10
TIJ,2006,Bateria,J4,9.7
TIJ,2006,Enredo,J1,10
TIJ,2006,Enredo,J2,10
TIJ,2006,Enredo,J3,10
TIJ,2006,Enredo,J4,10
TIJ,2006,Mestre-Sala e Porta-Bandeira,J1,10
TIJ,2006,Mestre-Sala e Porta-Bandeira,J2,10
TIJ,2006,Mestre-Sala e Porta-Bandeira,J3,10
TIJ,2006,Mestre-Sala e Porta-Bandeira,J4,10
TIJ,2006,Conjunto,J1,10
TIJ,2006,Conjunto,J2,10
TIJ,2006,Conjunto,J3,10
TIJ,2006,Conjunto,J4,9.9
TIJ,2006,Harmonia,J1,10
TIJ,2006,Harmonia,J2,9.9
TIJ,2006,Harmonia,J3,10
TIJ,2006,Harmonia,J4,9.5
TIJ,2006,Comissão de Frente,J1,10
TIJ,2006,Comissão de Frente,J2,9.8
TIJ,2006,Comissão de Frente,J3,10
TIJ,2006,Comissão de Frente,J4,10
TIJ,2006,Evolução,J1,10
TIJ,2006,Evolução,J2,10
TIJ,2006,Pen.,Pen.,0
TIJ,2006,Samba-Enredo,J4,10
TIJ,2006,Samba-Enredo,J3,10
TIJ,2006,Samba-Enredo,J2,10
TIJ,2006,Samba-Enredo,J1,10
TIJ,2006,Alegorias e Adereços,J4,9.8
TIJ,2006,Alegorias e Adereços,J3,9.7
TIJ,2006,Alegorias e Adereços,J2,9.7
TIJ,2006,Alegorias e Adereços,J1,10
TIJ,2006,Fantasias,J4,9.3
TIJ,2006,Fantasias,J3,10
TIJ,2006,Fantasias,J2,10
TIJ,2006,Fantasias,J1,10
TIJ,2006,Evolução,J4,9.5
VIR,2006,Harmonia,J2,10
VIR,2006,Bateria,J1,10
VIR,2006,Bateria,J2,10
VIR,2006,Bateria,J3,10
VIR,2006,Bateria,J4,9.9
VIR,2006,Enredo,J1,9.7
VIR,2006,Enredo,J2,10
VIR,2006,Enredo,J3,10
VIR,2006,Enredo,J4,10
VIR,2006,Mestre-Sala e Porta-Bandeira,J1,9.9
VIR,2006,Mestre-Sala e Porta-Bandeira,J2,9.8
VIR,2006,Mestre-Sala e Porta-Bandeira,J3,10
VIR,2006,Mestre-Sala e Porta-Bandeira,J4,9.9
VIR,2006,Conjunto,J1,9.8
VIR,2006,Conjunto,J2,10
VIR,2006,Conjunto,J3,10
VIR,2006,Harmonia,J3,10
VIR,2006,Harmonia,J4,9.8
VIR,2006,Comissão de Frente,J1,10
VIR,2006,Comissão de Frente,J2,9.9
VIR,2006,Comissão de Frente,J3,10
VIR,2006,Comissão de Frente,J4,10
VIR,2006,Evolução,J1,9.9
VIR,2006,Evolução,J2,10
VIR,2006,Evolução,J3,10
VIR,2006,Harmonia,J1,9.9
VIR,2006,Conjunto,J4,10
VIR,2006,Evolução,J4,10
VIR,2006,Fantasias,J1,9.9
VIR,2006,Fantasias,J2,9.8
VIR,2006,Fantasias,J3,9.8
VIR,2006,Fantasias,J4,10
VIR,2006,Alegorias e Adereços,J1,9.6
VIR,2006,Alegorias e Adereços,J2,10
VIR,2006,Alegorias e Adereços,J3,9.9
VIR,2006,Alegorias e Adereços,J4,10
VIR,2006,Samba-Enredo,J1,9.9
VIR,2006,Samba-Enredo,J2,10
VIR,2006,Samba-Enredo,J3,9.8
VIR,2006,Samba-Enredo,J4,10
VIR,2006,Pen.,Pen.,0
VIS,2006,Enredo,J3,10
VIS,2006,Enredo,J4,10
VIS,2006,Mestre-Sala e Porta-Bandeira,J1,10
VIS,2006,Samba-Enredo,J2,10
VIS,2006,Alegorias e Adereços,J2,9.9
VIS,2006,Alegorias e Adereços,J1,10
VIS,2006,Fantasias,J4,10
VIS,2006,Fantasias,J3,9.9
VIS,2006,Fantasias,J2,9.8
VIS,2006,Fantasias,J1,9.9
VIS,2006,Evolução,J4,9.9
VIS,2006,Evolução,J3,9.8
VIS,2006,Evolução,J2,9.9
VIS,2006,Evolução,J1,10
VIS,2006,Comissão de Frente,J4,10
VIS,2006,Comissão de Frente,J3,9.8
VIS,2006,Comissão de Frente,J2,9.8
VIS,2006,Comissão de Frente,J1,10
VIS,2006,Harmonia,J4,10
VIS,2006,Harmonia,J3,10
VIS,2006,Harmonia,J2,9.8
VIS,2006,Harmonia,J1,9.9
VIS,2006,Conjunto,J4,10
VIS,2006,Conjunto,J3,10
VIS,2006,Conjunto,J2,10
VIS,2006,Conjunto,J1,10
VIS,2006,Mestre-Sala e Porta-Bandeira,J4,10
VIS,2006,Mestre-Sala e Porta-Bandeira,J3,10
VIS,2006,Mestre-Sala e Porta-Bandeira,J2,9.7
VIS,2006,Pen.,Pen.,0
VIS,2006,Samba-Enredo,J4,9.9
VIS,2006,Samba-Enredo,J3,10
VIS,2006,Alegorias e Adereços,J3,10
VIS,2006,Alegorias e Adereços,J4,10
VIS,2006,Samba-Enredo,J1,10
VIS,2006,Bateria,J1,10
VIS,2006,Bateria,J2,10
VIS,2006,Bateria,J3,10
VIS,2006,Bateria,J4,9.6
VIS,2006,Enredo,J1,10
VIS,2006,Enredo,J2,10
BJF,2007,Fantasias,J2,10
BJF,2007,Harmonia,J1,10
BJF,2007,Harmonia,J2,9.8
BJF,2007,Mestre-Sala e Porta-Bandeira,J4,10
BJF,2007,Alegorias e Adereços,J1,10
BJF,2007,Alegorias e Adereços,J2,10
BJF,2007,Alegorias e Adereços,J3,10
BJF,2007,Alegorias e Adereços,J4,9.8
BJF,2007,Fantasias,J1,10
BJF,2007,Bateria,J3,10
BJF,2007,Bateria,J4,10
BJF,2007,Conjunto,J1,10
BJF,2007,Conjunto,J2,10
BJF,2007,Conjunto,J3,10
BJF,2007,Conjunto,J4,10
BJF,2007,Evolução,J1,9.9
BJF,2007,Evolução,J2,10
BJF,2007,Evolução,J3,10
BJF,2007,Evolução,J4,10
BJF,2007,Mestre-Sala e Porta-Bandeira,J3,10
BJF,2007,Mestre-Sala e Porta-Bandeira,J2,10
BJF,2007,Mestre-Sala e Porta-Bandeira,J1,10
BJF,2007,Samba-Enredo,J4,10
BJF,2007,Samba-Enredo,J3,10
BJF,2007,Samba-Enredo,J2,10
BJF,2007,Samba-Enredo,J1,10
BJF,2007,Harmonia,J4,10
BJF,2007,Harmonia,J3,10
BJF,2007,Comissão de Frente,J1,10
BJF,2007,Comissão de Frente,J2,10
BJF,2007,Comissão de Frente,J3,9.9
BJF,2007,Comissão de Frente,J4,10
BJF,2007,Enredo,J1,10
BJF,2007,Enredo,J2,10
BJF,2007,Enredo,J3,10
BJF,2007,Fantasias,J4,10
BJF,2007,Bateria,J1,9.9
BJF,2007,Bateria,J2,10
BJF,2007,Fantasias,J3,10
BJF,2007,Enredo,J4,10
EST,2007,Samba-Enredo,J4,9.9
EST,2007,Mestre-Sala e Porta-Bandeira,J1,9.7
EST,2007,Evolução,J3,9.5
EST,2007,Mestre-Sala e Porta-Bandeira,J2,9.6
EST,2007,Mestre-Sala e Porta-Bandeira,J3,9.7
EST,2007,Enredo,J3,9.7
EST,2007,Evolução,J4,9.5
EST,2007,Enredo,J4,9.4
EST,2007,Samba-Enredo,J2,9.8
EST,2007,Samba-Enredo,J1,9.7
EST,2007,Samba-Enredo,J3,10
EST,2007,Mestre-Sala e Porta-Bandeira,J4,9.8
EST,2007,Alegorias e Adereços,J1,9.8
EST,2007,Harmonia,J1,9.7
EST,2007,Harmonia,J2,9.7
EST,2007,Harmonia,J3,9.6
EST,2007,Harmonia,J4,9.8
EST,2007,Alegorias e Adereços,J2,9.9
EST,2007,Alegorias e Adereços,J3,9.8
EST,2007,Alegorias e Adereços,J4,9.6
EST,2007,Fantasias,J1,9.6
EST,2007,Fantasias,J2,9.8
EST,2007,Fantasias,J3,9.9
EST,2007,Fantasias,J4,9.5
EST,2007,Bateria,J1,9.8
EST,2007,Bateria,J2,9.6
EST,2007,Bateria,J3,9.6
EST,2007,Bateria,J4,9.8
EST,2007,Conjunto,J1,9.9
EST,2007,Enredo,J2,9.5
EST,2007,Conjunto,J2,8.5
EST,2007,Conjunto,J3,9.5
EST,2007,Conjunto,J4,9.4
EST,2007,Evolução,J1,9.9
EST,2007,Evolução,J2,9.6
EST,2007,Comissão de Frente,J1,9.6
EST,2007,Comissão de Frente,J2,9.7
EST,2007,Comissão de Frente,J3,9.8
EST,2007,Comissão de Frente,J4,9.8
EST,2007,Enredo,J1,9.5
GRA,2007,Conjunto,J2,10
GRA,2007,Fantasias,J4,10
GRA,2007,Fantasias,J3,10
GRA,2007,Fantasias,J2,10
GRA,2007,Fantasias,J1,9.9
GRA,2007,Alegorias e Adereços,J4,10
GRA,2007,Alegorias e Adereços,J3,10
GRA,2007,Alegorias e Adereços,J2,10
GRA,2007,Alegorias e Adereços,J1,10
GRA,2007,Evolução,J4,10
GRA,2007,Evolução,J3,10
GRA,2007,Evolução,J2,9.8
GRA,2007,Evolução,J1,9.9
GRA,2007,Conjunto,J4,9.7
GRA,2007,Conjunto,J3,10
GRA,2007,Comissão de Frente,J1,10
GRA,2007,Comissão de Frente,J2,10
GRA,2007,Comissão de Frente,J3,9.9
GRA,2007,Comissão de Frente,J4,9.9
GRA,2007,Enredo,J1,9.8
GRA,2007,Enredo,J2,9.8
GRA,2007,Enredo,J3,10
GRA,2007,Enredo,J4,10
GRA,2007,Harmonia,J1,10
GRA,2007,Harmonia,J2,10
GRA,2007,Harmonia,J3,10
GRA,2007,Harmonia,J4,10
GRA,2007,Samba-Enredo,J1,10
GRA,2007,Samba-Enredo,J2,9.8
GRA,2007,Samba-Enredo,J3,9.8
GRA,2007,Samba-Enredo,J4,9.9
GRA,2007,Mestre-Sala e Porta-Bandeira,J1,9.9
GRA,2007,Mestre-Sala e Porta-Bandeira,J2,10
GRA,2007,Mestre-Sala e Porta-Bandeira,J3,9.9
GRA,2007,Mestre-Sala e Porta-Bandeira,J4,9.9
GRA,2007,Conjunto,J1,10
GRA,2007,Bateria,J4,10
GRA,2007,Bateria,J3,10
GRA,2007,Bateria,J2,10
GRA,2007,Bateria,J1,10
IMP,2007,Comissão de Frente,J2,10
IMP,2007,Evolução,J4,9.8
IMP,2007,Evolução,J3,9.9
IMP,2007,Evolução,J2,9.8
IMP,2007,Evolução,J1,9.9
IMP,2007,Conjunto,J4,9.8
IMP,2007,Conjunto,J3,9.8
IMP,2007,Conjunto,J2,9
IMP,2007,Conjunto,J1,9.8
IMP,2007,Bateria,J4,9.8
IMP,2007,Bateria,J3,9.9
IMP,2007,Bateria,J2,9.6
IMP,2007,Bateria,J1,10
IMP,2007,Fantasias,J4,10
IMP,2007,Fantasias,J3,9.8
IMP,2007,Fantasias,J2,10
IMP,2007,Fantasias,J1,10
IMP,2007,Alegorias e Adereços,J4,9.8
IMP,2007,Alegorias e Adereços,J3,9.9
IMP,2007,Alegorias e Adereços,J2,10
IMP,2007,Alegorias e Adereços,J1,9.7
IMP,2007,Mestre-Sala e Porta-Bandeira,J4,10
IMP,2007,Mestre-Sala e Porta-Bandeira,J3,9.9
IMP,2007,Mestre-Sala e Porta-Bandeira,J2,9.9
IMP,2007,Mestre-Sala e Porta-Bandeira,J1,10
IMP,2007,Samba-Enredo,J4,9.7
IMP,2007,Samba-Enredo,J3,9.6
IMP,2007,Samba-Enredo,J2,9.7
IMP,2007,Samba-Enredo,J1,9.9
IMP,2007,Harmonia,J4,9
IMP,2007,Harmonia,J3,9.9
IMP,2007,Harmonia,J2,9.3
IMP,2007,Harmonia,J1,9.9
IMP,2007,Enredo,J4,9.7
IMP,2007,Enredo,J3,10
IMP,2007,Enredo,J2,9.6
IMP,2007,Enredo,J1,9.8
IMP,2007,Comissão de Frente,J4,10
IMP,2007,Comissão de Frente,J3,9.8
IMP,2007,Comissão de Frente,J1,10
ISR,2007,Samba-Enredo,J1,9.9
ISR,2007,Enredo,J2,9.4
ISR,2007,Enredo,J1,9.4
ISR,2007,Comissão de Frente,J4,9.8
ISR,2007,Comissão de Frente,J3,9.8
ISR,2007,Comissão de Frente,J2,9.8
ISR,2007,Comissão de Frente,J1,9.5
ISR,2007,Harmonia,J4,10
ISR,2007,Harmonia,J3,9.7
ISR,2007,Harmonia,J2,9.6
ISR,2007,Harmonia,J1,9.9
ISR,2007,Enredo,J4,9.5
ISR,2007,Enredo,J3,9.6
ISR,2007,Evolução,J4,9.8
ISR,2007,Evolução,J3,9.8
ISR,2007,Evolução,J2,9.6
ISR,2007,Evolução,J1,9.9
ISR,2007,Conjunto,J4,9.4
ISR,2007,Conjunto,J3,9.7
ISR,2007,Conjunto,J2,9
ISR,2007,Conjunto,J1,9.8
ISR,2007,Bateria,J4,10
ISR,2007,Bateria,J3,10
ISR,2007,Bateria,J2,10
ISR,2007,Bateria,J1,10
ISR,2007,Fantasias,J4,9.5
ISR,2007,Fantasias,J3,9.8
ISR,2007,Fantasias,J2,9.7
ISR,2007,Fantasias,J1,9.7
ISR,2007,Alegorias e Adereços,J4,9.8
ISR,2007,Alegorias e Adereços,J3,9.6
ISR,2007,Alegorias e Adereços,J2,9.8
ISR,2007,Alegorias e Adereços,J1,9.5
ISR,2007,Mestre-Sala e Porta-Bandeira,J4,10
ISR,2007,Mestre-Sala e Porta-Bandeira,J3,9.9
ISR,2007,Mestre-Sala e Porta-Bandeira,J2,10
ISR,2007,Mestre-Sala e Porta-Bandeira,J1,9.8
ISR,2007,Samba-Enredo,J4,9.8
ISR,2007,Samba-Enredo,J3,9.8
ISR,2007,Samba-Enredo,J2,10
MAN,2007,Mestre-Sala e Porta-Bandeira,J2,9.9
MAN,2007,Mestre-Sala e Porta-Bandeira,J3,9.9
MAN,2007,Mestre-Sala e Porta-Bandeira,J4,10
MAN,2007,Comissão de Frente,J1,10
MAN,2007,Comissão de Frente,J2,10
MAN,2007,Comissão de Frente,J3,10
MAN,2007,Comissão de Frente,J4,10
MAN,2007,Enredo,J1,10
MAN,2007,Enredo,J2,10
MAN,2007,Enredo,J3,10
MAN,2007,Enredo,J4,10
MAN,2007,Harmonia,J1,10
MAN,2007,Harmonia,J2,9.5
MAN,2007,Fantasias,J3,10
MAN,2007,Fantasias,J4,9.8
MAN,2007,Bateria,J1,10
MAN,2007,Bateria,J2,9.8
MAN,2007,Bateria,J3,9.9
MAN,2007,Bateria,J4,9.7
MAN,2007,Conjunto,J1,10
MAN,2007,Conjunto,J2,10
MAN,2007,Conjunto,J3,9.9
MAN,2007,Conjunto,J4,10
MAN,2007,Evolução,J1,10
MAN,2007,Evolução,J2,10
MAN,2007,Evolução,J3,10
MAN,2007,Evolução,J4,9.9
MAN,2007,Fantasias,J2,10
MAN,2007,Fantasias,J1,9.9
MAN,2007,Alegorias e Adereços,J4,10
MAN,2007,Alegorias e Adereços,J3,9.6
MAN,2007,Alegorias e Adereços,J2,10
MAN,2007,Alegorias e Adereços,J1,9.8
MAN,2007,Harmonia,J3,9.9
MAN,2007,Harmonia,J4,10
MAN,2007,Samba-Enredo,J1,10
MAN,2007,Samba-Enredo,J2,10
MAN,2007,Samba-Enredo,J3,10
MAN,2007,Samba-Enredo,J4,10
MAN,2007,Mestre-Sala e Porta-Bandeira,J1,9.9
MOC,2007,Conjunto,J1,9.8
MOC,2007,Bateria,J3,10
MOC,2007,Bateria,J2,9.8
MOC,2007,Bateria,J1,10
MOC,2007,Fantasias,J4,9.8
MOC,2007,Fantasias,J3,9.8
MOC,2007,Fantasias,J2,9.9
MOC,2007,Fantasias,J1,9.8
MOC,2007,Alegorias e Adereços,J4,9.6
MOC,2007,Alegorias e Adereços,J3,9.6
MOC,2007,Alegorias e Adereços,J2,10
MOC,2007,Alegorias e Adereços,J1,9.7
MOC,2007,Mestre-Sala e Porta-Bandeira,J4,9.8
MOC,2007,Mestre-Sala e Porta-Bandeira,J3,9.9
MOC,2007,Mestre-Sala e Porta-Bandeira,J2,9.7
MOC,2007,Mestre-Sala e Porta-Bandeira,J1,9.8
MOC,2007,Samba-Enredo,J4,9.9
MOC,2007,Samba-Enredo,J3,9.9
MOC,2007,Samba-Enredo,J2,9.9
MOC,2007,Samba-Enredo,J1,9.9
MOC,2007,Harmonia,J4,9.3
MOC,2007,Harmonia,J3,9.7
MOC,2007,Harmonia,J2,9.8
MOC,2007,Harmonia,J1,9.8
MOC,2007,Enredo,J4,9.7
MOC,2007,Enredo,J3,9.8
MOC,2007,Enredo,J2,9.8
MOC,2007,Enredo,J1,9.8
MOC,2007,Comissão de Frente,J4,9.9
MOC,2007,Comissão de Frente,J3,9.8
MOC,2007,Comissão de Frente,J2,9.9
MOC,2007,Comissão de Frente,J1,9.8
MOC,2007,Evolução,J4,9.7
MOC,2007,Evolução,J3,9.9
MOC,2007,Evolução,J2,9.7
MOC,2007,Evolução,J1,9.9
MOC,2007,Conjunto,J4,9.6
MOC,2007,Conjunto,J3,9.8
MOC,2007,Conjunto,J2,9
MOC,2007,Bateria,J4,9.8
POR,2007,Evolução,J1,9.9
POR,2007,Conjunto,J4,9.8
POR,2007,Conjunto,J3,9.8
POR,2007,Enredo,J2,9.8
POR,2007,Enredo,J3,10
POR,2007,Enredo,J4,9.8
POR,2007,Conjunto,J2,10
POR,2007,Conjunto,J1,10
POR,2007,Bateria,J4,9.7
POR,2007,Bateria,J3,10
POR,2007,Bateria,J2,10
POR,2007,Bateria,J1,10
POR,2007,Fantasias,J4,9.8
POR,2007,Fantasias,J3,10
POR,2007,Fantasias,J2,9.6
POR,2007,Fantasias,J1,9.9
POR,2007,Alegorias e Adereços,J4,9.7
POR,2007,Alegorias e Adereços,J3,9.2
POR,2007,Alegorias e Adereços,J2,10
POR,2007,Alegorias e Adereços,J1,9.7
POR,2007,Mestre-Sala e Porta-Bandeira,J4,10
POR,2007,Mestre-Sala e Porta-Bandeira,J3,10
POR,2007,Mestre-Sala e Porta-Bandeira,J2,9.7
POR,2007,Mestre-Sala e Porta-Bandeira,J1,9.8
POR,2007,Samba-Enredo,J4,10
POR,2007,Samba-Enredo,J3,10
POR,2007,Samba-Enredo,J2,10
POR,2007,Samba-Enredo,J1,10
POR,2007,Harmonia,J4,9.7
POR,2007,Harmonia,J3,10
POR,2007,Harmonia,J2,9.1
POR,2007,Harmonia,J1,10
POR,2007,Comissão de Frente,J1,10
POR,2007,Comissão de Frente,J2,10
POR,2007,Comissão de Frente,J3,9.9
POR,2007,Comissão de Frente,J4,10
POR,2007,Enredo,J1,9.9
POR,2007,Evolução,J4,10
POR,2007,Evolução,J3,10
POR,2007,Evolução,J2,10
PPE,2007,Bateria,J3,10
PPE,2007,Enredo,J4,9.7
PPE,2007,Enredo,J3,9.7
PPE,2007,Comissão de Frente,J1,9.8
PPE,2007,Comissão de Frente,J2,9.9
PPE,2007,Comissão de Frente,J3,9.9
PPE,2007,Comissão de Frente,J4,9.9
PPE,2007,Enredo,J2,10
PPE,2007,Enredo,J1,10
PPE,2007,Evolução,J4,9.8
PPE,2007,Evolução,J3,9.8
PPE,2007,Evolução,J2,9.5
PPE,2007,Evolução,J1,10
PPE,2007,Conjunto,J4,10
PPE,2007,Conjunto,J3,9.8
PPE,2007,Conjunto,J2,8.5
PPE,2007,Conjunto,J1,9.8
PPE,2007,Bateria,J4,10
PPE,2007,Bateria,J2,9.8
PPE,2007,Bateria,J1,9.8
PPE,2007,Fantasias,J4,9.6
PPE,2007,Fantasias,J3,9.9
PPE,2007,Fantasias,J2,9.6
PPE,2007,Fantasias,J1,10
PPE,2007,Alegorias e Adereços,J4,9.5
PPE,2007,Alegorias e Adereços,J3,9.5
PPE,2007,Alegorias e Adereços,J2,10
PPE,2007,Alegorias e Adereços,J1,9.9
PPE,2007,Mestre-Sala e Porta-Bandeira,J4,9.8
PPE,2007,Mestre-Sala e Porta-Bandeira,J3,10
PPE,2007,Mestre-Sala e Porta-Bandeira,J2,9.8
PPE,2007,Mestre-Sala e Porta-Bandeira,J1,9.8
PPE,2007,Samba-Enredo,J4,9.6
PPE,2007,Samba-Enredo,J3,10
PPE,2007,Samba-Enredo,J2,9.8
PPE,2007,Samba-Enredo,J1,10
PPE,2007,Harmonia,J4,9.2
PPE,2007,Harmonia,J3,9.7
PPE,2007,Harmonia,J2,10
PPE,2007,Harmonia,J1,9.8
SAL,2007,Harmonia,J1,9.9
SAL,2007,Comissão de Frente,J3,9.9
SAL,2007,Comissão de Frente,J4,10
SAL,2007,Enredo,J1,9.8
SAL,2007,Enredo,J2,10
SAL,2007,Enredo,J3,10
SAL,2007,Evolução,J4,10
SAL,2007,Evolução,J3,10
SAL,2007,Evolução,J2,9.9
SAL,2007,Evolução,J1,9.9
SAL,2007,Conjunto,J4,10
SAL,2007,Conjunto,J3,10
SAL,2007,Conjunto,J2,9.5
SAL,2007,Conjunto,J1,10
SAL,2007,Bateria,J4,9.7
SAL,2007,Bateria,J3,10
SAL,2007,Bateria,J2,10
SAL,2007,Bateria,J1,10
SAL,2007,Fantasias,J4,9.8
SAL,2007,Fantasias,J3,10
SAL,2007,Fantasias,J2,10
SAL,2007,Fantasias,J1,10
SAL,2007,Alegorias e Adereços,J4,9.9
SAL,2007,Enredo,J4,10
SAL,2007,Comissão de Frente,J1,10
SAL,2007,Comissão de Frente,J2,9.9
SAL,2007,Alegorias e Adereços,J3,9.8
SAL,2007,Alegorias e Adereços,J2,10
SAL,2007,Alegorias e Adereços,J1,10
SAL,2007,Mestre-Sala e Porta-Bandeira,J4,10
SAL,2007,Mestre-Sala e Porta-Bandeira,J3,10
SAL,2007,Mestre-Sala e Porta-Bandeira,J2,10
SAL,2007,Mestre-Sala e Porta-Bandeira,J1,9.8
SAL,2007,Samba-Enredo,J4,10
SAL,2007,Samba-Enredo,J3,9.8
SAL,2007,Samba-Enredo,J2,10
SAL,2007,Samba-Enredo,J1,9.9
SAL,2007,Harmonia,J4,9.5
SAL,2007,Harmonia,J3,10
SAL,2007,Harmonia,J2,9.4
TIJ,2007,Bateria,J3,10
TIJ,2007,Comissão de Frente,J1,9.7
TIJ,2007,Comissão de Frente,J2,9.8
TIJ,2007,Comissão de Frente,J3,9.8
TIJ,2007,Comissão de Frente,J4,9.9
TIJ,2007,Enredo,J1,10
TIJ,2007,Enredo,J2,10
TIJ,2007,Enredo,J3,10
TIJ,2007,Enredo,J4,10
TIJ,2007,Harmonia,J1,10
TIJ,2007,Harmonia,J2,9.5
TIJ,2007,Harmonia,J3,10
TIJ,2007,Harmonia,J4,10
TIJ,2007,Samba-Enredo,J1,10
TIJ,2007,Samba-Enredo,J2,10
TIJ,2007,Samba-Enredo,J3,10
TIJ,2007,Samba-Enredo,J4,10
TIJ,2007,Mestre-Sala e Porta-Bandeira,J1,9.9
TIJ,2007,Mestre-Sala e Porta-Bandeira,J2,10
TIJ,2007,Mestre-Sala e Porta-Bandeira,J3,10
TIJ,2007,Mestre-Sala e Porta-Bandeira,J4,10
TIJ,2007,Alegorias e Adereços,J1,10
TIJ,2007,Alegorias e Adereços,J2,9.9
TIJ,2007,Alegorias e Adereços,J3,9.5
TIJ,2007,Alegorias e Adereços,J4,10
TIJ,2007,Fantasias,J1,10
TIJ,2007,Fantasias,J2,9.8
TIJ,2007,Fantasias,J3,10
TIJ,2007,Fantasias,J4,9.8
TIJ,2007,Bateria,J1,9.9
TIJ,2007,Bateria,J2,10
TIJ,2007,Bateria,J4,10
TIJ,2007,Conjunto,J1,10
TIJ,2007,Conjunto,J2,10
TIJ,2007,Conjunto,J3,9.9
TIJ,2007,Conjunto,J4,10
TIJ,2007,Evolução,J1,10
TIJ,2007,Evolução,J2,10
TIJ,2007,Evolução,J3,10
TIJ,2007,Evolução,J4,9.9
VIR,2007,Alegorias e Adereços,J1,9.8
VIR,2007,Alegorias e Adereços,J2,10
VIR,2007,Alegorias e Adereços,J3,9.5
VIR,2007,Alegorias e Adereços,J4,9.8
VIR,2007,Fantasias,J1,10
VIR,2007,Fantasias,J2,10
VIR,2007,Fantasias,J3,10
VIR,2007,Fantasias,J4,10
VIR,2007,Bateria,J1,10
VIR,2007,Bateria,J2,10
VIR,2007,Bateria,J4,9.8
VIR,2007,Bateria,J3,10
VIR,2007,Enredo,J3,10
VIR,2007,Enredo,J2,10
VIR,2007,Enredo,J1,10
VIR,2007,Comissão de Frente,J4,10
VIR,2007,Comissão de Frente,J3,9.9
VIR,2007,Comissão de Frente,J2,10
VIR,2007,Comissão de Frente,J1,10
VIR,2007,Harmonia,J1,10
VIR,2007,Harmonia,J2,9.5
VIR,2007,Enredo,J4,10
VIR,2007,Harmonia,J3,10
VIR,2007,Harmonia,J4,10
VIR,2007,Conjunto,J1,9.9
VIR,2007,Conjunto,J2,10
VIR,2007,Conjunto,J3,10
VIR,2007,Conjunto,J4,10
VIR,2007,Evolução,J1,9.9
VIR,2007,Evolução,J2,9.9
VIR,2007,Evolução,J3,10
VIR,2007,Evolução,J4,10
VIR,2007,Samba-Enredo,J1,10
VIR,2007,Samba-Enredo,J2,10
VIR,2007,Samba-Enredo,J3,10
VIR,2007,Samba-Enredo,J4,10
VIR,2007,Mestre-Sala e Porta-Bandeira,J1,9.7
VIR,2007,Mestre-Sala e Porta-Bandeira,J2,10
VIR,2007,Mestre-Sala e Porta-Bandeira,J3,9.8
VIR,2007,Mestre-Sala e Porta-Bandeira,J4,9.8
VIS,2007,Harmonia,J4,10
VIS,2007,Comissão de Frente,J2,9.8
VIS,2007,Comissão de Frente,J3,9.9
VIS,2007,Comissão de Frente,J4,9.8
VIS,2007,Enredo,J1,9.6
VIS,2007,Enredo,J2,9.9
VIS,2007,Enredo,J3,10
VIS,2007,Enredo,J4,10
VIS,2007,Harmonia,J1,9.9
VIS,2007,Harmonia,J2,9.5
VIS,2007,Harmonia,J3,9.9
VIS,2007,Samba-Enredo,J1,10
VIS,2007,Evolução,J4,10
VIS,2007,Evolução,J3,10
VIS,2007,Evolução,J2,9.9
VIS,2007,Evolução,J1,10
VIS,2007,Conjunto,J4,10
VIS,2007,Conjunto,J3,10
VIS,2007,Conjunto,J2,10
VIS,2007,Conjunto,J1,10
VIS,2007,Bateria,J4,9.8
VIS,2007,Bateria,J3,10
VIS,2007,Bateria,J2,10
VIS,2007,Bateria,J1,10
VIS,2007,Fantasias,J4,10
VIS,2007,Comissão de Frente,J1,9.8
VIS,2007,Fantasias,J3,9.9
VIS,2007,Fantasias,J2,9.9
VIS,2007,Fantasias,J1,10
VIS,2007,Alegorias e Adereços,J4,10
VIS,2007,Alegorias e Adereços,J3,9.6
VIS,2007,Alegorias e Adereços,J2,10
VIS,2007,Alegorias e Adereços,J1,9.9
VIS,2007,Mestre-Sala e Porta-Bandeira,J4,9.9
VIS,2007,Mestre-Sala e Porta-Bandeira,J3,9.9
VIS,2007,Mestre-Sala e Porta-Bandeira,J2,9.8
VIS,2007,Mestre-Sala e Porta-Bandeira,J1,9.9
VIS,2007,Samba-Enredo,J4,10
VIS,2007,Samba-Enredo,J3,10
VIS,2007,Samba-Enredo,J2,10
BJF,2008,Conjunto,J4,10
BJF,2008,Conjunto,J3,10
BJF,2008,Conjunto,J2,10
BJF,2008,Samba-Enredo,J4,10
BJF,2008,Fantasias,J3,9.9
BJF,2008,Fantasias,J2,10
BJF,2008,Fantasias,J1,10
BJF,2008,Mestre-Sala e Porta-Bandeira,J4,10
BJF,2008,Mestre-Sala e Porta-Bandeira,J3,10
BJF,2008,Mestre-Sala e Porta-Bandeira,J2,10
BJF,2008,Conjunto,J1,10
BJF,2008,Mestre-Sala e Porta-Bandeira,J1,10
BJF,2008,Enredo,J4,10
BJF,2008,Enredo,J3,9.8
BJF,2008,Alegorias e Adereços,J4,10
BJF,2008,Alegorias e Adereços,J3,10
BJF,2008,Alegorias e Adereços,J2,10
BJF,2008,Alegorias e Adereços,J1,10
BJF,2008,Bateria,J4,10
BJF,2008,Bateria,J3,10
BJF,2008,Bateria,J2,10
BJF,2008,Bateria,J1,10
BJF,2008,Evolução,J4,10
BJF,2008,Harmonia,J1,10
BJF,2008,Harmonia,J2,10
BJF,2008,Harmonia,J3,10
BJF,2008,Harmonia,J4,10
BJF,2008,Enredo,J1,9.9
BJF,2008,Samba-Enredo,J1,10
BJF,2008,Samba-Enredo,J2,10
BJF,2008,Samba-Enredo,J3,10
BJF,2008,Evolução,J3,10
BJF,2008,Evolução,J2,10
BJF,2008,Evolução,J1,10
BJF,2008,Fantasias,J4,10
BJF,2008,Enredo,J2,9.9
BJF,2008,Pen.,Pen.,0
BJF,2008,Comissão de Frente,J4,9.9
BJF,2008,Comissão de Frente,J3,9.9
BJF,2008,Comissão de Frente,J2,10
BJF,2008,Comissão de Frente,J1,10
GRA,2008,Mestre-Sala e Porta-Bandeira,J2,9.9
GRA,2008,Mestre-Sala e Porta-Bandeira,J1,10
GRA,2008,Enredo,J4,9.9
GRA,2008,Enredo,J3,9.8
GRA,2008,Samba-Enredo,J2,10
GRA,2008,Samba-Enredo,J3,10
GRA,2008,Samba-Enredo,J4,10
GRA,2008,Harmonia,J1,10
GRA,2008,Harmonia,J2,10
GRA,2008,Harmonia,J3,10
GRA,2008,Harmonia,J4,9.7
GRA,2008,Enredo,J1,9.8
GRA,2008,Pen.,Pen.,-0.1
GRA,2008,Comissão de Frente,J4,10
GRA,2008,Comissão de Frente,J3,10
GRA,2008,Comissão de Frente,J2,10
GRA,2008,Comissão de Frente,J1,10
GRA,2008,Conjunto,J4,9.5
GRA,2008,Conjunto,J3,10
GRA,2008,Conjunto,J2,10
GRA,2008,Conjunto,J1,10
GRA,2008,Alegorias e Adereços,J4,9.9
GRA,2008,Enredo,J2,10
GRA,2008,Alegorias e Adereços,J3,9.9
GRA,2008,Alegorias e Adereços,J2,10
GRA,2008,Alegorias e Adereços,J1,9.8
GRA,2008,Bateria,J4,10
GRA,2008,Bateria,J3,10
GRA,2008,Bateria,J2,10
GRA,2008,Bateria,J1,10
GRA,2008,Evolução,J4,9.6
GRA,2008,Evolução,J3,10
GRA,2008,Evolução,J2,10
GRA,2008,Evolução,J1,10
GRA,2008,Fantasias,J4,9.9
GRA,2008,Fantasias,J3,9.9
GRA,2008,Fantasias,J2,10
GRA,2008,Samba-Enredo,J1,9.6
GRA,2008,Fantasias,J1,9.8
GRA,2008,Mestre-Sala e Porta-Bandeira,J4,10
GRA,2008,Mestre-Sala e Porta-Bandeira,J3,10
IMP,2008,Enredo,J2,9.8
IMP,2008,Enredo,J4,9.9
IMP,2008,Mestre-Sala e Porta-Bandeira,J1,10
IMP,2008,Mestre-Sala e Porta-Bandeira,J2,10
IMP,2008,Mestre-Sala e Porta-Bandeira,J3,10
IMP,2008,Mestre-Sala e Porta-Bandeira,J4,9.9
IMP,2008,Fantasias,J1,10
IMP,2008,Fantasias,J2,9.9
IMP,2008,Fantasias,J3,9.9
IMP,2008,Fantasias,J4,9.9
IMP,2008,Evolução,J1,10
IMP,2008,Evolução,J2,9.9
IMP,2008,Evolução,J3,9.9
IMP,2008,Evolução,J4,9.9
IMP,2008,Bateria,J1,10
IMP,2008,Bateria,J2,10
IMP,2008,Bateria,J3,10
IMP,2008,Bateria,J4,10
IMP,2008,Alegorias e Adereços,J1,10
IMP,2008,Alegorias e Adereços,J2,10
IMP,2008,Alegorias e Adereços,J3,9.7
IMP,2008,Alegorias e Adereços,J4,9.9
IMP,2008,Conjunto,J1,10
IMP,2008,Conjunto,J2,10
IMP,2008,Conjunto,J3,9.9
IMP,2008,Conjunto,J4,9.9
IMP,2008,Comissão de Frente,J1,10
IMP,2008,Comissão de Frente,J2,9.7
IMP,2008,Comissão de Frente,J3,9.8
IMP,2008,Comissão de Frente,J4,9.8
IMP,2008,Pen.,Pen.,0
IMP,2008,Samba-Enredo,J1,10
IMP,2008,Samba-Enredo,J2,10
IMP,2008,Samba-Enredo,J3,10
IMP,2008,Samba-Enredo,J4,10
IMP,2008,Harmonia,J1,9.9
IMP,2008,Harmonia,J2,9.6
IMP,2008,Harmonia,J3,9.7
IMP,2008,Harmonia,J4,9.9
IMP,2008,Enredo,J1,10
IMP,2008,Enredo,J3,9.7
MAN,2008,Enredo,J1,9.8
MAN,2008,Harmonia,J4,9.9
MAN,2008,Harmonia,J3,9.8
MAN,2008,Harmonia,J2,9.4
MAN,2008,Harmonia,J1,10
MAN,2008,Samba-Enredo,J4,9.9
MAN,2008,Samba-Enredo,J3,9.7
MAN,2008,Samba-Enredo,J2,9.9
MAN,2008,Samba-Enredo,J1,10
MAN,2008,Comissão de Frente,J3,9.9
MAN,2008,Comissão de Frente,J4,9.7
MAN,2008,Fantasias,J4,9.8
MAN,2008,Evolução,J1,10
MAN,2008,Evolução,J2,9.8
MAN,2008,Evolução,J3,9.8
MAN,2008,Evolução,J4,9.8
MAN,2008,Bateria,J1,9.9
MAN,2008,Bateria,J2,10
MAN,2008,Bateria,J3,10
MAN,2008,Bateria,J4,10
MAN,2008,Alegorias e Adereços,J1,9.9
MAN,2008,Alegorias e Adereços,J2,9.8
MAN,2008,Alegorias e Adereços,J3,9.3
MAN,2008,Alegorias e Adereços,J4,9.9
MAN,2008,Conjunto,J1,9.7
MAN,2008,Pen.,Pen.,0
MAN,2008,Conjunto,J2,9.7
MAN,2008,Conjunto,J3,9.8
MAN,2008,Conjunto,J4,9.8
MAN,2008,Comissão de Frente,J1,9.9
MAN,2008,Comissão de Frente,J2,10
MAN,2008,Fantasias,J3,9.9
MAN,2008,Fantasias,J2,9.8
MAN,2008,Fantasias,J1,9.8
MAN,2008,Mestre-Sala e Porta-Bandeira,J4,10
MAN,2008,Mestre-Sala e Porta-Bandeira,J3,10
MAN,2008,Mestre-Sala e Porta-Bandeira,J2,10
MAN,2008,Mestre-Sala e Porta-Bandeira,J1,10
MAN,2008,Enredo,J4,9.9
MAN,2008,Enredo,J3,9.8
MAN,2008,Enredo,J2,9.8
MOC,2008,Harmonia,J4,10
MOC,2008,Harmonia,J3,9.8
MOC,2008,Harmonia,J2,10
MOC,2008,Harmonia,J1,9.9
MOC,2008,Samba-Enredo,J4,10
MOC,2008,Samba-Enredo,J3,10
MOC,2008,Samba-Enredo,J2,10
MOC,2008,Samba-Enredo,J1,9.8
MOC,2008,Enredo,J4,9.7
MOC,2008,Enredo,J3,9.7
MOC,2008,Enredo,J2,10
MOC,2008,Pen.,Pen.,0
MOC,2008,Comissão de Frente,J4,9.8
MOC,2008,Comissão de Frente,J3,9.9
MOC,2008,Comissão de Frente,J2,9.9
MOC,2008,Comissão de Frente,J1,9.9
MOC,2008,Conjunto,J4,9.9
MOC,2008,Conjunto,J3,9.8
MOC,2008,Conjunto,J2,10
MOC,2008,Conjunto,J1,10
MOC,2008,Alegorias e Adereços,J4,9.8
MOC,2008,Alegorias e Adereços,J3,9.8
MOC,2008,Alegorias e Adereços,J2,9.8
MOC,2008,Alegorias e Adereços,J1,9.2
MOC,2008,Bateria,J4,10
MOC,2008,Bateria,J3,10
MOC,2008,Bateria,J2,9.9
MOC,2008,Bateria,J1,9.9
MOC,2008,Evolução,J4,9.9
MOC,2008,Evolução,J3,9.7
MOC,2008,Evolução,J2,9.8
MOC,2008,Evolução,J1,10
MOC,2008,Fantasias,J4,9.7
MOC,2008,Fantasias,J3,10
MOC,2008,Fantasias,J2,10
MOC,2008,Fantasias,J1,9.9
MOC,2008,Mestre-Sala e Porta-Bandeira,J4,10
MOC,2008,Mestre-Sala e Porta-Bandeira,J3,10
MOC,2008,Mestre-Sala e Porta-Bandeira,J2,10
MOC,2008,Mestre-Sala e Porta-Bandeira,J1,9.9
MOC,2008,Enredo,J1,9.7
POR,2008,Harmonia,J4,10
POR,2008,Comissão de Frente,J4,9.9
POR,2008,Comissão de Frente,J3,10
POR,2008,Comissão de Frente,J2,9.7
POR,2008,Comissão de Frente,J1,9.8
POR,2008,Conjunto,J4,10
POR,2008,Conjunto,J3,9.8
POR,2008,Conjunto,J2,10
POR,2008,Conjunto,J1,10
POR,2008,Alegorias e Adereços,J4,10
POR,2008,Alegorias e Adereços,J3,9.9
POR,2008,Alegorias e Adereços,J2,10
POR,2008,Alegorias e Adereços,J1,9.9
POR,2008,Bateria,J4,10
POR,2008,Bateria,J3,10
POR,2008,Bateria,J2,9.9
POR,2008,Bateria,J1,9.9
POR,2008,Evolução,J4,9.9
POR,2008,Evolução,J3,9.9
POR,2008,Evolução,J2,10
POR,2008,Evolução,J1,10
POR,2008,Fantasias,J4,9.9
POR,2008,Fantasias,J3,10
POR,2008,Fantasias,J2,10
POR,2008,Fantasias,J1,9.4
POR,2008,Mestre-Sala e Porta-Bandeira,J4,9.9
POR,2008,Mestre-Sala e Porta-Bandeira,J3,10
POR,2008,Mestre-Sala e Porta-Bandeira,J2,9.7
POR,2008,Mestre-Sala e Porta-Bandeira,J1,9.9
POR,2008,Enredo,J4,10
POR,2008,Enredo,J3,10
POR,2008,Enredo,J2,10
POR,2008,Enredo,J1,10
POR,2008,Harmonia,J3,9.9
POR,2008,Harmonia,J2,9.5
POR,2008,Harmonia,J1,10
POR,2008,Samba-Enredo,J4,10
POR,2008,Samba-Enredo,J3,10
POR,2008,Samba-Enredo,J2,10
POR,2008,Samba-Enredo,J1,10
POR,2008,Pen.,Pen.,0
PPE,2008,Bateria,J2,9.9
PPE,2008,Bateria,J1,9.7
PPE,2008,Evolução,J4,9.7
PPE,2008,Evolução,J3,9.6
PPE,2008,Evolução,J2,9.8
PPE,2008,Evolução,J1,9.8
PPE,2008,Fantasias,J4,9.6
PPE,2008,Fantasias,J3,9.9
PPE,2008,Fantasias,J2,9.7
PPE,2008,Alegorias e Adereços,J3,9
PPE,2008,Alegorias e Adereços,J4,9.8
PPE,2008,Conjunto,J1,9.8
PPE,2008,Conjunto,J2,9.8
PPE,2008,Conjunto,J3,9.8
PPE,2008,Conjunto,J4,9.6
PPE,2008,Comissão de Frente,J1,9.8
PPE,2008,Fantasias,J1,9
PPE,2008,Mestre-Sala e Porta-Bandeira,J4,10
PPE,2008,Mestre-Sala e Porta-Bandeira,J3,9.8
PPE,2008,Mestre-Sala e Porta-Bandeira,J2,9.9
PPE,2008,Mestre-Sala e Porta-Bandeira,J1,10
PPE,2008,Enredo,J4,9.8
PPE,2008,Enredo,J3,9.8
PPE,2008,Enredo,J2,9.7
PPE,2008,Enredo,J1,9.7
PPE,2008,Harmonia,J4,9.8
PPE,2008,Harmonia,J3,9.6
PPE,2008,Harmonia,J2,8.9
PPE,2008,Harmonia,J1,9.7
PPE,2008,Samba-Enredo,J4,9.9
PPE,2008,Samba-Enredo,J3,9.9
PPE,2008,Samba-Enredo,J2,9.8
PPE,2008,Comissão de Frente,J2,9.7
PPE,2008,Pen.,Pen.,0
PPE,2008,Alegorias e Adereços,J1,9.1
PPE,2008,Samba-Enredo,J1,10
PPE,2008,Alegorias e Adereços,J2,9.8
PPE,2008,Comissão de Frente,J3,9.7
PPE,2008,Comissão de Frente,J4,9.7
PPE,2008,Bateria,J4,9.9
PPE,2008,Bateria,J3,9.7
SAL,2008,Samba-Enredo,J1,10
SAL,2008,Alegorias e Adereços,J3,9.9
SAL,2008,Alegorias e Adereços,J4,10
SAL,2008,Conjunto,J1,10
SAL,2008,Alegorias e Adereços,J1,9.6
SAL,2008,Alegorias e Adereços,J2,9.9
SAL,2008,Bateria,J4,10
SAL,2008,Bateria,J3,10
SAL,2008,Bateria,J2,10
SAL,2008,Bateria,J1,10
SAL,2008,Evolução,J4,10
SAL,2008,Evolução,J3,10
SAL,2008,Evolução,J2,10
SAL,2008,Evolução,J1,10
SAL,2008,Fantasias,J4,10
SAL,2008,Fantasias,J3,10
SAL,2008,Conjunto,J2,10
SAL,2008,Conjunto,J3,10
SAL,2008,Conjunto,J4,10
SAL,2008,Comissão de Frente,J1,10
SAL,2008,Comissão de Frente,J2,9.9
SAL,2008,Comissão de Frente,J3,10
SAL,2008,Comissão de Frente,J4,9.9
SAL,2008,Pen.,Pen.,0
SAL,2008,Fantasias,J2,10
SAL,2008,Fantasias,J1,9.8
SAL,2008,Mestre-Sala e Porta-Bandeira,J4,10
SAL,2008,Mestre-Sala e Porta-Bandeira,J3,9.9
SAL,2008,Mestre-Sala e Porta-Bandeira,J2,9.9
SAL,2008,Mestre-Sala e Porta-Bandeira,J1,10
SAL,2008,Enredo,J4,10
SAL,2008,Enredo,J3,10
SAL,2008,Enredo,J2,10
SAL,2008,Enredo,J1,10
SAL,2008,Harmonia,J4,10
SAL,2008,Harmonia,J3,10
SAL,2008,Harmonia,J2,9.2
SAL,2008,Harmonia,J1,10
SAL,2008,Samba-Enredo,J4,10
SAL,2008,Samba-Enredo,J3,10
SAL,2008,Samba-Enredo,J2,10
SCL,2008,Fantasias,J2,9.7
SCL,2008,Harmonia,J2,10
SCL,2008,Harmonia,J3,9.4
SCL,2008,Enredo,J2,9.6
SCL,2008,Enredo,J3,9.6
SCL,2008,Pen.,Pen.,-0.5
SCL,2008,Comissão de Frente,J4,9.7
SCL,2008,Comissão de Frente,J3,9.8
SCL,2008,Comissão de Frente,J2,9.7
SCL,2008,Comissão de Frente,J1,9.8
SCL,2008,Conjunto,J4,9.8
SCL,2008,Conjunto,J3,9.6
SCL,2008,Conjunto,J2,9.7
SCL,2008,Conjunto,J1,9.7
SCL,2008,Alegorias e Adereços,J4,9.8
SCL,2008,Alegorias e Adereços,J3,9.5
SCL,2008,Alegorias e Adereços,J2,9.7
SCL,2008,Alegorias e Adereços,J1,9.4
SCL,2008,Bateria,J4,9.9
SCL,2008,Bateria,J3,10
SCL,2008,Bateria,J2,9.8
SCL,2008,Bateria,J1,9.7
SCL,2008,Evolução,J4,9.7
SCL,2008,Evolução,J3,9.6
SCL,2008,Evolução,J2,9.7
SCL,2008,Evolução,J1,9.5
SCL,2008,Fantasias,J4,9.7
SCL,2008,Fantasias,J3,9.8
SCL,2008,Fantasias,J1,9.3
SCL,2008,Mestre-Sala e Porta-Bandeira,J4,9.8
SCL,2008,Mestre-Sala e Porta-Bandeira,J3,9.7
SCL,2008,Mestre-Sala e Porta-Bandeira,J2,9.7
SCL,2008,Mestre-Sala e Porta-Bandeira,J1,9.7
SCL,2008,Enredo,J4,9.7
SCL,2008,Enredo,J1,9.6
SCL,2008,Harmonia,J4,9.8
SCL,2008,Harmonia,J1,9.6
SCL,2008,Samba-Enredo,J1,9.8
SCL,2008,Samba-Enredo,J2,9.8
SCL,2008,Samba-Enredo,J3,9.8
SCL,2008,Samba-Enredo,J4,9.8
TIJ,2008,Conjunto,J4,10
TIJ,2008,Samba-Enredo,J2,10
TIJ,2008,Samba-Enredo,J1,9.9
TIJ,2008,Alegorias e Adereços,J4,10
TIJ,2008,Conjunto,J1,10
TIJ,2008,Conjunto,J2,10
TIJ,2008,Conjunto,J3,9.9
TIJ,2008,Fantasias,J2,9.9
TIJ,2008,Fantasias,J1,10
TIJ,2008,Mestre-Sala e Porta-Bandeira,J4,10
TIJ,2008,Mestre-Sala e Porta-Bandeira,J3,10
TIJ,2008,Mestre-Sala e Porta-Bandeira,J2,9.8
TIJ,2008,Mestre-Sala e Porta-Bandeira,J1,9.8
TIJ,2008,Enredo,J4,10
TIJ,2008,Enredo,J3,10
TIJ,2008,Comissão de Frente,J3,10
TIJ,2008,Comissão de Frente,J2,9.9
TIJ,2008,Enredo,J2,9.9
TIJ,2008,Enredo,J1,9.8
TIJ,2008,Harmonia,J4,10
TIJ,2008,Harmonia,J3,9.8
TIJ,2008,Harmonia,J2,9
TIJ,2008,Harmonia,J1,9.8
TIJ,2008,Samba-Enredo,J4,9.9
TIJ,2008,Fantasias,J3,10
TIJ,2008,Fantasias,J4,10
TIJ,2008,Evolução,J1,10
TIJ,2008,Evolução,J2,10
TIJ,2008,Evolução,J3,9.8
TIJ,2008,Evolução,J4,10
TIJ,2008,Bateria,J1,10
TIJ,2008,Bateria,J2,9.9
TIJ,2008,Bateria,J3,9.8
TIJ,2008,Bateria,J4,10
TIJ,2008,Alegorias e Adereços,J1,10
TIJ,2008,Alegorias e Adereços,J2,9.9
TIJ,2008,Alegorias e Adereços,J3,10
TIJ,2008,Pen.,Pen.,0
TIJ,2008,Comissão de Frente,J4,9.9
TIJ,2008,Comissão de Frente,J1,10
TIJ,2008,Samba-Enredo,J3,9.8
VIR,2008,Enredo,J4,10
VIR,2008,Samba-Enredo,J1,10
VIR,2008,Samba-Enredo,J2,9.8
VIR,2008,Samba-Enredo,J3,10
VIR,2008,Samba-Enredo,J4,10
VIR,2008,Harmonia,J1,9.9
VIR,2008,Harmonia,J2,9
VIR,2008,Harmonia,J3,9.9
VIR,2008,Harmonia,J4,10
VIR,2008,Enredo,J1,9.8
VIR,2008,Enredo,J2,9.8
VIR,2008,Enredo,J3,9.7
VIR,2008,Mestre-Sala e Porta-Bandeira,J1,9.9
VIR,2008,Mestre-Sala e Porta-Bandeira,J2,9.8
VIR,2008,Mestre-Sala e Porta-Bandeira,J3,9.9
VIR,2008,Mestre-Sala e Porta-Bandeira,J4,9.8
VIR,2008,Fantasias,J1,9.9
VIR,2008,Fantasias,J2,9.9
VIR,2008,Fantasias,J3,10
VIR,2008,Fantasias,J4,9.9
VIR,2008,Evolução,J1,9.9
VIR,2008,Evolução,J2,10
VIR,2008,Evolução,J3,10
VIR,2008,Evolução,J4,10
VIR,2008,Bateria,J1,10
VIR,2008,Bateria,J2,10
VIR,2008,Bateria,J3,10
VIR,2008,Bateria,J4,10
VIR,2008,Alegorias e Adereços,J1,9.6
VIR,2008,Alegorias e Adereços,J2,9.9
VIR,2008,Alegorias e Adereços,J3,9.8
VIR,2008,Alegorias e Adereços,J4,9.9
VIR,2008,Conjunto,J1,10
VIR,2008,Conjunto,J2,9.9
VIR,2008,Conjunto,J3,10
VIR,2008,Conjunto,J4,10
VIR,2008,Comissão de Frente,J1,10
VIR,2008,Comissão de Frente,J2,10
VIR,2008,Comissão de Frente,J3,10
VIR,2008,Comissão de Frente,J4,10
VIR,2008,Pen.,Pen.,0
VIS,2008,Comissão de Frente,J4,10
VIS,2008,Evolução,J1,9.9
VIS,2008,Evolução,J2,9.8
VIS,2008,Evolução,J3,9.8
VIS,2008,Evolução,J4,9.9
VIS,2008,Bateria,J1,9.9
VIS,2008,Bateria,J2,10
VIS,2008,Bateria,J3,9.7
VIS,2008,Bateria,J4,10
VIS,2008,Alegorias e Adereços,J1,9.8
VIS,2008,Alegorias e Adereços,J2,10
VIS,2008,Alegorias e Adereços,J3,10
VIS,2008,Alegorias e Adereços,J4,10
VIS,2008,Conjunto,J1,9.9
VIS,2008,Conjunto,J2,10
VIS,2008,Conjunto,J4,9.9
VIS,2008,Conjunto,J3,9.8
VIS,2008,Comissão de Frente,J1,9.9
VIS,2008,Comissão de Frente,J2,10
VIS,2008,Comissão de Frente,J3,9.9
VIS,2008,Fantasias,J4,9.8
VIS,2008,Pen.,Pen.,0
VIS,2008,Samba-Enredo,J1,9.8
VIS,2008,Samba-Enredo,J2,9.7
VIS,2008,Samba-Enredo,J3,9.7
VIS,2008,Samba-Enredo,J4,9.9
VIS,2008,Harmonia,J1,9.9
VIS,2008,Harmonia,J2,8.8
VIS,2008,Harmonia,J3,9.8
VIS,2008,Harmonia,J4,9.9
VIS,2008,Enredo,J1,10
VIS,2008,Enredo,J2,9.8
VIS,2008,Enredo,J3,9.8
VIS,2008,Enredo,J4,10
VIS,2008,Mestre-Sala e Porta-Bandeira,J1,10
VIS,2008,Mestre-Sala e Porta-Bandeira,J2,9.9
VIS,2008,Mestre-Sala e Porta-Bandeira,J3,9.9
VIS,2008,Mestre-Sala e Porta-Bandeira,J4,10
VIS,2008,Fantasias,J1,9.8
VIS,2008,Fantasias,J2,9.9
VIS,2008,Fantasias,J3,10
BJF,2009,Samba-Enredo,J3,10
BJF,2009,Samba-Enredo,J4,10
BJF,2009,Conjunto,J1,10
BJF,2009,Conjunto,J2,10
BJF,2009,Conjunto,J3,10
BJF,2009,Conjunto,J4,10
BJF,2009,Evolução,J1,10
BJF,2009,Evolução,J2,9.8
BJF,2009,Evolução,J3,10
BJF,2009,Evolução,J4,10
BJF,2009,Comissão de Frente,J1,10
BJF,2009,Mestre-Sala e Porta-Bandeira,J2,10
BJF,2009,Mestre-Sala e Porta-Bandeira,J3,9.9
BJF,2009,Comissão de Frente,J2,10
BJF,2009,Mestre-Sala e Porta-Bandeira,J4,9.9
BJF,2009,Comissão de Frente,J3,9.9
BJF,2009,Comissão de Frente,J4,10
BJF,2009,Bateria,J1,10
BJF,2009,Bateria,J2,9.9
BJF,2009,Bateria,J3,10
BJF,2009,Bateria,J4,10
BJF,2009,Mestre-Sala e Porta-Bandeira,J1,9.9
BJF,2009,Alegorias e Adereços,J1,9.9
BJF,2009,Alegorias e Adereços,J2,10
BJF,2009,Alegorias e Adereços,J3,9.9
BJF,2009,Alegorias e Adereços,J4,10
BJF,2009,Enredo,J1,9.8
BJF,2009,Enredo,J2,9.6
BJF,2009,Enredo,J3,9.9
BJF,2009,Enredo,J4,9.8
BJF,2009,Fantasias,J1,10
BJF,2009,Fantasias,J2,10
BJF,2009,Pen.,Pen.,0
BJF,2009,Fantasias,J3,10
BJF,2009,Fantasias,J4,10
BJF,2009,Harmonia,J1,9.9
BJF,2009,Harmonia,J2,9.9
BJF,2009,Harmonia,J3,10
BJF,2009,Harmonia,J4,10
BJF,2009,Samba-Enredo,J1,10
BJF,2009,Samba-Enredo,J2,10
GRA,2009,Mestre-Sala e Porta-Bandeira,J2,10
GRA,2009,Alegorias e Adereços,J1,9.7
GRA,2009,Alegorias e Adereços,J2,9.9
GRA,2009,Alegorias e Adereços,J3,9.8
GRA,2009,Alegorias e Adereços,J4,9.8
GRA,2009,Enredo,J1,10
GRA,2009,Enredo,J2,9.7
GRA,2009,Enredo,J3,9.9
GRA,2009,Enredo,J4,10
GRA,2009,Fantasias,J1,9.9
GRA,2009,Fantasias,J2,10
GRA,2009,Fantasias,J3,10
GRA,2009,Fantasias,J4,9.7
GRA,2009,Harmonia,J1,10
GRA,2009,Harmonia,J2,9.9
GRA,2009,Harmonia,J3,9.9
GRA,2009,Harmonia,J4,10
GRA,2009,Samba-Enredo,J1,10
GRA,2009,Samba-Enredo,J2,10
GRA,2009,Samba-Enredo,J3,9.8
GRA,2009,Samba-Enredo,J4,10
GRA,2009,Conjunto,J1,10
GRA,2009,Conjunto,J2,10
GRA,2009,Conjunto,J3,9.9
GRA,2009,Conjunto,J4,10
GRA,2009,Evolução,J1,10
GRA,2009,Evolução,J2,9.9
GRA,2009,Evolução,J3,10
GRA,2009,Evolução,J4,10
GRA,2009,Comissão de Frente,J1,9.7
GRA,2009,Comissão de Frente,J2,10
GRA,2009,Comissão de Frente,J3,9.9
GRA,2009,Comissão de Frente,J4,9.9
GRA,2009,Bateria,J1,10
GRA,2009,Bateria,J2,10
GRA,2009,Bateria,J3,10
GRA,2009,Bateria,J4,9.9
GRA,2009,Mestre-Sala e Porta-Bandeira,J1,9.9
GRA,2009,Mestre-Sala e Porta-Bandeira,J3,9.9
GRA,2009,Mestre-Sala e Porta-Bandeira,J4,9.9
GRA,2009,Pen.,Pen.,0
IMP,2009,Evolução,J2,10
IMP,2009,Alegorias e Adereços,J2,9.8
IMP,2009,Alegorias e Adereços,J1,9.7
IMP,2009,Fantasias,J1,10
IMP,2009,Fantasias,J2,9.9
IMP,2009,Fantasias,J3,9.9
IMP,2009,Fantasias,J4,9.8
IMP,2009,Harmonia,J1,9.9
IMP,2009,Harmonia,J2,9.9
IMP,2009,Harmonia,J3,10
IMP,2009,Harmonia,J4,10
IMP,2009,Samba-Enredo,J1,10
IMP,2009,Samba-Enredo,J2,9.7
IMP,2009,Samba-Enredo,J3,9.8
IMP,2009,Samba-Enredo,J4,9.8
IMP,2009,Conjunto,J1,9.9
IMP,2009,Conjunto,J2,9.9
IMP,2009,Conjunto,J3,9.8
IMP,2009,Conjunto,J4,9.9
IMP,2009,Evolução,J1,10
IMP,2009,Alegorias e Adereços,J4,9.9
IMP,2009,Evolução,J3,10
IMP,2009,Evolução,J4,10
IMP,2009,Comissão de Frente,J1,9.8
IMP,2009,Comissão de Frente,J2,9.9
IMP,2009,Comissão de Frente,J3,9.9
IMP,2009,Comissão de Frente,J4,10
IMP,2009,Bateria,J1,10
IMP,2009,Bateria,J2,10
IMP,2009,Bateria,J3,10
IMP,2009,Bateria,J4,9.9
IMP,2009,Mestre-Sala e Porta-Bandeira,J1,10
IMP,2009,Mestre-Sala e Porta-Bandeira,J2,10
IMP,2009,Mestre-Sala e Porta-Bandeira,J3,9.9
IMP,2009,Mestre-Sala e Porta-Bandeira,J4,9.9
IMP,2009,Pen.,Pen.,0
IMP,2009,Enredo,J1,10
IMP,2009,Enredo,J2,9.9
IMP,2009,Enredo,J3,9.9
IMP,2009,Enredo,J4,10
IMP,2009,Alegorias e Adereços,J3,9.7
ISR,2009,Comissão de Frente,J2,9.9
ISR,2009,Comissão de Frente,J1,9.8
ISR,2009,Evolução,J4,9.8
ISR,2009,Evolução,J3,9.9
ISR,2009,Evolução,J2,9.9
ISR,2009,Evolução,J1,9.8
ISR,2009,Conjunto,J4,9.7
ISR,2009,Conjunto,J3,9.6
ISR,2009,Conjunto,J2,9.7
ISR,2009,Conjunto,J1,9.6
ISR,2009,Samba-Enredo,J4,10
ISR,2009,Samba-Enredo,J3,10
ISR,2009,Samba-Enredo,J2,10
ISR,2009,Samba-Enredo,J1,10
ISR,2009,Harmonia,J4,9.9
ISR,2009,Harmonia,J3,9.8
ISR,2009,Harmonia,J2,9.8
ISR,2009,Harmonia,J1,10
ISR,2009,Fantasias,J4,9.6
ISR,2009,Fantasias,J3,9.7
ISR,2009,Fantasias,J2,9.7
ISR,2009,Fantasias,J1,9.7
ISR,2009,Enredo,J4,9.7
ISR,2009,Enredo,J3,9.6
ISR,2009,Enredo,J2,9.6
ISR,2009,Enredo,J1,9.6
ISR,2009,Alegorias e Adereços,J4,9.6
ISR,2009,Alegorias e Adereços,J3,9.4
ISR,2009,Alegorias e Adereços,J2,9.7
ISR,2009,Alegorias e Adereços,J1,9.2
ISR,2009,Pen.,Pen.,0
ISR,2009,Mestre-Sala e Porta-Bandeira,J4,9.7
ISR,2009,Mestre-Sala e Porta-Bandeira,J3,9.7
ISR,2009,Mestre-Sala e Porta-Bandeira,J2,9.9
ISR,2009,Mestre-Sala e Porta-Bandeira,J1,9.7
ISR,2009,Bateria,J4,9.9
ISR,2009,Bateria,J3,10
ISR,2009,Bateria,J2,10
ISR,2009,Bateria,J1,10
ISR,2009,Comissão de Frente,J4,9.8
ISR,2009,Comissão de Frente,J3,9.7
MAN,2009,Fantasias,J2,10
MAN,2009,Pen.,Pen.,0
MAN,2009,Mestre-Sala e Porta-Bandeira,J4,10
MAN,2009,Mestre-Sala e Porta-Bandeira,J3,10
MAN,2009,Mestre-Sala e Porta-Bandeira,J2,10
MAN,2009,Mestre-Sala e Porta-Bandeira,J1,10
MAN,2009,Bateria,J4,10
MAN,2009,Bateria,J3,10
MAN,2009,Bateria,J2,9.8
MAN,2009,Bateria,J1,10
MAN,2009,Comissão de Frente,J4,10
MAN,2009,Comissão de Frente,J3,10
MAN,2009,Comissão de Frente,J2,9.9
MAN,2009,Comissão de Frente,J1,9.9
MAN,2009,Evolução,J4,9.9
MAN,2009,Evolução,J3,9.8
MAN,2009,Evolução,J2,10
MAN,2009,Evolução,J1,9.9
MAN,2009,Conjunto,J4,9.9
MAN,2009,Conjunto,J3,10
MAN,2009,Conjunto,J2,9.8
MAN,2009,Conjunto,J1,9.8
MAN,2009,Samba-Enredo,J4,10
MAN,2009,Samba-Enredo,J3,10
MAN,2009,Samba-Enredo,J2,10
MAN,2009,Samba-Enredo,J1,10
MAN,2009,Harmonia,J4,9.9
MAN,2009,Harmonia,J3,10
MAN,2009,Harmonia,J2,10
MAN,2009,Harmonia,J1,10
MAN,2009,Fantasias,J4,9.8
MAN,2009,Fantasias,J3,9.9
MAN,2009,Fantasias,J1,9.8
MAN,2009,Alegorias e Adereços,J1,9.5
MAN,2009,Alegorias e Adereços,J2,9.9
MAN,2009,Alegorias e Adereços,J3,9.7
MAN,2009,Alegorias e Adereços,J4,9.6
MAN,2009,Enredo,J1,10
MAN,2009,Enredo,J2,10
MAN,2009,Enredo,J3,10
MAN,2009,Enredo,J4,10
MOC,2009,Mestre-Sala e Porta-Bandeira,J3,9.9
MOC,2009,Mestre-Sala e Porta-Bandeira,J4,9.8
MOC,2009,Pen.,Pen.,0
MOC,2009,Mestre-Sala e Porta-Bandeira,J1,10
MOC,2009,Bateria,J4,10
MOC,2009,Bateria,J3,10
MOC,2009,Samba-Enredo,J4,9.9
MOC,2009,Alegorias e Adereços,J1,9.3
MOC,2009,Alegorias e Adereços,J2,9.7
MOC,2009,Conjunto,J1,9.7
MOC,2009,Alegorias e Adereços,J3,9.6
MOC,2009,Harmonia,J1,9.8
MOC,2009,Harmonia,J2,9.8
MOC,2009,Harmonia,J3,10
MOC,2009,Harmonia,J4,9.8
MOC,2009,Samba-Enredo,J1,9.8
MOC,2009,Samba-Enredo,J2,9.8
MOC,2009,Samba-Enredo,J3,9.7
MOC,2009,Alegorias e Adereços,J4,9.6
MOC,2009,Enredo,J1,9.7
MOC,2009,Enredo,J2,9.6
MOC,2009,Mestre-Sala e Porta-Bandeira,J2,9.9
MOC,2009,Enredo,J3,9.7
MOC,2009,Enredo,J4,9.7
MOC,2009,Fantasias,J1,9.7
MOC,2009,Fantasias,J2,9.8
MOC,2009,Fantasias,J3,9.8
MOC,2009,Fantasias,J4,9.7
MOC,2009,Conjunto,J2,9.8
MOC,2009,Conjunto,J3,9.9
MOC,2009,Conjunto,J4,9.8
MOC,2009,Evolução,J1,9.7
MOC,2009,Evolução,J2,9.9
MOC,2009,Evolução,J3,10
MOC,2009,Evolução,J4,9.8
MOC,2009,Comissão de Frente,J1,9.6
MOC,2009,Comissão de Frente,J2,9.7
MOC,2009,Comissão de Frente,J3,9.9
MOC,2009,Comissão de Frente,J4,9.7
MOC,2009,Bateria,J1,9.9
MOC,2009,Bateria,J2,10
POR,2009,Bateria,J3,10
POR,2009,Alegorias e Adereços,J1,9.8
POR,2009,Alegorias e Adereços,J2,9.9
POR,2009,Alegorias e Adereços,J3,9.8
POR,2009,Alegorias e Adereços,J4,9.7
POR,2009,Enredo,J1,9.8
POR,2009,Enredo,J2,10
POR,2009,Enredo,J3,10
POR,2009,Enredo,J4,9.9
POR,2009,Fantasias,J1,9.9
POR,2009,Fantasias,J2,10
POR,2009,Fantasias,J3,10
POR,2009,Fantasias,J4,9.9
POR,2009,Harmonia,J1,10
POR,2009,Harmonia,J2,10
POR,2009,Harmonia,J3,10
POR,2009,Harmonia,J4,10
POR,2009,Samba-Enredo,J1,10
POR,2009,Samba-Enredo,J2,9.9
POR,2009,Samba-Enredo,J3,10
POR,2009,Samba-Enredo,J4,9.9
POR,2009,Conjunto,J1,9.9
POR,2009,Conjunto,J2,10
POR,2009,Conjunto,J3,10
POR,2009,Conjunto,J4,10
POR,2009,Evolução,J1,10
POR,2009,Evolução,J2,10
POR,2009,Evolução,J3,10
POR,2009,Evolução,J4,10
POR,2009,Comissão de Frente,J1,10
POR,2009,Comissão de Frente,J2,10
POR,2009,Comissão de Frente,J3,10
POR,2009,Comissão de Frente,J4,9.9
POR,2009,Bateria,J1,9.8
POR,2009,Bateria,J2,10
POR,2009,Bateria,J4,10
POR,2009,Mestre-Sala e Porta-Bandeira,J1,10
POR,2009,Mestre-Sala e Porta-Bandeira,J2,10
POR,2009,Mestre-Sala e Porta-Bandeira,J3,10
POR,2009,Mestre-Sala e Porta-Bandeira,J4,9.8
POR,2009,Pen.,Pen.,0
PPE,2009,Alegorias e Adereços,J4,9.9
PPE,2009,Conjunto,J2,9.8
PPE,2009,Conjunto,J3,9.8
PPE,2009,Conjunto,J4,9.7
PPE,2009,Evolução,J1,9.7
PPE,2009,Evolução,J2,9.7
PPE,2009,Evolução,J3,9.8
PPE,2009,Evolução,J4,9.8
PPE,2009,Comissão de Frente,J1,9.9
PPE,2009,Comissão de Frente,J2,9.9
PPE,2009,Comissão de Frente,J3,9.8
PPE,2009,Comissão de Frente,J4,9.8
PPE,2009,Bateria,J1,9.9
PPE,2009,Alegorias e Adereços,J1,9.5
PPE,2009,Bateria,J2,9.9
PPE,2009,Bateria,J3,9.8
PPE,2009,Bateria,J4,10
PPE,2009,Mestre-Sala e Porta-Bandeira,J1,10
PPE,2009,Mestre-Sala e Porta-Bandeira,J2,9.9
PPE,2009,Mestre-Sala e Porta-Bandeira,J3,9.9
PPE,2009,Mestre-Sala e Porta-Bandeira,J4,9.9
PPE,2009,Pen.,Pen.,-0.1
PPE,2009,Conjunto,J1,9.8
PPE,2009,Samba-Enredo,J4,9.8
PPE,2009,Samba-Enredo,J3,9.8
PPE,2009,Samba-Enredo,J2,9.8
PPE,2009,Samba-Enredo,J1,9.8
PPE,2009,Harmonia,J4,9.8
PPE,2009,Harmonia,J3,9.9
PPE,2009,Harmonia,J2,9.7
PPE,2009,Harmonia,J1,9.8
PPE,2009,Fantasias,J4,9.8
PPE,2009,Fantasias,J3,9.8
PPE,2009,Fantasias,J2,9.9
PPE,2009,Fantasias,J1,9.8
PPE,2009,Enredo,J4,9.8
PPE,2009,Enredo,J3,9.7
PPE,2009,Enredo,J2,9.6
PPE,2009,Enredo,J1,9.8
PPE,2009,Alegorias e Adereços,J2,9.8
PPE,2009,Alegorias e Adereços,J3,9.9
SAL,2009,Conjunto,J2,10
SAL,2009,Enredo,J2,10
SAL,2009,Enredo,J1,9.8
SAL,2009,Alegorias e Adereços,J4,10
SAL,2009,Alegorias e Adereços,J3,10
SAL,2009,Alegorias e Adereços,J2,10
SAL,2009,Alegorias e Adereços,J1,10
SAL,2009,Conjunto,J3,9.9
SAL,2009,Conjunto,J4,10
SAL,2009,Evolução,J1,9.9
SAL,2009,Evolução,J2,10
SAL,2009,Evolução,J3,10
SAL,2009,Evolução,J4,10
SAL,2009,Comissão de Frente,J1,10
SAL,2009,Comissão de Frente,J2,10
SAL,2009,Comissão de Frente,J3,10
SAL,2009,Comissão de Frente,J4,10
SAL,2009,Bateria,J1,10
SAL,2009,Enredo,J4,9.9
SAL,2009,Fantasias,J1,10
SAL,2009,Fantasias,J2,10
SAL,2009,Fantasias,J3,10
SAL,2009,Fantasias,J4,10
SAL,2009,Harmonia,J1,10
SAL,2009,Harmonia,J2,10
SAL,2009,Harmonia,J3,9.9
SAL,2009,Harmonia,J4,10
SAL,2009,Samba-Enredo,J1,10
SAL,2009,Samba-Enredo,J2,10
SAL,2009,Samba-Enredo,J3,10
SAL,2009,Samba-Enredo,J4,10
SAL,2009,Bateria,J2,10
SAL,2009,Conjunto,J1,9.9
SAL,2009,Bateria,J3,9.8
SAL,2009,Bateria,J4,10
SAL,2009,Mestre-Sala e Porta-Bandeira,J1,9.9
SAL,2009,Mestre-Sala e Porta-Bandeira,J2,10
SAL,2009,Mestre-Sala e Porta-Bandeira,J3,10
SAL,2009,Mestre-Sala e Porta-Bandeira,J4,10
SAL,2009,Pen.,Pen.,0
SAL,2009,Enredo,J3,10
TIJ,2009,Bateria,J4,9.7
TIJ,2009,Mestre-Sala e Porta-Bandeira,J2,10
TIJ,2009,Mestre-Sala e Porta-Bandeira,J3,10
TIJ,2009,Mestre-Sala e Porta-Bandeira,J4,9.8
TIJ,2009,Pen.,Pen.,0
TIJ,2009,Alegorias e Adereços,J1,9.1
TIJ,2009,Alegorias e Adereços,J2,9.7
TIJ,2009,Alegorias e Adereços,J3,9.6
TIJ,2009,Alegorias e Adereços,J4,9.7
TIJ,2009,Enredo,J1,9.7
TIJ,2009,Enredo,J2,9.7
TIJ,2009,Enredo,J3,9.8
TIJ,2009,Enredo,J4,9.8
TIJ,2009,Fantasias,J1,9.8
TIJ,2009,Fantasias,J2,10
TIJ,2009,Fantasias,J3,9.9
TIJ,2009,Fantasias,J4,9.6
TIJ,2009,Harmonia,J1,9.9
TIJ,2009,Harmonia,J2,10
TIJ,2009,Harmonia,J3,10
TIJ,2009,Harmonia,J4,10
TIJ,2009,Samba-Enredo,J1,9.8
TIJ,2009,Samba-Enredo,J2,10
TIJ,2009,Samba-Enredo,J3,9.7
TIJ,2009,Samba-Enredo,J4,10
TIJ,2009,Conjunto,J1,9.8
TIJ,2009,Conjunto,J2,9.8
TIJ,2009,Conjunto,J3,10
TIJ,2009,Conjunto,J4,9.9
TIJ,2009,Evolução,J1,9.7
TIJ,2009,Evolução,J2,9.8
TIJ,2009,Evolução,J3,9.9
TIJ,2009,Evolução,J4,10
TIJ,2009,Comissão de Frente,J1,9.8
TIJ,2009,Comissão de Frente,J2,10
TIJ,2009,Comissão de Frente,J3,9.7
TIJ,2009,Comissão de Frente,J4,9.9
TIJ,2009,Bateria,J1,10
TIJ,2009,Bateria,J2,10
TIJ,2009,Bateria,J3,9.7
TIJ,2009,Mestre-Sala e Porta-Bandeira,J1,9.8
VIR,2009,Mestre-Sala e Porta-Bandeira,J3,9.9
VIR,2009,Enredo,J2,9.8
VIR,2009,Enredo,J1,10
VIR,2009,Alegorias e Adereços,J4,9.8
VIR,2009,Alegorias e Adereços,J3,10
VIR,2009,Alegorias e Adereços,J2,9.9
VIR,2009,Alegorias e Adereços,J1,9.6
VIR,2009,Samba-Enredo,J2,9.7
VIR,2009,Samba-Enredo,J1,9.9
VIR,2009,Harmonia,J4,9.8
VIR,2009,Harmonia,J3,10
VIR,2009,Harmonia,J2,9.8
VIR,2009,Harmonia,J1,9.8
VIR,2009,Mestre-Sala e Porta-Bandeira,J4,9.9
VIR,2009,Enredo,J3,9.9
VIR,2009,Mestre-Sala e Porta-Bandeira,J2,9.9
VIR,2009,Mestre-Sala e Porta-Bandeira,J1,10
VIR,2009,Bateria,J4,10
VIR,2009,Bateria,J3,10
VIR,2009,Bateria,J2,10
VIR,2009,Bateria,J1,10
VIR,2009,Comissão de Frente,J4,10
VIR,2009,Comissão de Frente,J3,10
VIR,2009,Samba-Enredo,J4,9.8
VIR,2009,Conjunto,J1,9.8
VIR,2009,Conjunto,J2,9.9
VIR,2009,Conjunto,J3,10
VIR,2009,Conjunto,J4,9.7
VIR,2009,Evolução,J1,9.8
VIR,2009,Evolução,J2,9.9
VIR,2009,Comissão de Frente,J2,10
VIR,2009,Pen.,Pen.,0
VIR,2009,Evolução,J3,10
VIR,2009,Evolução,J4,9.8
VIR,2009,Comissão de Frente,J1,9.9
VIR,2009,Fantasias,J4,9.7
VIR,2009,Samba-Enredo,J3,9.7
VIR,2009,Fantasias,J3,9.8
VIR,2009,Fantasias,J2,9.9
VIR,2009,Fantasias,J1,9.9
VIR,2009,Enredo,J4,9.8
VIS,2009,Fantasias,J2,10
VIS,2009,Fantasias,J3,10
VIS,2009,Fantasias,J4,10
VIS,2009,Harmonia,J1,10
VIS,2009,Harmonia,J2,10
VIS,2009,Harmonia,J3,10
VIS,2009,Harmonia,J4,10
VIS,2009,Mestre-Sala e Porta-Bandeira,J3,10
VIS,2009,Mestre-Sala e Porta-Bandeira,J4,10
VIS,2009,Pen.,Pen.,0
VIS,2009,Samba-Enredo,J1,9.9
VIS,2009,Samba-Enredo,J2,9.8
VIS,2009,Bateria,J4,10
VIS,2009,Bateria,J3,9.7
VIS,2009,Bateria,J2,9.8
VIS,2009,Bateria,J1,9.9
VIS,2009,Conjunto,J4,10
VIS,2009,Samba-Enredo,J4,9.8
VIS,2009,Samba-Enredo,J3,9.6
VIS,2009,Comissão de Frente,J4,10
VIS,2009,Comissão de Frente,J3,10
VIS,2009,Comissão de Frente,J2,10
VIS,2009,Comissão de Frente,J1,10
VIS,2009,Evolução,J4,10
VIS,2009,Evolução,J3,10
VIS,2009,Evolução,J2,10
VIS,2009,Evolução,J1,10
VIS,2009,Mestre-Sala e Porta-Bandeira,J2,10
VIS,2009,Conjunto,J1,9.8
VIS,2009,Conjunto,J2,10
VIS,2009,Conjunto,J3,10
VIS,2009,Alegorias e Adereços,J1,9.9
VIS,2009,Alegorias e Adereços,J2,10
VIS,2009,Alegorias e Adereços,J3,10
VIS,2009,Alegorias e Adereços,J4,10
VIS,2009,Enredo,J1,9.8
VIS,2009,Enredo,J2,9.8
VIS,2009,Mestre-Sala e Porta-Bandeira,J1,9.8
VIS,2009,Enredo,J3,10
VIS,2009,Enredo,J4,10
VIS,2009,Fantasias,J1,10
BJF,2010,Comissão de Frente,J3,9.9
BJF,2010,Enredo,J5,10
BJF,2010,Enredo,J4,10
BJF,2010,Enredo,J3,9.9
BJF,2010,Enredo,J2,9.8
BJF,2010,Enredo,J1,9.9
BJF,2010,Comissão de Frente,J5,10
BJF,2010,Comissão de Frente,J4,9.9
BJF,2010,Comissão de Frente,J2,10
BJF,2010,Comissão de Frente,J1,9.9
BJF,2010,Alegorias e Adereços,J5,10
BJF,2010,Alegorias e Adereços,J4,9.8
BJF,2010,Alegorias e Adereços,J3,9.9
BJF,2010,Alegorias e Adereços,J2,9.9
BJF,2010,Alegorias e Adereços,J1,9.9
BJF,2010,Evolução,J5,10
BJF,2010,Evolução,J4,10
BJF,2010,Evolução,J3,10
BJF,2010,Evolução,J2,10
BJF,2010,Evolução,J1,9.9
BJF,2010,Fantasias,J5,10
BJF,2010,Fantasias,J4,10
BJF,2010,Fantasias,J3,10
BJF,2010,Fantasias,J2,10
BJF,2010,Fantasias,J1,9.9
BJF,2010,Mestre-Sala e Porta-Bandeira,J5,10
BJF,2010,Mestre-Sala e Porta-Bandeira,J4,10
BJF,2010,Mestre-Sala e Porta-Bandeira,J3,10
BJF,2010,Bateria,J1,9.8
BJF,2010,Bateria,J2,10
BJF,2010,Bateria,J3,10
BJF,2010,Bateria,J4,9.9
BJF,2010,Bateria,J5,10
BJF,2010,Samba-Enredo,J1,9.9
BJF,2010,Samba-Enredo,J2,10
BJF,2010,Samba-Enredo,J3,10
BJF,2010,Samba-Enredo,J4,10
BJF,2010,Samba-Enredo,J5,10
BJF,2010,Harmonia,J1,10
BJF,2010,Harmonia,J2,10
BJF,2010,Harmonia,J3,10
BJF,2010,Harmonia,J4,10
BJF,2010,Harmonia,J5,10
BJF,2010,Conjunto,J1,10
BJF,2010,Conjunto,J2,10
BJF,2010,Conjunto,J3,10
BJF,2010,Conjunto,J4,10
BJF,2010,Conjunto,J5,10
BJF,2010,Mestre-Sala e Porta-Bandeira,J1,10
BJF,2010,Mestre-Sala e Porta-Bandeira,J2,10
GRA,2010,Mestre-Sala e Porta-Bandeira,J1,10
GRA,2010,Mestre-Sala e Porta-Bandeira,J2,9.8
GRA,2010,Samba-Enredo,J5,9.6
GRA,2010,Samba-Enredo,J4,10
GRA,2010,Samba-Enredo,J3,10
GRA,2010,Samba-Enredo,J2,10
GRA,2010,Samba-Enredo,J1,9.8
GRA,2010,Bateria,J5,10
GRA,2010,Bateria,J4,9.9
GRA,2010,Comissão de Frente,J2,10
GRA,2010,Bateria,J3,10
GRA,2010,Bateria,J2,10
GRA,2010,Bateria,J1,9.9
GRA,2010,Mestre-Sala e Porta-Bandeira,J3,10
GRA,2010,Mestre-Sala e Porta-Bandeira,J4,10
GRA,2010,Mestre-Sala e Porta-Bandeira,J5,10
GRA,2010,Fantasias,J1,10
GRA,2010,Fantasias,J2,10
GRA,2010,Fantasias,J3,10
GRA,2010,Fantasias,J4,10
GRA,2010,Fantasias,J5,10
GRA,2010,Evolução,J1,9.9
GRA,2010,Evolução,J2,10
GRA,2010,Evolução,J3,10
GRA,2010,Evolução,J4,10
GRA,2010,Evolução,J5,9.9
GRA,2010,Alegorias e Adereços,J1,10
GRA,2010,Alegorias e Adereços,J2,9.9
GRA,2010,Alegorias e Adereços,J3,9.9
GRA,2010,Alegorias e Adereços,J4,10
GRA,2010,Alegorias e Adereços,J5,10
GRA,2010,Enredo,J5,10
GRA,2010,Harmonia,J2,10
GRA,2010,Harmonia,J3,10
GRA,2010,Comissão de Frente,J1,9.9
GRA,2010,Harmonia,J4,10
GRA,2010,Harmonia,J5,9.8
GRA,2010,Harmonia,J1,9.9
GRA,2010,Conjunto,J1,10
GRA,2010,Conjunto,J2,10
GRA,2010,Conjunto,J3,10
GRA,2010,Conjunto,J4,10
GRA,2010,Conjunto,J5,10
GRA,2010,Comissão de Frente,J3,10
GRA,2010,Comissão de Frente,J4,10
GRA,2010,Comissão de Frente,J5,10
GRA,2010,Enredo,J1,10
GRA,2010,Enredo,J2,10
GRA,2010,Enredo,J3,10
GRA,2010,Enredo,J4,10
IMP,2010,Enredo,J1,9.9
IMP,2010,Bateria,J1,10
IMP,2010,Bateria,J2,10
IMP,2010,Samba-Enredo,J3,10
IMP,2010,Samba-Enredo,J4,9.9
IMP,2010,Samba-Enredo,J5,10
IMP,2010,Harmonia,J1,9.9
IMP,2010,Harmonia,J2,9.9
IMP,2010,Harmonia,J3,9.9
IMP,2010,Harmonia,J4,9.9
IMP,2010,Harmonia,J5,9.8
IMP,2010,Conjunto,J1,9.9
IMP,2010,Conjunto,J2,9.8
IMP,2010,Conjunto,J3,9.8
IMP,2010,Conjunto,J4,9.8
IMP,2010,Conjunto,J5,9.7
IMP,2010,Mestre-Sala e Porta-Bandeira,J1,9.9
IMP,2010,Mestre-Sala e Porta-Bandeira,J2,9.9
IMP,2010,Mestre-Sala e Porta-Bandeira,J3,9.9
IMP,2010,Mestre-Sala e Porta-Bandeira,J4,9.9
IMP,2010,Mestre-Sala e Porta-Bandeira,J5,9.9
IMP,2010,Fantasias,J1,10
IMP,2010,Fantasias,J2,9.8
IMP,2010,Fantasias,J3,9.8
IMP,2010,Fantasias,J4,9.9
IMP,2010,Fantasias,J5,9.7
IMP,2010,Evolução,J1,9.9
IMP,2010,Evolução,J2,10
IMP,2010,Evolução,J3,9.7
IMP,2010,Evolução,J4,9.8
IMP,2010,Evolução,J5,9.8
IMP,2010,Alegorias e Adereços,J1,9.9
IMP,2010,Alegorias e Adereços,J2,9.5
IMP,2010,Alegorias e Adereços,J3,9.7
IMP,2010,Alegorias e Adereços,J4,9.6
IMP,2010,Alegorias e Adereços,J5,9.8
IMP,2010,Comissão de Frente,J1,9.8
IMP,2010,Comissão de Frente,J2,9.8
IMP,2010,Comissão de Frente,J3,9.8
IMP,2010,Comissão de Frente,J4,9.9
IMP,2010,Bateria,J3,10
IMP,2010,Bateria,J4,10
IMP,2010,Bateria,J5,10
IMP,2010,Samba-Enredo,J1,10
IMP,2010,Comissão de Frente,J5,9.9
IMP,2010,Enredo,J2,9.8
IMP,2010,Enredo,J3,9.8
IMP,2010,Enredo,J4,9.8
IMP,2010,Enredo,J5,9.7
IMP,2010,Samba-Enredo,J2,10
MAN,2010,Mestre-Sala e Porta-Bandeira,J3,9.8
MAN,2010,Enredo,J5,9.8
MAN,2010,Enredo,J4,9.9
MAN,2010,Enredo,J3,9.9
MAN,2010,Enredo,J2,9.8
MAN,2010,Enredo,J1,9.9
MAN,2010,Comissão de Frente,J5,10
MAN,2010,Comissão de Frente,J4,10
MAN,2010,Comissão de Frente,J3,10
MAN,2010,Comissão de Frente,J2,9.9
MAN,2010,Comissão de Frente,J1,9.9
MAN,2010,Alegorias e Adereços,J5,10
MAN,2010,Alegorias e Adereços,J4,9.7
MAN,2010,Alegorias e Adereços,J3,9.8
MAN,2010,Alegorias e Adereços,J2,9.5
MAN,2010,Alegorias e Adereços,J1,9.8
MAN,2010,Evolução,J5,9.8
MAN,2010,Evolução,J4,9.9
MAN,2010,Evolução,J3,10
MAN,2010,Evolução,J2,9.9
MAN,2010,Evolução,J1,10
MAN,2010,Fantasias,J5,9.9
MAN,2010,Fantasias,J4,9.8
MAN,2010,Fantasias,J3,10
MAN,2010,Fantasias,J2,9.8
MAN,2010,Fantasias,J1,9.6
MAN,2010,Mestre-Sala e Porta-Bandeira,J5,9.9
MAN,2010,Mestre-Sala e Porta-Bandeira,J4,9.8
MAN,2010,Mestre-Sala e Porta-Bandeira,J2,10
MAN,2010,Mestre-Sala e Porta-Bandeira,J1,10
MAN,2010,Conjunto,J5,10
MAN,2010,Conjunto,J4,9.8
MAN,2010,Conjunto,J3,10
MAN,2010,Conjunto,J2,9.8
MAN,2010,Conjunto,J1,10
MAN,2010,Harmonia,J5,10
MAN,2010,Harmonia,J4,10
MAN,2010,Harmonia,J3,10
MAN,2010,Harmonia,J2,10
MAN,2010,Harmonia,J1,10
MAN,2010,Samba-Enredo,J5,10
MAN,2010,Samba-Enredo,J4,10
MAN,2010,Samba-Enredo,J3,10
MAN,2010,Samba-Enredo,J2,10
MAN,2010,Samba-Enredo,J1,10
MAN,2010,Bateria,J5,10
MAN,2010,Bateria,J4,9.9
MAN,2010,Bateria,J3,10
MAN,2010,Bateria,J2,10
MAN,2010,Bateria,J1,10
MOC,2010,Bateria,J1,9.9
MOC,2010,Enredo,J5,10
MOC,2010,Enredo,J4,10
MOC,2010,Enredo,J3,9.7
MOC,2010,Enredo,J2,9.7
MOC,2010,Enredo,J1,9.8
MOC,2010,Comissão de Frente,J5,9.7
MOC,2010,Comissão de Frente,J4,9.9
MOC,2010,Comissão de Frente,J3,10
MOC,2010,Comissão de Frente,J2,10
MOC,2010,Comissão de Frente,J1,9.8
MOC,2010,Alegorias e Adereços,J5,9.7
MOC,2010,Alegorias e Adereços,J4,9.8
MOC,2010,Alegorias e Adereços,J3,9.6
MOC,2010,Alegorias e Adereços,J2,9.5
MOC,2010,Alegorias e Adereços,J1,9.7
MOC,2010,Evolução,J5,9.8
MOC,2010,Evolução,J4,10
MOC,2010,Evolução,J3,10
MOC,2010,Evolução,J2,9.8
MOC,2010,Evolução,J1,10
MOC,2010,Fantasias,J5,9.7
MOC,2010,Fantasias,J4,10
MOC,2010,Fantasias,J3,10
MOC,2010,Fantasias,J2,9.7
MOC,2010,Fantasias,J1,9.7
MOC,2010,Mestre-Sala e Porta-Bandeira,J5,9.9
MOC,2010,Mestre-Sala e Porta-Bandeira,J4,10
MOC,2010,Mestre-Sala e Porta-Bandeira,J3,10
MOC,2010,Mestre-Sala e Porta-Bandeira,J2,9.9
MOC,2010,Mestre-Sala e Porta-Bandeira,J1,9.9
MOC,2010,Conjunto,J5,9.8
MOC,2010,Conjunto,J4,10
MOC,2010,Conjunto,J3,10
MOC,2010,Conjunto,J2,9.9
MOC,2010,Conjunto,J1,10
MOC,2010,Harmonia,J5,10
MOC,2010,Harmonia,J4,10
MOC,2010,Harmonia,J3,10
MOC,2010,Harmonia,J2,9.8
MOC,2010,Harmonia,J1,10
MOC,2010,Samba-Enredo,J5,9.8
MOC,2010,Samba-Enredo,J4,9.7
MOC,2010,Samba-Enredo,J3,9.7
MOC,2010,Samba-Enredo,J2,10
MOC,2010,Samba-Enredo,J1,9.9
MOC,2010,Bateria,J5,9.7
MOC,2010,Bateria,J4,9.9
MOC,2010,Bateria,J3,9.8
MOC,2010,Bateria,J2,9.9
POR,2010,Alegorias e Adereços,J5,9
POR,2010,Samba-Enredo,J5,9.8
POR,2010,Harmonia,J1,10
POR,2010,Harmonia,J2,10
POR,2010,Harmonia,J3,10
POR,2010,Harmonia,J4,9.9
POR,2010,Harmonia,J5,10
POR,2010,Conjunto,J1,10
POR,2010,Conjunto,J2,9.8
POR,2010,Conjunto,J3,9.9
POR,2010,Conjunto,J4,9.9
POR,2010,Conjunto,J5,9.9
POR,2010,Mestre-Sala e Porta-Bandeira,J1,10
POR,2010,Mestre-Sala e Porta-Bandeira,J2,9.9
POR,2010,Mestre-Sala e Porta-Bandeira,J3,10
POR,2010,Mestre-Sala e Porta-Bandeira,J4,10
POR,2010,Mestre-Sala e Porta-Bandeira,J5,10
POR,2010,Fantasias,J1,9.7
POR,2010,Samba-Enredo,J3,9.7
POR,2010,Samba-Enredo,J2,10
POR,2010,Samba-Enredo,J1,9.8
POR,2010,Bateria,J5,9.8
POR,2010,Bateria,J4,9.9
POR,2010,Bateria,J3,9.8
POR,2010,Bateria,J2,10
POR,2010,Bateria,J1,9.8
POR,2010,Evolução,J5,9.8
POR,2010,Evolução,J4,9.9
POR,2010,Evolução,J3,9.9
POR,2010,Evolução,J2,9.9
POR,2010,Evolução,J1,9.9
POR,2010,Fantasias,J5,9.4
POR,2010,Fantasias,J4,9.8
POR,2010,Fantasias,J3,9.8
POR,2010,Fantasias,J2,10
POR,2010,Comissão de Frente,J1,9.7
POR,2010,Comissão de Frente,J2,10
POR,2010,Comissão de Frente,J3,9.7
POR,2010,Comissão de Frente,J4,9.9
POR,2010,Comissão de Frente,J5,9.9
POR,2010,Enredo,J1,9.7
POR,2010,Enredo,J2,9.9
POR,2010,Enredo,J3,9.6
POR,2010,Enredo,J4,9.8
POR,2010,Enredo,J5,9.7
POR,2010,Samba-Enredo,J4,9.8
POR,2010,Alegorias e Adereços,J1,9.7
POR,2010,Alegorias e Adereços,J2,9.6
POR,2010,Alegorias e Adereços,J3,9.8
POR,2010,Alegorias e Adereços,J4,9.6
PPE,2010,Alegorias e Adereços,J4,9.7
PPE,2010,Alegorias e Adereços,J3,9.6
PPE,2010,Alegorias e Adereços,J2,9.5
PPE,2010,Alegorias e Adereços,J1,9.8
PPE,2010,Evolução,J5,9.7
PPE,2010,Evolução,J4,9.6
PPE,2010,Evolução,J3,9.5
PPE,2010,Evolução,J2,9.9
PPE,2010,Evolução,J1,10
PPE,2010,Fantasias,J5,9.7
PPE,2010,Fantasias,J4,9.7
PPE,2010,Fantasias,J3,9.9
PPE,2010,Fantasias,J2,9.6
PPE,2010,Fantasias,J1,9.6
PPE,2010,Mestre-Sala e Porta-Bandeira,J5,9.8
PPE,2010,Mestre-Sala e Porta-Bandeira,J4,9.9
PPE,2010,Mestre-Sala e Porta-Bandeira,J3,9.9
PPE,2010,Mestre-Sala e Porta-Bandeira,J2,9.8
PPE,2010,Mestre-Sala e Porta-Bandeira,J1,9.9
PPE,2010,Conjunto,J5,9.8
PPE,2010,Conjunto,J4,9.8
PPE,2010,Conjunto,J3,9.7
PPE,2010,Conjunto,J2,9.9
PPE,2010,Conjunto,J1,9.9
PPE,2010,Harmonia,J5,10
PPE,2010,Harmonia,J4,9.6
PPE,2010,Harmonia,J3,9.9
PPE,2010,Harmonia,J2,9.8
PPE,2010,Harmonia,J1,9.9
PPE,2010,Samba-Enredo,J5,9.6
PPE,2010,Samba-Enredo,J4,9.8
PPE,2010,Samba-Enredo,J3,9.8
PPE,2010,Samba-Enredo,J2,9.9
PPE,2010,Samba-Enredo,J1,9.8
PPE,2010,Bateria,J5,9.9
PPE,2010,Bateria,J4,10
PPE,2010,Bateria,J3,10
PPE,2010,Bateria,J2,10
PPE,2010,Bateria,J1,9.9
PPE,2010,Enredo,J5,9.6
PPE,2010,Enredo,J4,9.7
PPE,2010,Enredo,J3,10
PPE,2010,Enredo,J2,9.7
PPE,2010,Enredo,J1,10
PPE,2010,Comissão de Frente,J5,9.8
PPE,2010,Comissão de Frente,J4,9.9
PPE,2010,Comissão de Frente,J3,9.5
PPE,2010,Comissão de Frente,J2,9.7
PPE,2010,Comissão de Frente,J1,9.8
PPE,2010,Alegorias e Adereços,J5,9.8
SAL,2010,Conjunto,J5,9.9
SAL,2010,Bateria,J4,10
SAL,2010,Bateria,J3,9.7
SAL,2010,Bateria,J2,10
SAL,2010,Alegorias e Adereços,J3,9.9
SAL,2010,Alegorias e Adereços,J2,9.9
SAL,2010,Alegorias e Adereços,J1,10
SAL,2010,Evolução,J5,9.9
SAL,2010,Evolução,J4,9.9
SAL,2010,Evolução,J3,10
SAL,2010,Evolução,J2,10
SAL,2010,Evolução,J1,9.9
SAL,2010,Fantasias,J5,10
SAL,2010,Fantasias,J4,10
SAL,2010,Fantasias,J3,10
SAL,2010,Fantasias,J2,10
SAL,2010,Fantasias,J1,9.9
SAL,2010,Mestre-Sala e Porta-Bandeira,J5,9.9
SAL,2010,Mestre-Sala e Porta-Bandeira,J4,9.9
SAL,2010,Mestre-Sala e Porta-Bandeira,J3,9.8
SAL,2010,Mestre-Sala e Porta-Bandeira,J2,9.9
SAL,2010,Mestre-Sala e Porta-Bandeira,J1,9.9
SAL,2010,Enredo,J5,9.8
SAL,2010,Enredo,J4,9.8
SAL,2010,Enredo,J3,10
SAL,2010,Enredo,J2,10
SAL,2010,Enredo,J1,10
SAL,2010,Comissão de Frente,J5,10
SAL,2010,Comissão de Frente,J4,10
SAL,2010,Bateria,J1,9.8
SAL,2010,Conjunto,J3,9.9
SAL,2010,Conjunto,J2,9.8
SAL,2010,Conjunto,J1,10
SAL,2010,Harmonia,J5,10
SAL,2010,Harmonia,J4,10
SAL,2010,Conjunto,J4,9.9
SAL,2010,Harmonia,J3,10
SAL,2010,Harmonia,J2,10
SAL,2010,Harmonia,J1,10
SAL,2010,Samba-Enredo,J5,9.7
SAL,2010,Samba-Enredo,J4,10
SAL,2010,Samba-Enredo,J3,9.8
SAL,2010,Comissão de Frente,J3,10
SAL,2010,Alegorias e Adereços,J4,9.9
SAL,2010,Alegorias e Adereços,J5,10
SAL,2010,Comissão de Frente,J1,9.9
SAL,2010,Comissão de Frente,J2,9.9
SAL,2010,Samba-Enredo,J2,10
SAL,2010,Samba-Enredo,J1,9.9
SAL,2010,Bateria,J5,9.7
TIJ,2010,Mestre-Sala e Porta-Bandeira,J2,10
TIJ,2010,Enredo,J5,9.9
TIJ,2010,Bateria,J1,9.9
TIJ,2010,Bateria,J2,10
TIJ,2010,Enredo,J2,10
TIJ,2010,Enredo,J1,10
TIJ,2010,Comissão de Frente,J5,10
TIJ,2010,Comissão de Frente,J4,10
TIJ,2010,Comissão de Frente,J3,10
TIJ,2010,Comissão de Frente,J2,10
TIJ,2010,Comissão de Frente,J1,10
TIJ,2010,Alegorias e Adereços,J5,10
TIJ,2010,Alegorias e Adereços,J4,10
TIJ,2010,Alegorias e Adereços,J3,10
TIJ,2010,Alegorias e Adereços,J2,10
TIJ,2010,Alegorias e Adereços,J1,10
TIJ,2010,Evolução,J5,10
TIJ,2010,Evolução,J4,10
TIJ,2010,Evolução,J3,10
TIJ,2010,Evolução,J2,10
TIJ,2010,Evolução,J1,10
TIJ,2010,Fantasias,J5,10
TIJ,2010,Fantasias,J4,10
TIJ,2010,Fantasias,J3,10
TIJ,2010,Bateria,J3,10
TIJ,2010,Bateria,J4,9.9
TIJ,2010,Bateria,J5,10
TIJ,2010,Mestre-Sala e Porta-Bandeira,J3,9.9
TIJ,2010,Mestre-Sala e Porta-Bandeira,J4,10
TIJ,2010,Mestre-Sala e Porta-Bandeira,J5,10
TIJ,2010,Fantasias,J1,10
TIJ,2010,Enredo,J4,10
TIJ,2010,Samba-Enredo,J1,10
TIJ,2010,Samba-Enredo,J2,10
TIJ,2010,Enredo,J3,10
TIJ,2010,Samba-Enredo,J3,10
TIJ,2010,Samba-Enredo,J4,10
TIJ,2010,Samba-Enredo,J5,9.9
TIJ,2010,Fantasias,J2,10
TIJ,2010,Harmonia,J1,10
TIJ,2010,Harmonia,J2,10
TIJ,2010,Harmonia,J3,10
TIJ,2010,Harmonia,J4,10
TIJ,2010,Harmonia,J5,10
TIJ,2010,Conjunto,J1,10
TIJ,2010,Conjunto,J2,10
TIJ,2010,Conjunto,J3,10
TIJ,2010,Conjunto,J4,10
TIJ,2010,Conjunto,J5,10
TIJ,2010,Mestre-Sala e Porta-Bandeira,J1,10
UNI,2010,Bateria,J4,9.8
UNI,2010,Enredo,J5,9.8
UNI,2010,Enredo,J4,9.9
UNI,2010,Enredo,J3,9.9
UNI,2010,Enredo,J2,9.8
UNI,2010,Enredo,J1,9.7
UNI,2010,Comissão de Frente,J5,9.7
UNI,2010,Comissão de Frente,J4,9.7
UNI,2010,Comissão de Frente,J3,9.5
UNI,2010,Comissão de Frente,J2,9.7
UNI,2010,Comissão de Frente,J1,9.7
UNI,2010,Alegorias e Adereços,J5,9.7
UNI,2010,Alegorias e Adereços,J4,9.7
UNI,2010,Alegorias e Adereços,J3,9.6
UNI,2010,Alegorias e Adereços,J2,9.6
UNI,2010,Alegorias e Adereços,J1,9.8
UNI,2010,Evolução,J5,9.7
UNI,2010,Evolução,J4,9.7
UNI,2010,Evolução,J3,9.5
UNI,2010,Evolução,J2,9.9
UNI,2010,Evolução,J1,9.8
UNI,2010,Fantasias,J5,9.8
UNI,2010,Fantasias,J4,9.9
UNI,2010,Fantasias,J3,9.9
UNI,2010,Fantasias,J2,10
UNI,2010,Fantasias,J1,9.6
UNI,2010,Mestre-Sala e Porta-Bandeira,J5,9.8
UNI,2010,Mestre-Sala e Porta-Bandeira,J4,9.7
UNI,2010,Mestre-Sala e Porta-Bandeira,J3,9.9
UNI,2010,Mestre-Sala e Porta-Bandeira,J2,9.7
UNI,2010,Mestre-Sala e Porta-Bandeira,J1,9.8
UNI,2010,Conjunto,J5,9.8
UNI,2010,Conjunto,J4,9.7
UNI,2010,Conjunto,J3,9.7
UNI,2010,Conjunto,J2,9.7
UNI,2010,Conjunto,J1,10
UNI,2010,Harmonia,J5,9.8
UNI,2010,Harmonia,J4,9.7
UNI,2010,Harmonia,J3,10
UNI,2010,Harmonia,J2,9.9
UNI,2010,Harmonia,J1,9.8
UNI,2010,Samba-Enredo,J5,9.9
UNI,2010,Samba-Enredo,J4,10
UNI,2010,Samba-Enredo,J3,9.8
UNI,2010,Samba-Enredo,J2,9.9
UNI,2010,Samba-Enredo,J1,10
UNI,2010,Bateria,J5,10
UNI,2010,Bateria,J3,10
UNI,2010,Bateria,J2,9.8
UNI,2010,Bateria,J1,9.7
VIR,2010,Mestre-Sala e Porta-Bandeira,J3,9.8
VIR,2010,Fantasias,J4,9.9
VIR,2010,Bateria,J1,9.2
VIR,2010,Bateria,J2,9.9
VIR,2010,Bateria,J3,9.5
VIR,2010,Bateria,J4,9.8
VIR,2010,Bateria,J5,9.6
VIR,2010,Samba-Enredo,J1,9.7
VIR,2010,Samba-Enredo,J2,9.9
VIR,2010,Samba-Enredo,J3,10
VIR,2010,Samba-Enredo,J4,9.7
VIR,2010,Samba-Enredo,J5,9.7
VIR,2010,Harmonia,J1,9.5
VIR,2010,Fantasias,J5,9.5
VIR,2010,Evolução,J1,9.7
VIR,2010,Evolução,J2,9.7
VIR,2010,Evolução,J3,9.3
VIR,2010,Evolução,J4,9.7
VIR,2010,Evolução,J5,9.6
VIR,2010,Alegorias e Adereços,J1,9.6
VIR,2010,Alegorias e Adereços,J2,9.4
VIR,2010,Alegorias e Adereços,J3,9.5
VIR,2010,Alegorias e Adereços,J4,9.4
VIR,2010,Alegorias e Adereços,J5,9
VIR,2010,Comissão de Frente,J1,9.8
VIR,2010,Comissão de Frente,J2,9.8
VIR,2010,Comissão de Frente,J3,9.5
VIR,2010,Comissão de Frente,J4,9.8
VIR,2010,Comissão de Frente,J5,9.8
VIR,2010,Enredo,J1,9.5
VIR,2010,Enredo,J2,9.6
VIR,2010,Enredo,J3,9.6
VIR,2010,Enredo,J4,9.7
VIR,2010,Enredo,J5,9.8
VIR,2010,Fantasias,J3,9.7
VIR,2010,Fantasias,J2,9.5
VIR,2010,Fantasias,J1,9.6
VIR,2010,Mestre-Sala e Porta-Bandeira,J5,9.8
VIR,2010,Mestre-Sala e Porta-Bandeira,J4,9.8
VIR,2010,Harmonia,J2,9.9
VIR,2010,Harmonia,J3,9.9
VIR,2010,Harmonia,J4,9.8
VIR,2010,Harmonia,J5,9.8
VIR,2010,Conjunto,J1,9.8
VIR,2010,Conjunto,J2,9.6
VIR,2010,Conjunto,J3,9.7
VIR,2010,Conjunto,J4,9.6
VIR,2010,Conjunto,J5,9.7
VIR,2010,Mestre-Sala e Porta-Bandeira,J1,9.8
VIR,2010,Mestre-Sala e Porta-Bandeira,J2,9.9
VIS,2010,Harmonia,J5,10
VIS,2010,Bateria,J1,10
VIS,2010,Bateria,J2,10
VIS,2010,Bateria,J3,9.4
VIS,2010,Bateria,J4,10
VIS,2010,Bateria,J5,9.7
VIS,2010,Samba-Enredo,J1,10
VIS,2010,Samba-Enredo,J2,10
VIS,2010,Samba-Enredo,J3,10
VIS,2010,Samba-Enredo,J4,10
VIS,2010,Samba-Enredo,J5,10
VIS,2010,Harmonia,J1,10
VIS,2010,Harmonia,J2,9.9
VIS,2010,Harmonia,J3,10
VIS,2010,Harmonia,J4,10
VIS,2010,Conjunto,J1,10
VIS,2010,Conjunto,J2,9.9
VIS,2010,Conjunto,J3,9.9
VIS,2010,Conjunto,J4,10
VIS,2010,Conjunto,J5,10
VIS,2010,Mestre-Sala e Porta-Bandeira,J1,10
VIS,2010,Mestre-Sala e Porta-Bandeira,J2,10
VIS,2010,Mestre-Sala e Porta-Bandeira,J3,9.9
VIS,2010,Mestre-Sala e Porta-Bandeira,J4,9.8
VIS,2010,Mestre-Sala e Porta-Bandeira,J5,10
VIS,2010,Fantasias,J1,10
VIS,2010,Fantasias,J2,9.7
VIS,2010,Fantasias,J3,10
VIS,2010,Fantasias,J4,9.9
VIS,2010,Fantasias,J5,10
VIS,2010,Evolução,J1,9.8
VIS,2010,Evolução,J2,9.9
VIS,2010,Evolução,J3,10
VIS,2010,Evolução,J4,10
VIS,2010,Evolução,J5,10
VIS,2010,Alegorias e Adereços,J1,9.9
VIS,2010,Alegorias e Adereços,J2,9.5
VIS,2010,Alegorias e Adereços,J3,9.9
VIS,2010,Alegorias e Adereços,J4,9.6
VIS,2010,Alegorias e Adereços,J5,9.9
VIS,2010,Comissão de Frente,J1,9.8
VIS,2010,Comissão de Frente,J2,10
VIS,2010,Comissão de Frente,J3,9.9
VIS,2010,Comissão de Frente,J4,10
VIS,2010,Comissão de Frente,J5,9.8
VIS,2010,Enredo,J1,10
VIS,2010,Enredo,J2,10
VIS,2010,Enredo,J3,9.9
VIS,2010,Enredo,J4,9.8
VIS,2010,Enredo,J5,9.8
BJF,2011,Pen.,Pen.,0
BJF,2011,Samba-Enredo,J5,10
BJF,2011,Samba-Enredo,J4,9.8
BJF,2011,Bateria,J2,10
BJF,2011,Bateria,J3,10
BJF,2011,Samba-Enredo,J3,9.9
BJF,2011,Samba-Enredo,J2,10
BJF,2011,Samba-Enredo,J1,10
BJF,2011,Harmonia,J1,10
BJF,2011,Mestre-Sala e Porta-Bandeira,J2,10
BJF,2011,Mestre-Sala e Porta-Bandeira,J1,9.9
BJF,2011,Harmonia,J5,10
BJF,2011,Harmonia,J4,10
BJF,2011,Harmonia,J3,10
BJF,2011,Harmonia,J2,10
BJF,2011,Comissão de Frente,J2,10
BJF,2011,Comissão de Frente,J3,10
BJF,2011,Comissão de Frente,J4,10
BJF,2011,Mestre-Sala e Porta-Bandeira,J3,9.9
BJF,2011,Mestre-Sala e Porta-Bandeira,J4,10
BJF,2011,Mestre-Sala e Porta-Bandeira,J5,10
BJF,2011,Conjunto,J1,10
BJF,2011,Conjunto,J2,10
BJF,2011,Conjunto,J3,10
BJF,2011,Conjunto,J4,10
BJF,2011,Conjunto,J5,10
BJF,2011,Evolução,J1,9.9
BJF,2011,Bateria,J4,10
BJF,2011,Evolução,J2,10
BJF,2011,Enredo,J4,10
BJF,2011,Enredo,J3,10
BJF,2011,Enredo,J2,10
BJF,2011,Enredo,J1,10
BJF,2011,Alegorias e Adereços,J5,10
BJF,2011,Alegorias e Adereços,J4,10
BJF,2011,Alegorias e Adereços,J3,10
BJF,2011,Alegorias e Adereços,J2,10
BJF,2011,Alegorias e Adereços,J1,10
BJF,2011,Fantasias,J5,10
BJF,2011,Fantasias,J4,10
BJF,2011,Fantasias,J3,10
BJF,2011,Fantasias,J2,10
BJF,2011,Evolução,J3,10
BJF,2011,Evolução,J4,10
BJF,2011,Bateria,J5,10
BJF,2011,Evolução,J5,10
BJF,2011,Comissão de Frente,J1,10
BJF,2011,Comissão de Frente,J5,9.8
BJF,2011,Fantasias,J1,10
BJF,2011,Enredo,J5,10
BJF,2011,Bateria,J1,9.9
IMP,2011,Enredo,J5,9.8
IMP,2011,Mestre-Sala e Porta-Bandeira,J4,9.8
IMP,2011,Mestre-Sala e Porta-Bandeira,J3,9.9
IMP,2011,Mestre-Sala e Porta-Bandeira,J2,9.9
IMP,2011,Mestre-Sala e Porta-Bandeira,J1,9.9
IMP,2011,Harmonia,J5,9.9
IMP,2011,Harmonia,J4,9.7
IMP,2011,Harmonia,J3,9.9
IMP,2011,Harmonia,J2,9.8
IMP,2011,Harmonia,J1,10
IMP,2011,Conjunto,J3,9.8
IMP,2011,Fantasias,J3,9.7
IMP,2011,Fantasias,J4,9.8
IMP,2011,Fantasias,J5,9.7
IMP,2011,Alegorias e Adereços,J1,9.6
IMP,2011,Fantasias,J2,9.8
IMP,2011,Fantasias,J1,9.8
IMP,2011,Comissão de Frente,J5,9.9
IMP,2011,Comissão de Frente,J4,10
IMP,2011,Comissão de Frente,J3,10
IMP,2011,Comissão de Frente,J2,9.9
IMP,2011,Comissão de Frente,J1,10
IMP,2011,Evolução,J5,10
IMP,2011,Evolução,J4,9.9
IMP,2011,Evolução,J3,9.9
IMP,2011,Evolução,J2,9.8
IMP,2011,Evolução,J1,9.9
IMP,2011,Conjunto,J5,9.8
IMP,2011,Conjunto,J4,9.7
IMP,2011,Mestre-Sala e Porta-Bandeira,J5,10
IMP,2011,Conjunto,J1,9.8
IMP,2011,Conjunto,J2,9.6
IMP,2011,Pen.,Pen.,0
IMP,2011,Samba-Enredo,J5,9.9
IMP,2011,Samba-Enredo,J4,9.8
IMP,2011,Samba-Enredo,J3,9.8
IMP,2011,Samba-Enredo,J2,9.8
IMP,2011,Samba-Enredo,J1,9.9
IMP,2011,Bateria,J5,9.6
IMP,2011,Bateria,J4,10
IMP,2011,Bateria,J3,9.9
IMP,2011,Bateria,J2,10
IMP,2011,Bateria,J1,10
IMP,2011,Enredo,J4,9.9
IMP,2011,Enredo,J3,9.9
IMP,2011,Enredo,J2,9.7
IMP,2011,Enredo,J1,9.9
IMP,2011,Alegorias e Adereços,J5,9.8
IMP,2011,Alegorias e Adereços,J4,9.9
IMP,2011,Alegorias e Adereços,J3,9.6
IMP,2011,Alegorias e Adereços,J2,9
MAN,2011,Evolução,J3,10
MAN,2011,Enredo,J5,10
MAN,2011,Enredo,J4,10
MAN,2011,Harmonia,J1,10
MAN,2011,Harmonia,J2,10
MAN,2011,Harmonia,J3,10
MAN,2011,Harmonia,J4,10
MAN,2011,Harmonia,J5,9.6
MAN,2011,Mestre-Sala e Porta-Bandeira,J1,10
MAN,2011,Mestre-Sala e Porta-Bandeira,J2,10
MAN,2011,Mestre-Sala e Porta-Bandeira,J3,10
MAN,2011,Mestre-Sala e Porta-Bandeira,J4,10
MAN,2011,Mestre-Sala e Porta-Bandeira,J5,9.8
MAN,2011,Conjunto,J1,9.8
MAN,2011,Conjunto,J2,10
MAN,2011,Pen.,Pen.,0
MAN,2011,Enredo,J3,10
MAN,2011,Enredo,J2,10
MAN,2011,Enredo,J1,10
MAN,2011,Alegorias e Adereços,J5,9.6
MAN,2011,Alegorias e Adereços,J4,9.8
MAN,2011,Alegorias e Adereços,J3,9.3
MAN,2011,Alegorias e Adereços,J2,9
MAN,2011,Alegorias e Adereços,J1,9.5
MAN,2011,Fantasias,J5,9.7
MAN,2011,Samba-Enredo,J5,10
MAN,2011,Samba-Enredo,J4,10
MAN,2011,Samba-Enredo,J3,10
MAN,2011,Samba-Enredo,J2,10
MAN,2011,Samba-Enredo,J1,10
MAN,2011,Bateria,J5,9
MAN,2011,Bateria,J4,10
MAN,2011,Bateria,J3,10
MAN,2011,Bateria,J2,9.9
MAN,2011,Bateria,J1,9.9
MAN,2011,Conjunto,J3,10
MAN,2011,Conjunto,J4,9.8
MAN,2011,Conjunto,J5,9.6
MAN,2011,Evolução,J1,9.9
MAN,2011,Evolução,J2,10
MAN,2011,Fantasias,J1,9.9
MAN,2011,Comissão de Frente,J5,9.8
MAN,2011,Comissão de Frente,J4,10
MAN,2011,Comissão de Frente,J3,9.9
MAN,2011,Comissão de Frente,J2,10
MAN,2011,Comissão de Frente,J1,10
MAN,2011,Evolução,J5,9.7
MAN,2011,Evolução,J4,10
MAN,2011,Fantasias,J4,10
MAN,2011,Fantasias,J3,9.5
MAN,2011,Fantasias,J2,10
MOC,2011,Alegorias e Adereços,J5,9.6
MOC,2011,Harmonia,J1,9.9
MOC,2011,Harmonia,J2,9.9
MOC,2011,Harmonia,J3,9.8
MOC,2011,Harmonia,J4,10
MOC,2011,Harmonia,J5,10
MOC,2011,Mestre-Sala e Porta-Bandeira,J1,9.8
MOC,2011,Mestre-Sala e Porta-Bandeira,J2,9.9
MOC,2011,Mestre-Sala e Porta-Bandeira,J3,9.8
MOC,2011,Mestre-Sala e Porta-Bandeira,J4,9.9
MOC,2011,Mestre-Sala e Porta-Bandeira,J5,9.8
MOC,2011,Conjunto,J1,10
MOC,2011,Conjunto,J2,9.8
MOC,2011,Conjunto,J3,10
MOC,2011,Conjunto,J4,9.8
MOC,2011,Conjunto,J5,10
MOC,2011,Evolução,J1,9.9
MOC,2011,Evolução,J2,9.9
MOC,2011,Evolução,J3,10
MOC,2011,Evolução,J4,10
MOC,2011,Evolução,J5,10
MOC,2011,Comissão de Frente,J1,9.8
MOC,2011,Comissão de Frente,J2,9.9
MOC,2011,Comissão de Frente,J3,9.9
MOC,2011,Comissão de Frente,J4,9.9
MOC,2011,Comissão de Frente,J5,9.7
MOC,2011,Fantasias,J1,9.9
MOC,2011,Fantasias,J2,9.8
MOC,2011,Fantasias,J3,10
MOC,2011,Fantasias,J4,10
MOC,2011,Fantasias,J5,10
MOC,2011,Alegorias e Adereços,J1,9.7
MOC,2011,Alegorias e Adereços,J2,8.9
MOC,2011,Alegorias e Adereços,J3,9.9
MOC,2011,Alegorias e Adereços,J4,9.8
MOC,2011,Enredo,J1,9.8
MOC,2011,Enredo,J2,9.7
MOC,2011,Enredo,J3,9.9
MOC,2011,Enredo,J4,9.8
MOC,2011,Enredo,J5,9.6
MOC,2011,Bateria,J1,10
MOC,2011,Bateria,J2,9.8
MOC,2011,Bateria,J3,9.7
MOC,2011,Bateria,J4,9.7
MOC,2011,Bateria,J5,9.2
MOC,2011,Samba-Enredo,J1,9.8
MOC,2011,Samba-Enredo,J2,9.9
MOC,2011,Samba-Enredo,J3,9.7
MOC,2011,Samba-Enredo,J4,9.7
MOC,2011,Samba-Enredo,J5,10
MOC,2011,Pen.,Pen.,0
PPE,2011,Fantasias,J2,9.9
PPE,2011,Samba-Enredo,J4,9.8
PPE,2011,Samba-Enredo,J5,9.8
PPE,2011,Pen.,Pen.,0
PPE,2011,Harmonia,J1,9.8
PPE,2011,Harmonia,J2,9.7
PPE,2011,Harmonia,J3,9.7
PPE,2011,Harmonia,J4,9.7
PPE,2011,Harmonia,J5,10
PPE,2011,Mestre-Sala e Porta-Bandeira,J1,9.9
PPE,2011,Mestre-Sala e Porta-Bandeira,J2,9.8
PPE,2011,Mestre-Sala e Porta-Bandeira,J3,9.8
PPE,2011,Mestre-Sala e Porta-Bandeira,J4,9.6
PPE,2011,Mestre-Sala e Porta-Bandeira,J5,9.9
PPE,2011,Conjunto,J1,9.9
PPE,2011,Conjunto,J2,9.6
PPE,2011,Conjunto,J3,9.8
PPE,2011,Conjunto,J4,9.7
PPE,2011,Conjunto,J5,9.7
PPE,2011,Evolução,J1,9.9
PPE,2011,Evolução,J2,9.7
PPE,2011,Evolução,J3,9.7
PPE,2011,Evolução,J4,9.7
PPE,2011,Evolução,J5,9.8
PPE,2011,Comissão de Frente,J1,9.7
PPE,2011,Comissão de Frente,J2,9.9
PPE,2011,Comissão de Frente,J3,10
PPE,2011,Comissão de Frente,J4,9.8
PPE,2011,Comissão de Frente,J5,9.8
PPE,2011,Fantasias,J1,9.8
PPE,2011,Samba-Enredo,J3,9.6
PPE,2011,Fantasias,J3,9.7
PPE,2011,Fantasias,J4,9.7
PPE,2011,Fantasias,J5,9.7
PPE,2011,Alegorias e Adereços,J1,9.7
PPE,2011,Alegorias e Adereços,J2,8.7
PPE,2011,Alegorias e Adereços,J3,9.5
PPE,2011,Alegorias e Adereços,J4,9.9
PPE,2011,Alegorias e Adereços,J5,9.7
PPE,2011,Enredo,J1,9.7
PPE,2011,Enredo,J2,10
PPE,2011,Enredo,J3,9.8
PPE,2011,Enredo,J4,9.7
PPE,2011,Enredo,J5,10
PPE,2011,Bateria,J1,10
PPE,2011,Bateria,J2,10
PPE,2011,Bateria,J3,9.8
PPE,2011,Bateria,J4,9.8
PPE,2011,Bateria,J5,9.8
PPE,2011,Samba-Enredo,J1,10
PPE,2011,Samba-Enredo,J2,10
SAL,2011,Samba-Enredo,J4,10
SAL,2011,Samba-Enredo,J5,10
SAL,2011,Pen.,Pen.,-1
SAL,2011,Bateria,J2,9.7
SAL,2011,Enredo,J4,9.9
SAL,2011,Bateria,J3,10
SAL,2011,Bateria,J4,9.8
SAL,2011,Bateria,J5,10
SAL,2011,Enredo,J3,9.8
SAL,2011,Enredo,J2,10
SAL,2011,Enredo,J1,9.8
SAL,2011,Alegorias e Adereços,J5,9.9
SAL,2011,Alegorias e Adereços,J4,9.9
SAL,2011,Alegorias e Adereços,J3,9.8
SAL,2011,Alegorias e Adereços,J2,9.8
SAL,2011,Alegorias e Adereços,J1,9.8
SAL,2011,Fantasias,J5,10
SAL,2011,Samba-Enredo,J1,9.9
SAL,2011,Samba-Enredo,J2,9.8
SAL,2011,Samba-Enredo,J3,10
SAL,2011,Fantasias,J4,10
SAL,2011,Fantasias,J3,10
SAL,2011,Fantasias,J2,10
SAL,2011,Fantasias,J1,10
SAL,2011,Comissão de Frente,J5,10
SAL,2011,Comissão de Frente,J4,10
SAL,2011,Comissão de Frente,J3,10
SAL,2011,Comissão de Frente,J2,10
SAL,2011,Comissão de Frente,J1,9.9
SAL,2011,Evolução,J5,9.6
SAL,2011,Evolução,J4,9.8
SAL,2011,Evolução,J3,9.5
SAL,2011,Evolução,J2,10
SAL,2011,Evolução,J1,9.8
SAL,2011,Conjunto,J5,9.8
SAL,2011,Conjunto,J4,9.9
SAL,2011,Conjunto,J3,9.8
SAL,2011,Conjunto,J2,10
SAL,2011,Conjunto,J1,9.8
SAL,2011,Mestre-Sala e Porta-Bandeira,J5,9.9
SAL,2011,Mestre-Sala e Porta-Bandeira,J4,9.9
SAL,2011,Mestre-Sala e Porta-Bandeira,J3,9.9
SAL,2011,Mestre-Sala e Porta-Bandeira,J2,10
SAL,2011,Mestre-Sala e Porta-Bandeira,J1,10
SAL,2011,Harmonia,J5,9.8
SAL,2011,Harmonia,J4,10
SAL,2011,Harmonia,J3,9.9
SAL,2011,Harmonia,J2,10
SAL,2011,Harmonia,J1,10
SAL,2011,Enredo,J5,10
SAL,2011,Bateria,J1,9.9
SCL,2011,Alegorias e Adereços,J2,9.2
SCL,2011,Pen.,Pen.,0
SCL,2011,Samba-Enredo,J5,9.9
SCL,2011,Samba-Enredo,J4,9.8
SCL,2011,Samba-Enredo,J3,9.6
SCL,2011,Samba-Enredo,J2,9.7
SCL,2011,Samba-Enredo,J1,9.8
SCL,2011,Bateria,J5,9.6
SCL,2011,Bateria,J4,9.9
SCL,2011,Bateria,J3,9.6
SCL,2011,Bateria,J2,9.4
SCL,2011,Bateria,J1,9.7
SCL,2011,Enredo,J5,9.7
SCL,2011,Enredo,J4,9.7
SCL,2011,Enredo,J3,9.9
SCL,2011,Enredo,J2,9.6
SCL,2011,Enredo,J1,9.9
SCL,2011,Alegorias e Adereços,J5,9.5
SCL,2011,Alegorias e Adereços,J4,9.6
SCL,2011,Alegorias e Adereços,J3,9.4
SCL,2011,Alegorias e Adereços,J1,9.6
SCL,2011,Fantasias,J5,9.8
SCL,2011,Fantasias,J4,9.7
SCL,2011,Fantasias,J3,9.4
SCL,2011,Fantasias,J2,9.9
SCL,2011,Fantasias,J1,9.6
SCL,2011,Comissão de Frente,J5,9.8
SCL,2011,Comissão de Frente,J4,9.6
SCL,2011,Comissão de Frente,J3,9.8
SCL,2011,Comissão de Frente,J2,9.8
SCL,2011,Comissão de Frente,J1,9.7
SCL,2011,Evolução,J5,9.8
SCL,2011,Evolução,J4,9.7
SCL,2011,Evolução,J3,9.7
SCL,2011,Evolução,J2,9.6
SCL,2011,Evolução,J1,9.7
SCL,2011,Conjunto,J5,9.5
SCL,2011,Conjunto,J4,9.7
SCL,2011,Conjunto,J3,9.7
SCL,2011,Conjunto,J2,9.7
SCL,2011,Conjunto,J1,9.7
SCL,2011,Mestre-Sala e Porta-Bandeira,J5,10
SCL,2011,Mestre-Sala e Porta-Bandeira,J4,9.8
SCL,2011,Mestre-Sala e Porta-Bandeira,J3,9.7
SCL,2011,Mestre-Sala e Porta-Bandeira,J2,9.7
SCL,2011,Mestre-Sala e Porta-Bandeira,J1,9.8
SCL,2011,Harmonia,J5,9.7
SCL,2011,Harmonia,J4,9.5
SCL,2011,Harmonia,J3,9.7
SCL,2011,Harmonia,J2,9.6
SCL,2011,Harmonia,J1,9.9
TIJ,2011,Bateria,J5,10
TIJ,2011,Bateria,J4,10
TIJ,2011,Bateria,J3,10
TIJ,2011,Bateria,J2,9.8
TIJ,2011,Bateria,J1,10
TIJ,2011,Enredo,J5,9.9
TIJ,2011,Enredo,J4,9.9
TIJ,2011,Enredo,J3,9.8
TIJ,2011,Enredo,J2,9.8
TIJ,2011,Enredo,J1,10
TIJ,2011,Alegorias e Adereços,J5,10
TIJ,2011,Alegorias e Adereços,J4,10
TIJ,2011,Alegorias e Adereços,J3,10
TIJ,2011,Alegorias e Adereços,J2,9.8
TIJ,2011,Alegorias e Adereços,J1,10
TIJ,2011,Pen.,Pen.,0
TIJ,2011,Samba-Enredo,J5,9.9
TIJ,2011,Harmonia,J4,9.9
TIJ,2011,Harmonia,J3,9.9
TIJ,2011,Fantasias,J2,10
TIJ,2011,Harmonia,J5,9.8
TIJ,2011,Mestre-Sala e Porta-Bandeira,J1,10
TIJ,2011,Mestre-Sala e Porta-Bandeira,J2,9.9
TIJ,2011,Mestre-Sala e Porta-Bandeira,J3,9.9
TIJ,2011,Mestre-Sala e Porta-Bandeira,J4,10
TIJ,2011,Mestre-Sala e Porta-Bandeira,J5,9.9
TIJ,2011,Conjunto,J1,9.8
TIJ,2011,Conjunto,J2,9.9
TIJ,2011,Conjunto,J3,10
TIJ,2011,Conjunto,J4,9.9
TIJ,2011,Conjunto,J5,9.9
TIJ,2011,Evolução,J1,9.9
TIJ,2011,Evolução,J2,9.9
TIJ,2011,Evolução,J3,9.8
TIJ,2011,Evolução,J4,10
TIJ,2011,Evolução,J5,9.9
TIJ,2011,Comissão de Frente,J1,10
TIJ,2011,Comissão de Frente,J2,10
TIJ,2011,Comissão de Frente,J3,10
TIJ,2011,Comissão de Frente,J4,10
TIJ,2011,Comissão de Frente,J5,10
TIJ,2011,Fantasias,J1,9.9
TIJ,2011,Harmonia,J2,10
TIJ,2011,Harmonia,J1,10
TIJ,2011,Fantasias,J5,10
TIJ,2011,Fantasias,J4,10
TIJ,2011,Fantasias,J3,10
TIJ,2011,Samba-Enredo,J4,9.9
TIJ,2011,Samba-Enredo,J3,9.8
TIJ,2011,Samba-Enredo,J2,10
TIJ,2011,Samba-Enredo,J1,10
VIS,2011,Bateria,J3,9.9
VIS,2011,Conjunto,J1,9.8
VIS,2011,Mestre-Sala e Porta-Bandeira,J5,9.9
VIS,2011,Conjunto,J2,10
VIS,2011,Enredo,J1,9.7
VIS,2011,Alegorias e Adereços,J5,9.9
VIS,2011,Alegorias e Adereços,J4,10
VIS,2011,Alegorias e Adereços,J3,9.7
VIS,2011,Alegorias e Adereços,J2,9.6
VIS,2011,Alegorias e Adereços,J1,9.9
VIS,2011,Fantasias,J5,9.9
VIS,2011,Fantasias,J4,10
VIS,2011,Fantasias,J3,9.7
VIS,2011,Fantasias,J2,10
VIS,2011,Fantasias,J1,10
VIS,2011,Comissão de Frente,J5,9.7
VIS,2011,Comissão de Frente,J4,9.8
VIS,2011,Comissão de Frente,J3,9.8
VIS,2011,Comissão de Frente,J2,9.9
VIS,2011,Comissão de Frente,J1,9.8
VIS,2011,Evolução,J5,9.8
VIS,2011,Pen.,Pen.,0
VIS,2011,Samba-Enredo,J5,10
VIS,2011,Samba-Enredo,J4,10
VIS,2011,Samba-Enredo,J3,10
VIS,2011,Samba-Enredo,J2,9.7
VIS,2011,Samba-Enredo,J1,9.8
VIS,2011,Bateria,J5,10
VIS,2011,Bateria,J4,9.7
VIS,2011,Evolução,J4,10
VIS,2011,Evolução,J3,9.9
VIS,2011,Evolução,J2,10
VIS,2011,Bateria,J2,9.8
VIS,2011,Bateria,J1,9.9
VIS,2011,Enredo,J5,9.8
VIS,2011,Enredo,J4,10
VIS,2011,Enredo,J3,9.8
VIS,2011,Enredo,J2,9.9
VIS,2011,Evolução,J1,10
VIS,2011,Conjunto,J5,9.7
VIS,2011,Conjunto,J4,10
VIS,2011,Conjunto,J3,9.9
VIS,2011,Harmonia,J1,10
VIS,2011,Harmonia,J2,10
VIS,2011,Harmonia,J3,9.9
VIS,2011,Harmonia,J4,10
VIS,2011,Harmonia,J5,9.8
VIS,2011,Mestre-Sala e Porta-Bandeira,J1,10
VIS,2011,Mestre-Sala e Porta-Bandeira,J2,9.9
VIS,2011,Mestre-Sala e Porta-Bandeira,J3,9.8
VIS,2011,Mestre-Sala e Porta-Bandeira,J4,10
BJF,2012,Harmonia,J2,10
BJF,2012,Harmonia,J1,10
BJF,2012,Mestre-Sala e Porta-Bandeira,J1,10
BJF,2012,Samba-Enredo,J3,10
BJF,2012,Samba-Enredo,J2,9.9
BJF,2012,Samba-Enredo,J1,10
BJF,2012,Enredo,J4,9.8
BJF,2012,Enredo,J3,9.8
BJF,2012,Enredo,J2,9.8
BJF,2012,Enredo,J1,9.8
BJF,2012,Bateria,J4,9.8
BJF,2012,Bateria,J3,10
BJF,2012,Bateria,J2,10
BJF,2012,Bateria,J1,10
BJF,2012,Harmonia,J4,10
BJF,2012,Evolução,J2,10
BJF,2012,Evolução,J3,10
BJF,2012,Evolução,J4,10
BJF,2012,Alegorias e Adereços,J1,9.9
BJF,2012,Alegorias e Adereços,J2,10
BJF,2012,Alegorias e Adereços,J3,9.9
BJF,2012,Alegorias e Adereços,J4,10
BJF,2012,Mestre-Sala e Porta-Bandeira,J2,10
BJF,2012,Mestre-Sala e Porta-Bandeira,J3,10
BJF,2012,Comissão de Frente,J4,10
BJF,2012,Comissão de Frente,J3,9.8
BJF,2012,Comissão de Frente,J2,9.9
BJF,2012,Fantasias,J4,10
BJF,2012,Fantasias,J3,10
BJF,2012,Fantasias,J2,9.9
BJF,2012,Fantasias,J1,10
BJF,2012,Mestre-Sala e Porta-Bandeira,J4,10
BJF,2012,Conjunto,J4,10
BJF,2012,Conjunto,J3,10
BJF,2012,Evolução,J1,10
BJF,2012,Pen.,Pen.,-0.1
BJF,2012,Samba-Enredo,J4,10
BJF,2012,Conjunto,J2,10
BJF,2012,Conjunto,J1,10
BJF,2012,Comissão de Frente,J1,9.7
BJF,2012,Harmonia,J3,10
GRA,2012,Conjunto,J2,10
GRA,2012,Pen.,Pen.,0
GRA,2012,Samba-Enredo,J4,9.7
GRA,2012,Samba-Enredo,J3,9.9
GRA,2012,Samba-Enredo,J2,9.7
GRA,2012,Samba-Enredo,J1,9.8
GRA,2012,Enredo,J4,10
GRA,2012,Enredo,J3,10
GRA,2012,Enredo,J2,9.8
GRA,2012,Enredo,J1,10
GRA,2012,Bateria,J4,10
GRA,2012,Bateria,J3,9.8
GRA,2012,Bateria,J2,9.9
GRA,2012,Bateria,J1,10
GRA,2012,Harmonia,J4,10
GRA,2012,Harmonia,J3,9.6
GRA,2012,Harmonia,J2,9.9
GRA,2012,Harmonia,J1,10
GRA,2012,Comissão de Frente,J4,9.9
GRA,2012,Comissão de Frente,J3,10
GRA,2012,Comissão de Frente,J2,10
GRA,2012,Comissão de Frente,J1,10
GRA,2012,Alegorias e Adereços,J4,10
GRA,2012,Alegorias e Adereços,J3,9.9
GRA,2012,Alegorias e Adereços,J2,10
GRA,2012,Alegorias e Adereços,J1,10
GRA,2012,Evolução,J4,9.9
GRA,2012,Evolução,J3,9.8
GRA,2012,Evolução,J2,10
GRA,2012,Evolução,J1,10
GRA,2012,Conjunto,J4,9.9
GRA,2012,Conjunto,J3,10
GRA,2012,Conjunto,J1,10
GRA,2012,Fantasias,J4,10
GRA,2012,Fantasias,J3,9.6
GRA,2012,Fantasias,J2,9.4
GRA,2012,Fantasias,J1,9.8
GRA,2012,Mestre-Sala e Porta-Bandeira,J4,10
GRA,2012,Mestre-Sala e Porta-Bandeira,J3,9.9
GRA,2012,Mestre-Sala e Porta-Bandeira,J2,9.9
GRA,2012,Mestre-Sala e Porta-Bandeira,J1,9.8
IMP,2012,Fantasias,J3,9.9
IMP,2012,Fantasias,J4,9.8
IMP,2012,Conjunto,J1,9.7
IMP,2012,Harmonia,J1,9.8
IMP,2012,Conjunto,J2,9.8
IMP,2012,Conjunto,J3,9.8
IMP,2012,Conjunto,J4,9.7
IMP,2012,Evolução,J1,9.9
IMP,2012,Mestre-Sala e Porta-Bandeira,J1,9.9
IMP,2012,Enredo,J3,9.8
IMP,2012,Enredo,J2,9.8
IMP,2012,Bateria,J1,9.8
IMP,2012,Bateria,J2,9.7
IMP,2012,Bateria,J3,9.9
IMP,2012,Bateria,J4,10
IMP,2012,Enredo,J1,10
IMP,2012,Comissão de Frente,J4,9.8
IMP,2012,Comissão de Frente,J3,9.9
IMP,2012,Comissão de Frente,J2,9.8
IMP,2012,Comissão de Frente,J1,9.8
IMP,2012,Alegorias e Adereços,J4,9.6
IMP,2012,Alegorias e Adereços,J3,9.8
IMP,2012,Alegorias e Adereços,J2,9.7
IMP,2012,Alegorias e Adereços,J1,9.8
IMP,2012,Evolução,J4,9.7
IMP,2012,Pen.,Pen.,0
IMP,2012,Harmonia,J2,9.9
IMP,2012,Harmonia,J3,9.7
IMP,2012,Harmonia,J4,9.8
IMP,2012,Samba-Enredo,J4,9.8
IMP,2012,Samba-Enredo,J3,9.9
IMP,2012,Samba-Enredo,J2,9.8
IMP,2012,Samba-Enredo,J1,9.8
IMP,2012,Enredo,J4,9.7
IMP,2012,Evolução,J3,9.7
IMP,2012,Evolução,J2,9.9
IMP,2012,Mestre-Sala e Porta-Bandeira,J2,9.9
IMP,2012,Mestre-Sala e Porta-Bandeira,J3,9.9
IMP,2012,Mestre-Sala e Porta-Bandeira,J4,9.8
IMP,2012,Fantasias,J1,9.7
IMP,2012,Fantasias,J2,9.7
MAN,2012,Samba-Enredo,J4,9.8
MAN,2012,Mestre-Sala e Porta-Bandeira,J2,9.6
MAN,2012,Mestre-Sala e Porta-Bandeira,J3,9.9
MAN,2012,Mestre-Sala e Porta-Bandeira,J4,10
MAN,2012,Fantasias,J1,10
MAN,2012,Fantasias,J2,9.8
MAN,2012,Fantasias,J3,9.8
MAN,2012,Fantasias,J4,9.7
MAN,2012,Conjunto,J1,10
MAN,2012,Conjunto,J2,9.8
MAN,2012,Conjunto,J3,9.8
MAN,2012,Conjunto,J4,9.9
MAN,2012,Evolução,J1,10
MAN,2012,Evolução,J2,9.7
MAN,2012,Evolução,J3,9.9
MAN,2012,Evolução,J4,9.9
MAN,2012,Alegorias e Adereços,J1,9.7
MAN,2012,Alegorias e Adereços,J2,9.8
MAN,2012,Alegorias e Adereços,J3,9.7
MAN,2012,Alegorias e Adereços,J4,9.7
MAN,2012,Comissão de Frente,J1,9.7
MAN,2012,Comissão de Frente,J2,9.8
MAN,2012,Comissão de Frente,J3,9.7
MAN,2012,Comissão de Frente,J4,10
MAN,2012,Bateria,J1,10
MAN,2012,Harmonia,J4,10
MAN,2012,Bateria,J2,10
MAN,2012,Harmonia,J3,10
MAN,2012,Harmonia,J2,9.7
MAN,2012,Harmonia,J1,10
MAN,2012,Mestre-Sala e Porta-Bandeira,J1,9.7
MAN,2012,Bateria,J3,10
MAN,2012,Bateria,J4,9.9
MAN,2012,Enredo,J1,9.9
MAN,2012,Enredo,J2,9.9
MAN,2012,Enredo,J3,10
MAN,2012,Enredo,J4,9.9
MAN,2012,Samba-Enredo,J1,10
MAN,2012,Samba-Enredo,J2,10
MAN,2012,Samba-Enredo,J3,9.8
MAN,2012,Pen.,Pen.,0
MOC,2012,Harmonia,J1,9.7
MOC,2012,Harmonia,J2,9.8
MOC,2012,Harmonia,J3,9.7
MOC,2012,Harmonia,J4,9.8
MOC,2012,Bateria,J1,9.9
MOC,2012,Alegorias e Adereços,J1,9.8
MOC,2012,Bateria,J2,9.8
MOC,2012,Samba-Enredo,J2,9.8
MOC,2012,Samba-Enredo,J1,9.8
MOC,2012,Pen.,Pen.,0
MOC,2012,Alegorias e Adereços,J2,9.8
MOC,2012,Samba-Enredo,J4,10
MOC,2012,Enredo,J4,9.9
MOC,2012,Enredo,J3,9.9
MOC,2012,Enredo,J2,10
MOC,2012,Mestre-Sala e Porta-Bandeira,J1,9.7
MOC,2012,Mestre-Sala e Porta-Bandeira,J2,9.8
MOC,2012,Mestre-Sala e Porta-Bandeira,J3,9.8
MOC,2012,Mestre-Sala e Porta-Bandeira,J4,9.8
MOC,2012,Fantasias,J1,9.9
MOC,2012,Fantasias,J2,9.9
MOC,2012,Enredo,J1,9.9
MOC,2012,Comissão de Frente,J2,9.7
MOC,2012,Comissão de Frente,J1,9.6
MOC,2012,Fantasias,J3,9.9
MOC,2012,Fantasias,J4,10
MOC,2012,Conjunto,J1,9.9
MOC,2012,Conjunto,J2,10
MOC,2012,Conjunto,J3,9.8
MOC,2012,Conjunto,J4,9.8
MOC,2012,Evolução,J1,9.9
MOC,2012,Alegorias e Adereços,J4,9.9
MOC,2012,Alegorias e Adereços,J3,9.8
MOC,2012,Evolução,J2,9.9
MOC,2012,Evolução,J3,9.6
MOC,2012,Comissão de Frente,J3,9.9
MOC,2012,Samba-Enredo,J3,9.9
MOC,2012,Evolução,J4,9.8
MOC,2012,Bateria,J3,9.8
MOC,2012,Bateria,J4,9.8
MOC,2012,Comissão de Frente,J4,9.9
POR,2012,Enredo,J3,9.8
POR,2012,Fantasias,J3,9.9
POR,2012,Comissão de Frente,J2,9.8
POR,2012,Fantasias,J4,9.9
POR,2012,Conjunto,J1,9.8
POR,2012,Pen.,Pen.,0
POR,2012,Samba-Enredo,J4,10
POR,2012,Samba-Enredo,J3,10
POR,2012,Samba-Enredo,J2,10
POR,2012,Samba-Enredo,J1,10
POR,2012,Enredo,J4,10
POR,2012,Enredo,J2,9.9
POR,2012,Enredo,J1,9.9
POR,2012,Bateria,J4,9.7
POR,2012,Bateria,J3,10
POR,2012,Bateria,J2,9.7
POR,2012,Bateria,J1,9.9
POR,2012,Harmonia,J4,9.9
POR,2012,Harmonia,J3,9.8
POR,2012,Harmonia,J2,9.9
POR,2012,Harmonia,J1,9.9
POR,2012,Conjunto,J2,10
POR,2012,Conjunto,J3,9.9
POR,2012,Conjunto,J4,9.9
POR,2012,Evolução,J1,10
POR,2012,Evolução,J2,10
POR,2012,Evolução,J3,9.9
POR,2012,Evolução,J4,9.8
POR,2012,Alegorias e Adereços,J1,9.7
POR,2012,Alegorias e Adereços,J2,9.7
POR,2012,Alegorias e Adereços,J3,9.7
POR,2012,Alegorias e Adereços,J4,9.6
POR,2012,Comissão de Frente,J1,9.8
POR,2012,Comissão de Frente,J4,10
POR,2012,Comissão de Frente,J3,9.8
POR,2012,Mestre-Sala e Porta-Bandeira,J2,10
POR,2012,Mestre-Sala e Porta-Bandeira,J3,10
POR,2012,Mestre-Sala e Porta-Bandeira,J4,10
POR,2012,Fantasias,J1,9.9
POR,2012,Fantasias,J2,9.6
POR,2012,Mestre-Sala e Porta-Bandeira,J1,10
PPE,2012,Evolução,J1,9.5
PPE,2012,Enredo,J2,9.6
PPE,2012,Enredo,J1,9.5
PPE,2012,Bateria,J4,9.9
PPE,2012,Bateria,J3,10
PPE,2012,Bateria,J2,10
PPE,2012,Fantasias,J4,9.5
PPE,2012,Fantasias,J3,9.6
PPE,2012,Conjunto,J2,9.7
PPE,2012,Mestre-Sala e Porta-Bandeira,J4,9.9
PPE,2012,Conjunto,J4,9.6
PPE,2012,Bateria,J1,10
PPE,2012,Harmonia,J4,9.6
PPE,2012,Harmonia,J3,9.7
PPE,2012,Harmonia,J2,9.8
PPE,2012,Harmonia,J1,9.5
PPE,2012,Comissão de Frente,J4,9.8
PPE,2012,Comissão de Frente,J3,9.9
PPE,2012,Comissão de Frente,J2,9.7
PPE,2012,Conjunto,J3,9.9
PPE,2012,Comissão de Frente,J1,9.5
PPE,2012,Alegorias e Adereços,J4,9.2
PPE,2012,Alegorias e Adereços,J3,9.5
PPE,2012,Alegorias e Adereços,J2,9.5
PPE,2012,Alegorias e Adereços,J1,9.6
PPE,2012,Evolução,J4,9.7
PPE,2012,Conjunto,J1,9.6
PPE,2012,Mestre-Sala e Porta-Bandeira,J1,10
PPE,2012,Mestre-Sala e Porta-Bandeira,J2,9.8
PPE,2012,Mestre-Sala e Porta-Bandeira,J3,9.9
PPE,2012,Fantasias,J1,9.6
PPE,2012,Fantasias,J2,9.6
PPE,2012,Evolução,J3,9.6
PPE,2012,Evolução,J2,9.9
PPE,2012,Enredo,J3,9.5
PPE,2012,Enredo,J4,9.4
PPE,2012,Samba-Enredo,J1,9.6
PPE,2012,Samba-Enredo,J2,9.7
PPE,2012,Samba-Enredo,J3,9.7
PPE,2012,Samba-Enredo,J4,9.6
PPE,2012,Pen.,Pen.,0
REN,2012,Alegorias e Adereços,J4,9.6
REN,2012,Pen.,Pen.,0
REN,2012,Samba-Enredo,J4,9.6
REN,2012,Samba-Enredo,J3,9.6
REN,2012,Samba-Enredo,J2,9.7
REN,2012,Samba-Enredo,J1,9.6
REN,2012,Enredo,J4,9.5
REN,2012,Enredo,J3,9.7
REN,2012,Enredo,J2,9.7
REN,2012,Enredo,J1,9.6
REN,2012,Bateria,J4,9.5
REN,2012,Bateria,J3,9.7
REN,2012,Bateria,J2,9.4
REN,2012,Bateria,J1,9.8
REN,2012,Harmonia,J4,9.6
REN,2012,Harmonia,J3,9.4
REN,2012,Harmonia,J2,9.7
REN,2012,Harmonia,J1,9.6
REN,2012,Comissão de Frente,J4,9.6
REN,2012,Comissão de Frente,J3,9.8
REN,2012,Comissão de Frente,J2,9.5
REN,2012,Comissão de Frente,J1,9.7
REN,2012,Alegorias e Adereços,J3,9.6
REN,2012,Alegorias e Adereços,J2,9.6
REN,2012,Alegorias e Adereços,J1,9.7
REN,2012,Evolução,J4,9.7
REN,2012,Evolução,J3,9.5
REN,2012,Evolução,J2,9.8
REN,2012,Evolução,J1,9.6
REN,2012,Conjunto,J4,9.7
REN,2012,Conjunto,J3,9.6
REN,2012,Conjunto,J2,9.7
REN,2012,Conjunto,J1,9.5
REN,2012,Fantasias,J4,9.6
REN,2012,Fantasias,J3,9.6
REN,2012,Fantasias,J2,9.5
REN,2012,Fantasias,J1,9.8
REN,2012,Mestre-Sala e Porta-Bandeira,J4,9.7
REN,2012,Mestre-Sala e Porta-Bandeira,J3,9.8
REN,2012,Mestre-Sala e Porta-Bandeira,J2,9.7
REN,2012,Mestre-Sala e Porta-Bandeira,J1,9.8
SAL,2012,Samba-Enredo,J4,10
SAL,2012,Fantasias,J3,10
SAL,2012,Evolução,J4,9.9
SAL,2012,Evolução,J3,10
SAL,2012,Evolução,J2,9.9
SAL,2012,Evolução,J1,10
SAL,2012,Conjunto,J4,10
SAL,2012,Conjunto,J3,10
SAL,2012,Conjunto,J2,9.8
SAL,2012,Conjunto,J1,10
SAL,2012,Fantasias,J4,9.9
SAL,2012,Comissão de Frente,J2,10
SAL,2012,Comissão de Frente,J3,9.9
SAL,2012,Comissão de Frente,J4,9.9
SAL,2012,Harmonia,J1,10
SAL,2012,Harmonia,J2,10
SAL,2012,Alegorias e Adereços,J1,10
SAL,2012,Alegorias e Adereços,J2,10
SAL,2012,Alegorias e Adereços,J3,10
SAL,2012,Alegorias e Adereços,J4,9.8
SAL,2012,Comissão de Frente,J1,10
SAL,2012,Fantasias,J2,10
SAL,2012,Fantasias,J1,10
SAL,2012,Mestre-Sala e Porta-Bandeira,J4,10
SAL,2012,Mestre-Sala e Porta-Bandeira,J3,10
SAL,2012,Mestre-Sala e Porta-Bandeira,J2,9.9
SAL,2012,Mestre-Sala e Porta-Bandeira,J1,9.8
SAL,2012,Harmonia,J3,10
SAL,2012,Harmonia,J4,10
SAL,2012,Bateria,J1,10
SAL,2012,Bateria,J2,9.8
SAL,2012,Bateria,J3,10
SAL,2012,Bateria,J4,10
SAL,2012,Enredo,J1,10
SAL,2012,Enredo,J2,10
SAL,2012,Enredo,J3,10
SAL,2012,Enredo,J4,10
SAL,2012,Samba-Enredo,J1,10
SAL,2012,Samba-Enredo,J2,9.8
SAL,2012,Samba-Enredo,J3,10
SAL,2012,Pen.,Pen.,0
SCL,2012,Samba-Enredo,J2,10
SCL,2012,Conjunto,J1,9.8
SCL,2012,Fantasias,J4,9.7
SCL,2012,Fantasias,J3,9.5
SCL,2012,Fantasias,J2,9.6
SCL,2012,Fantasias,J1,9.7
SCL,2012,Mestre-Sala e Porta-Bandeira,J4,10
SCL,2012,Mestre-Sala e Porta-Bandeira,J3,9.9
SCL,2012,Mestre-Sala e Porta-Bandeira,J2,9.8
SCL,2012,Samba-Enredo,J3,9.8
SCL,2012,Mestre-Sala e Porta-Bandeira,J1,9.7
SCL,2012,Evolução,J2,9.9
SCL,2012,Evolução,J1,9.8
SCL,2012,Harmonia,J2,9.7
SCL,2012,Harmonia,J3,9.8
SCL,2012,Harmonia,J4,9.9
SCL,2012,Samba-Enredo,J4,9.7
SCL,2012,Pen.,Pen.,0
SCL,2012,Conjunto,J4,9.9
SCL,2012,Conjunto,J3,9.9
SCL,2012,Conjunto,J2,9.7
SCL,2012,Evolução,J3,9.8
SCL,2012,Alegorias e Adereços,J2,9.6
SCL,2012,Alegorias e Adereços,J1,9.7
SCL,2012,Comissão de Frente,J4,9.7
SCL,2012,Harmonia,J1,9.8
SCL,2012,Comissão de Frente,J3,9.7
SCL,2012,Comissão de Frente,J2,9.6
SCL,2012,Comissão de Frente,J1,9.6
SCL,2012,Alegorias e Adereços,J4,9.8
SCL,2012,Alegorias e Adereços,J3,9.9
SCL,2012,Evolução,J4,9.9
SCL,2012,Bateria,J1,9.8
SCL,2012,Bateria,J2,10
SCL,2012,Bateria,J3,9.8
SCL,2012,Bateria,J4,9.7
SCL,2012,Enredo,J1,10
SCL,2012,Enredo,J2,9.8
SCL,2012,Enredo,J3,9.9
SCL,2012,Enredo,J4,9.7
SCL,2012,Samba-Enredo,J1,9.8
TIJ,2012,Fantasias,J2,9.7
TIJ,2012,Fantasias,J3,10
TIJ,2012,Fantasias,J1,10
TIJ,2012,Mestre-Sala e Porta-Bandeira,J4,10
TIJ,2012,Mestre-Sala e Porta-Bandeira,J3,10
TIJ,2012,Mestre-Sala e Porta-Bandeira,J2,10
TIJ,2012,Mestre-Sala e Porta-Bandeira,J1,10
TIJ,2012,Pen.,Pen.,0
TIJ,2012,Samba-Enredo,J4,10
TIJ,2012,Samba-Enredo,J3,10
TIJ,2012,Samba-Enredo,J2,9.9
TIJ,2012,Samba-Enredo,J1,10
TIJ,2012,Enredo,J4,10
TIJ,2012,Enredo,J3,10
TIJ,2012,Enredo,J2,10
TIJ,2012,Enredo,J1,9.9
TIJ,2012,Bateria,J4,9.9
TIJ,2012,Bateria,J3,10
TIJ,2012,Bateria,J2,10
TIJ,2012,Bateria,J1,10
TIJ,2012,Harmonia,J4,10
TIJ,2012,Harmonia,J3,10
TIJ,2012,Harmonia,J2,10
TIJ,2012,Harmonia,J1,10
TIJ,2012,Comissão de Frente,J4,10
TIJ,2012,Comissão de Frente,J3,10
TIJ,2012,Comissão de Frente,J2,10
TIJ,2012,Comissão de Frente,J1,10
TIJ,2012,Alegorias e Adereços,J4,10
TIJ,2012,Alegorias e Adereços,J3,9.9
TIJ,2012,Alegorias e Adereços,J2,9.9
TIJ,2012,Alegorias e Adereços,J1,10
TIJ,2012,Evolução,J4,10
TIJ,2012,Evolução,J3,9.9
TIJ,2012,Evolução,J2,10
TIJ,2012,Evolução,J1,10
TIJ,2012,Conjunto,J4,10
TIJ,2012,Conjunto,J3,9.9
TIJ,2012,Conjunto,J2,10
TIJ,2012,Conjunto,J1,10
TIJ,2012,Fantasias,J4,10
UNI,2012,Comissão de Frente,J3,10
UNI,2012,Comissão de Frente,J2,9.8
UNI,2012,Comissão de Frente,J1,10
UNI,2012,Alegorias e Adereços,J4,9.8
UNI,2012,Alegorias e Adereços,J3,9.8
UNI,2012,Mestre-Sala e Porta-Bandeira,J2,9.8
UNI,2012,Mestre-Sala e Porta-Bandeira,J1,9.9
UNI,2012,Evolução,J4,9.9
UNI,2012,Evolução,J3,9.8
UNI,2012,Alegorias e Adereços,J2,9.8
UNI,2012,Alegorias e Adereços,J1,9.8
UNI,2012,Pen.,Pen.,0
UNI,2012,Samba-Enredo,J4,9.7
UNI,2012,Samba-Enredo,J3,9.9
UNI,2012,Samba-Enredo,J2,9.9
UNI,2012,Evolução,J2,9.9
UNI,2012,Evolução,J1,9.7
UNI,2012,Conjunto,J4,9.6
UNI,2012,Conjunto,J3,9.8
UNI,2012,Conjunto,J2,9.9
UNI,2012,Conjunto,J1,9.7
UNI,2012,Fantasias,J4,10
UNI,2012,Fantasias,J3,9.9
UNI,2012,Samba-Enredo,J1,9.6
UNI,2012,Enredo,J4,9.9
UNI,2012,Enredo,J3,9.9
UNI,2012,Enredo,J2,9.9
UNI,2012,Enredo,J1,9.8
UNI,2012,Fantasias,J2,10
UNI,2012,Fantasias,J1,10
UNI,2012,Mestre-Sala e Porta-Bandeira,J4,9.8
UNI,2012,Bateria,J4,9.7
UNI,2012,Mestre-Sala e Porta-Bandeira,J3,9.8
UNI,2012,Bateria,J3,9.9
UNI,2012,Bateria,J2,9.8
UNI,2012,Bateria,J1,9.9
UNI,2012,Harmonia,J4,9.9
UNI,2012,Harmonia,J3,9.9
UNI,2012,Harmonia,J2,9.9
UNI,2012,Harmonia,J1,9.7
UNI,2012,Comissão de Frente,J4,9.7
VIS,2012,Samba-Enredo,J2,10
VIS,2012,Samba-Enredo,J4,10
VIS,2012,Pen.,Pen.,0
VIS,2012,Fantasias,J1,10
VIS,2012,Alegorias e Adereços,J2,9.9
VIS,2012,Fantasias,J2,9.9
VIS,2012,Fantasias,J3,10
VIS,2012,Fantasias,J4,10
VIS,2012,Conjunto,J1,10
VIS,2012,Conjunto,J2,10
VIS,2012,Conjunto,J3,10
VIS,2012,Conjunto,J4,10
VIS,2012,Alegorias e Adereços,J1,9.9
VIS,2012,Evolução,J4,10
VIS,2012,Evolução,J1,10
VIS,2012,Evolução,J2,10
VIS,2012,Evolução,J3,10
VIS,2012,Mestre-Sala e Porta-Bandeira,J1,10
VIS,2012,Mestre-Sala e Porta-Bandeira,J2,10
VIS,2012,Mestre-Sala e Porta-Bandeira,J3,10
VIS,2012,Mestre-Sala e Porta-Bandeira,J4,10
VIS,2012,Alegorias e Adereços,J3,9.9
VIS,2012,Alegorias e Adereços,J4,9.7
VIS,2012,Comissão de Frente,J1,9.9
VIS,2012,Comissão de Frente,J2,10
VIS,2012,Comissão de Frente,J3,10
VIS,2012,Comissão de Frente,J4,10
VIS,2012,Harmonia,J1,10
VIS,2012,Harmonia,J2,10
VIS,2012,Harmonia,J3,10
VIS,2012,Harmonia,J4,10
VIS,2012,Bateria,J1,10
VIS,2012,Bateria,J2,9.9
VIS,2012,Bateria,J3,9.8
VIS,2012,Bateria,J4,9.9
VIS,2012,Enredo,J1,10
VIS,2012,Enredo,J2,10
VIS,2012,Enredo,J3,10
VIS,2012,Enredo,J4,10
VIS,2012,Samba-Enredo,J1,10
VIS,2012,Samba-Enredo,J3,10
BJF,2013,Comissão de Frente,J4,9.7
BJF,2013,Harmonia,J1,9.9
BJF,2013,Harmonia,J2,10
BJF,2013,Harmonia,J3,10
BJF,2013,Harmonia,J4,10
BJF,2013,Conjunto,J1,9.9
BJF,2013,Conjunto,J2,10
BJF,2013,Conjunto,J3,9.9
BJF,2013,Conjunto,J4,10
BJF,2013,Mestre-Sala e Porta-Bandeira,J1,10
BJF,2013,Mestre-Sala e Porta-Bandeira,J2,10
BJF,2013,Mestre-Sala e Porta-Bandeira,J3,10
BJF,2013,Mestre-Sala e Porta-Bandeira,J4,10
BJF,2013,Enredo,J1,9.9
BJF,2013,Enredo,J2,10
BJF,2013,Enredo,J3,10
BJF,2013,Enredo,J4,9.9
BJF,2013,Comissão de Frente,J1,9.9
BJF,2013,Comissão de Frente,J2,10
BJF,2013,Comissão de Frente,J3,10
BJF,2013,Alegorias e Adereços,J1,9.9
BJF,2013,Alegorias e Adereços,J2,9.9
BJF,2013,Alegorias e Adereços,J3,9.9
BJF,2013,Alegorias e Adereços,J4,9.9
BJF,2013,Bateria,J1,10
BJF,2013,Bateria,J2,9.9
BJF,2013,Bateria,J3,10
BJF,2013,Bateria,J4,10
BJF,2013,Samba-Enredo,J1,10
BJF,2013,Samba-Enredo,J2,10
BJF,2013,Samba-Enredo,J3,10
BJF,2013,Samba-Enredo,J4,9.9
BJF,2013,Fantasias,J1,10
BJF,2013,Fantasias,J2,10
BJF,2013,Fantasias,J3,9.9
BJF,2013,Fantasias,J4,10
BJF,2013,Evolução,J1,9.9
BJF,2013,Evolução,J2,10
BJF,2013,Evolução,J3,10
BJF,2013,Evolução,J4,10
BJF,2013,Pen.,Pen.,0
GRA,2013,Conjunto,J3,9.8
GRA,2013,Conjunto,J4,9.9
GRA,2013,Harmonia,J4,9.9
GRA,2013,Mestre-Sala e Porta-Bandeira,J1,9.7
GRA,2013,Comissão de Frente,J2,10
GRA,2013,Evolução,J1,10
GRA,2013,Evolução,J2,9.8
GRA,2013,Evolução,J3,10
GRA,2013,Evolução,J4,9.9
GRA,2013,Pen.,Pen.,0
GRA,2013,Harmonia,J3,9.8
GRA,2013,Harmonia,J2,9.6
GRA,2013,Harmonia,J1,10
GRA,2013,Comissão de Frente,J4,10
GRA,2013,Alegorias e Adereços,J1,9.8
GRA,2013,Comissão de Frente,J3,9.9
GRA,2013,Mestre-Sala e Porta-Bandeira,J2,9.8
GRA,2013,Mestre-Sala e Porta-Bandeira,J3,10
GRA,2013,Mestre-Sala e Porta-Bandeira,J4,10
GRA,2013,Enredo,J2,10
GRA,2013,Samba-Enredo,J1,9.8
GRA,2013,Enredo,J3,9.9
GRA,2013,Enredo,J4,10
GRA,2013,Comissão de Frente,J1,9.7
GRA,2013,Enredo,J1,9.6
GRA,2013,Alegorias e Adereços,J2,9.9
GRA,2013,Alegorias e Adereços,J3,9.7
GRA,2013,Alegorias e Adereços,J4,10
GRA,2013,Fantasias,J4,10
GRA,2013,Fantasias,J3,9.7
GRA,2013,Fantasias,J2,9.9
GRA,2013,Fantasias,J1,9.6
GRA,2013,Samba-Enredo,J4,9.6
GRA,2013,Samba-Enredo,J3,9.6
GRA,2013,Samba-Enredo,J2,9.6
GRA,2013,Bateria,J4,9.8
GRA,2013,Bateria,J3,10
GRA,2013,Bateria,J2,10
GRA,2013,Bateria,J1,9.7
GRA,2013,Conjunto,J1,10
GRA,2013,Conjunto,J2,10
IMP,2013,Mestre-Sala e Porta-Bandeira,J1,9.8
IMP,2013,Pen.,Pen.,0
IMP,2013,Evolução,J4,10
IMP,2013,Evolução,J3,9.9
IMP,2013,Evolução,J2,9.9
IMP,2013,Evolução,J1,9.9
IMP,2013,Comissão de Frente,J3,10
IMP,2013,Comissão de Frente,J4,9.9
IMP,2013,Alegorias e Adereços,J1,9.8
IMP,2013,Fantasias,J4,9.9
IMP,2013,Alegorias e Adereços,J2,9.9
IMP,2013,Alegorias e Adereços,J3,9.9
IMP,2013,Alegorias e Adereços,J4,10
IMP,2013,Bateria,J1,9.9
IMP,2013,Fantasias,J3,10
IMP,2013,Fantasias,J2,9.9
IMP,2013,Fantasias,J1,10
IMP,2013,Samba-Enredo,J4,9.9
IMP,2013,Samba-Enredo,J3,9.8
IMP,2013,Samba-Enredo,J2,9.9
IMP,2013,Samba-Enredo,J1,9.9
IMP,2013,Bateria,J4,9.7
IMP,2013,Bateria,J3,9.9
IMP,2013,Bateria,J2,10
IMP,2013,Harmonia,J1,9.9
IMP,2013,Harmonia,J2,10
IMP,2013,Harmonia,J3,10
IMP,2013,Harmonia,J4,10
IMP,2013,Conjunto,J1,9.8
IMP,2013,Conjunto,J2,9.9
IMP,2013,Conjunto,J3,10
IMP,2013,Conjunto,J4,9.9
IMP,2013,Mestre-Sala e Porta-Bandeira,J2,10
IMP,2013,Mestre-Sala e Porta-Bandeira,J3,9.9
IMP,2013,Mestre-Sala e Porta-Bandeira,J4,9.7
IMP,2013,Enredo,J1,10
IMP,2013,Enredo,J2,9.9
IMP,2013,Enredo,J3,10
IMP,2013,Enredo,J4,10
IMP,2013,Comissão de Frente,J1,9.8
IMP,2013,Comissão de Frente,J2,9.9
INO,2013,Bateria,J1,9.9
INO,2013,Harmonia,J1,9.6
INO,2013,Pen.,Pen.,0
INO,2013,Alegorias e Adereços,J4,9.5
INO,2013,Samba-Enredo,J4,9.8
INO,2013,Samba-Enredo,J3,9.8
INO,2013,Samba-Enredo,J2,9.8
INO,2013,Mestre-Sala e Porta-Bandeira,J4,9.8
INO,2013,Enredo,J1,9.6
INO,2013,Enredo,J2,9.7
INO,2013,Enredo,J3,9.7
INO,2013,Enredo,J4,9.7
INO,2013,Evolução,J4,9.8
INO,2013,Mestre-Sala e Porta-Bandeira,J3,9.8
INO,2013,Mestre-Sala e Porta-Bandeira,J2,9.8
INO,2013,Mestre-Sala e Porta-Bandeira,J1,10
INO,2013,Comissão de Frente,J1,9.6
INO,2013,Comissão de Frente,J2,9.7
INO,2013,Comissão de Frente,J3,9.6
INO,2013,Comissão de Frente,J4,9.8
INO,2013,Alegorias e Adereços,J1,9.5
INO,2013,Conjunto,J4,9.7
INO,2013,Conjunto,J3,9.6
INO,2013,Conjunto,J2,9.7
INO,2013,Conjunto,J1,9.6
INO,2013,Harmonia,J4,9.7
INO,2013,Harmonia,J3,9.6
INO,2013,Harmonia,J2,9.5
INO,2013,Fantasias,J1,9.6
INO,2013,Fantasias,J2,9.6
INO,2013,Fantasias,J3,9.6
INO,2013,Alegorias e Adereços,J2,9.6
INO,2013,Fantasias,J4,9.5
INO,2013,Evolução,J1,9.7
INO,2013,Evolução,J2,9.6
INO,2013,Alegorias e Adereços,J3,9.6
INO,2013,Evolução,J3,9.7
INO,2013,Samba-Enredo,J1,9.7
INO,2013,Bateria,J4,9.7
INO,2013,Bateria,J3,9.6
INO,2013,Bateria,J2,9.7
MAN,2013,Samba-Enredo,J3,9.7
MAN,2013,Harmonia,J1,9.8
MAN,2013,Harmonia,J2,9.7
MAN,2013,Harmonia,J3,10
MAN,2013,Harmonia,J4,9.9
MAN,2013,Conjunto,J1,9.9
MAN,2013,Conjunto,J2,9.7
MAN,2013,Conjunto,J3,10
MAN,2013,Conjunto,J4,9.6
MAN,2013,Mestre-Sala e Porta-Bandeira,J1,10
MAN,2013,Mestre-Sala e Porta-Bandeira,J2,10
MAN,2013,Mestre-Sala e Porta-Bandeira,J3,10
MAN,2013,Mestre-Sala e Porta-Bandeira,J4,10
MAN,2013,Enredo,J1,10
MAN,2013,Enredo,J2,9.9
MAN,2013,Enredo,J3,10
MAN,2013,Enredo,J4,10
MAN,2013,Comissão de Frente,J1,9.9
MAN,2013,Comissão de Frente,J2,9.6
MAN,2013,Pen.,Pen.,-0.6
MAN,2013,Evolução,J4,9.6
MAN,2013,Evolução,J3,9.9
MAN,2013,Evolução,J2,9.9
MAN,2013,Evolução,J1,9.9
MAN,2013,Fantasias,J4,9.6
MAN,2013,Fantasias,J3,10
MAN,2013,Fantasias,J2,10
MAN,2013,Fantasias,J1,9.8
MAN,2013,Samba-Enredo,J4,9.9
MAN,2013,Samba-Enredo,J2,9.9
MAN,2013,Samba-Enredo,J1,9.8
MAN,2013,Bateria,J4,10
MAN,2013,Bateria,J3,10
MAN,2013,Bateria,J2,9.9
MAN,2013,Bateria,J1,10
MAN,2013,Alegorias e Adereços,J4,9.3
MAN,2013,Alegorias e Adereços,J3,9.8
MAN,2013,Alegorias e Adereços,J2,9.8
MAN,2013,Alegorias e Adereços,J1,9.8
MAN,2013,Comissão de Frente,J4,9.5
MAN,2013,Comissão de Frente,J3,9.8
MOC,2013,Enredo,J2,9.6
MOC,2013,Enredo,J1,9.7
MOC,2013,Mestre-Sala e Porta-Bandeira,J4,9.8
MOC,2013,Mestre-Sala e Porta-Bandeira,J3,9.8
MOC,2013,Bateria,J2,9.9
MOC,2013,Bateria,J3,10
MOC,2013,Bateria,J4,9.6
MOC,2013,Samba-Enredo,J1,9.6
MOC,2013,Samba-Enredo,J2,9.7
MOC,2013,Samba-Enredo,J3,9.7
MOC,2013,Samba-Enredo,J4,9.7
MOC,2013,Fantasias,J1,9.7
MOC,2013,Fantasias,J2,9.8
MOC,2013,Pen.,Pen.,0
MOC,2013,Evolução,J4,9.6
MOC,2013,Evolução,J3,9.8
MOC,2013,Evolução,J2,9.7
MOC,2013,Evolução,J1,9.8
MOC,2013,Fantasias,J4,9.6
MOC,2013,Fantasias,J3,10
MOC,2013,Harmonia,J1,9.7
MOC,2013,Harmonia,J2,9.7
MOC,2013,Harmonia,J3,9.7
MOC,2013,Harmonia,J4,9.8
MOC,2013,Conjunto,J1,9.9
MOC,2013,Conjunto,J2,9.8
MOC,2013,Conjunto,J3,9.8
MOC,2013,Bateria,J1,9.8
MOC,2013,Conjunto,J4,9.7
MOC,2013,Mestre-Sala e Porta-Bandeira,J1,9.7
MOC,2013,Mestre-Sala e Porta-Bandeira,J2,9.9
MOC,2013,Alegorias e Adereços,J4,9.6
MOC,2013,Alegorias e Adereços,J3,9.7
MOC,2013,Alegorias e Adereços,J2,9.8
MOC,2013,Alegorias e Adereços,J1,9.8
MOC,2013,Comissão de Frente,J4,9.7
MOC,2013,Comissão de Frente,J3,9.8
MOC,2013,Comissão de Frente,J2,9.9
MOC,2013,Comissão de Frente,J1,9.5
MOC,2013,Enredo,J4,9.6
MOC,2013,Enredo,J3,9.7
POR,2013,Enredo,J2,9.8
POR,2013,Enredo,J1,9.8
POR,2013,Mestre-Sala e Porta-Bandeira,J4,9.9
POR,2013,Mestre-Sala e Porta-Bandeira,J3,9.9
POR,2013,Samba-Enredo,J4,10
POR,2013,Samba-Enredo,J3,10
POR,2013,Pen.,Pen.,0
POR,2013,Evolução,J4,9.7
POR,2013,Samba-Enredo,J2,10
POR,2013,Samba-Enredo,J1,10
POR,2013,Bateria,J4,9.9
POR,2013,Enredo,J3,9.8
POR,2013,Evolução,J3,9.8
POR,2013,Evolução,J2,10
POR,2013,Evolução,J1,10
POR,2013,Fantasias,J4,9.7
POR,2013,Fantasias,J3,9.9
POR,2013,Fantasias,J2,9.7
POR,2013,Bateria,J2,10
POR,2013,Bateria,J3,10
POR,2013,Mestre-Sala e Porta-Bandeira,J2,9.9
POR,2013,Fantasias,J1,9.7
POR,2013,Comissão de Frente,J1,9.5
POR,2013,Comissão de Frente,J2,9.8
POR,2013,Harmonia,J4,10
POR,2013,Enredo,J4,9.8
POR,2013,Bateria,J1,10
POR,2013,Comissão de Frente,J3,9.9
POR,2013,Comissão de Frente,J4,9.7
POR,2013,Mestre-Sala e Porta-Bandeira,J1,9.8
POR,2013,Conjunto,J4,9.7
POR,2013,Conjunto,J3,9.9
POR,2013,Conjunto,J2,10
POR,2013,Alegorias e Adereços,J1,9.8
POR,2013,Alegorias e Adereços,J2,9.8
POR,2013,Alegorias e Adereços,J3,9.7
POR,2013,Alegorias e Adereços,J4,9.5
POR,2013,Harmonia,J1,10
POR,2013,Harmonia,J2,10
POR,2013,Harmonia,J3,9.9
POR,2013,Conjunto,J1,9.8
SAL,2013,Bateria,J4,9.8
SAL,2013,Samba-Enredo,J3,9.6
SAL,2013,Samba-Enredo,J4,9.9
SAL,2013,Conjunto,J4,10
SAL,2013,Mestre-Sala e Porta-Bandeira,J1,9.8
SAL,2013,Mestre-Sala e Porta-Bandeira,J2,9.9
SAL,2013,Mestre-Sala e Porta-Bandeira,J3,9.9
SAL,2013,Mestre-Sala e Porta-Bandeira,J4,10
SAL,2013,Enredo,J1,9.9
SAL,2013,Enredo,J2,10
SAL,2013,Enredo,J3,9.9
SAL,2013,Enredo,J4,9.9
SAL,2013,Comissão de Frente,J1,9.9
SAL,2013,Comissão de Frente,J2,9.9
SAL,2013,Comissão de Frente,J3,9.9
SAL,2013,Comissão de Frente,J4,10
SAL,2013,Alegorias e Adereços,J1,9.9
SAL,2013,Alegorias e Adereços,J2,9.9
SAL,2013,Alegorias e Adereços,J3,9.9
SAL,2013,Alegorias e Adereços,J4,10
SAL,2013,Bateria,J1,9.8
SAL,2013,Bateria,J2,10
SAL,2013,Bateria,J3,10
SAL,2013,Samba-Enredo,J1,9.9
SAL,2013,Fantasias,J1,9.9
SAL,2013,Fantasias,J2,10
SAL,2013,Fantasias,J3,9.8
SAL,2013,Fantasias,J4,10
SAL,2013,Evolução,J1,9.9
SAL,2013,Conjunto,J3,9.9
SAL,2013,Evolução,J2,9.9
SAL,2013,Evolução,J3,9.9
SAL,2013,Evolução,J4,10
SAL,2013,Pen.,Pen.,0
SAL,2013,Conjunto,J2,10
SAL,2013,Conjunto,J1,9.9
SAL,2013,Harmonia,J4,9.9
SAL,2013,Harmonia,J3,9.8
SAL,2013,Harmonia,J2,9.9
SAL,2013,Harmonia,J1,9.9
SAL,2013,Samba-Enredo,J2,9.8
SCL,2013,Alegorias e Adereços,J4,9.4
SCL,2013,Bateria,J1,10
SCL,2013,Bateria,J2,9.9
SCL,2013,Bateria,J3,9.7
SCL,2013,Bateria,J4,9.9
SCL,2013,Samba-Enredo,J1,9.8
SCL,2013,Samba-Enredo,J2,9.6
SCL,2013,Samba-Enredo,J3,9.9
SCL,2013,Alegorias e Adereços,J3,9.6
SCL,2013,Alegorias e Adereços,J2,9.7
SCL,2013,Alegorias e Adereços,J1,9.7
SCL,2013,Samba-Enredo,J4,9.7
SCL,2013,Comissão de Frente,J4,9.7
SCL,2013,Comissão de Frente,J3,9.8
SCL,2013,Fantasias,J1,9.8
SCL,2013,Fantasias,J2,9.8
SCL,2013,Fantasias,J3,9.7
SCL,2013,Fantasias,J4,9.6
SCL,2013,Evolução,J1,10
SCL,2013,Evolução,J2,9.8
SCL,2013,Evolução,J3,9.8
SCL,2013,Comissão de Frente,J2,9.6
SCL,2013,Comissão de Frente,J1,9.5
SCL,2013,Enredo,J4,9.6
SCL,2013,Enredo,J3,9.4
SCL,2013,Enredo,J2,10
SCL,2013,Enredo,J1,9.6
SCL,2013,Mestre-Sala e Porta-Bandeira,J4,9.9
SCL,2013,Mestre-Sala e Porta-Bandeira,J3,9.8
SCL,2013,Mestre-Sala e Porta-Bandeira,J2,9.8
SCL,2013,Mestre-Sala e Porta-Bandeira,J1,9.7
SCL,2013,Conjunto,J4,9.7
SCL,2013,Conjunto,J3,9.6
SCL,2013,Conjunto,J2,9.7
SCL,2013,Conjunto,J1,9.8
SCL,2013,Harmonia,J4,9.7
SCL,2013,Harmonia,J3,9.8
SCL,2013,Harmonia,J2,9.7
SCL,2013,Harmonia,J1,9.9
SCL,2013,Pen.,Pen.,0
SCL,2013,Evolução,J4,9.7
TIJ,2013,Comissão de Frente,J4,10
TIJ,2013,Fantasias,J2,9.9
TIJ,2013,Fantasias,J1,10
TIJ,2013,Samba-Enredo,J4,9.8
TIJ,2013,Samba-Enredo,J3,9.7
TIJ,2013,Samba-Enredo,J2,9.9
TIJ,2013,Samba-Enredo,J1,10
TIJ,2013,Bateria,J4,10
TIJ,2013,Bateria,J3,9.9
TIJ,2013,Bateria,J2,10
TIJ,2013,Bateria,J1,10
TIJ,2013,Alegorias e Adereços,J4,9.7
TIJ,2013,Alegorias e Adereços,J3,10
TIJ,2013,Alegorias e Adereços,J2,10
TIJ,2013,Alegorias e Adereços,J1,10
TIJ,2013,Comissão de Frente,J3,10
TIJ,2013,Comissão de Frente,J2,10
TIJ,2013,Comissão de Frente,J1,9.9
TIJ,2013,Enredo,J4,10
TIJ,2013,Enredo,J3,10
TIJ,2013,Enredo,J2,10
TIJ,2013,Enredo,J1,10
TIJ,2013,Mestre-Sala e Porta-Bandeira,J4,9.8
TIJ,2013,Mestre-Sala e Porta-Bandeira,J3,9.9
TIJ,2013,Mestre-Sala e Porta-Bandeira,J2,9.9
TIJ,2013,Mestre-Sala e Porta-Bandeira,J1,10
TIJ,2013,Conjunto,J4,9.9
TIJ,2013,Conjunto,J3,10
TIJ,2013,Conjunto,J2,10
TIJ,2013,Conjunto,J1,10
TIJ,2013,Harmonia,J4,9.9
TIJ,2013,Harmonia,J3,10
TIJ,2013,Harmonia,J2,9.8
TIJ,2013,Harmonia,J1,10
TIJ,2013,Pen.,Pen.,0
TIJ,2013,Fantasias,J3,10
TIJ,2013,Fantasias,J4,9.8
TIJ,2013,Evolução,J1,10
TIJ,2013,Evolução,J2,10
TIJ,2013,Evolução,J3,9.9
TIJ,2013,Evolução,J4,9.9
UNI,2013,Samba-Enredo,J4,9.6
UNI,2013,Samba-Enredo,J3,9.6
UNI,2013,Samba-Enredo,J2,10
UNI,2013,Samba-Enredo,J1,9.7
UNI,2013,Bateria,J4,9.6
UNI,2013,Bateria,J3,9.8
UNI,2013,Bateria,J2,9.8
UNI,2013,Bateria,J1,9.7
UNI,2013,Alegorias e Adereços,J4,10
UNI,2013,Alegorias e Adereços,J3,9.8
UNI,2013,Alegorias e Adereços,J2,9.8
UNI,2013,Alegorias e Adereços,J1,9.8
UNI,2013,Comissão de Frente,J4,9.7
UNI,2013,Mestre-Sala e Porta-Bandeira,J1,9.8
UNI,2013,Harmonia,J4,9.8
UNI,2013,Harmonia,J2,9.9
UNI,2013,Harmonia,J1,9.8
UNI,2013,Fantasias,J3,9.7
UNI,2013,Conjunto,J1,9.8
UNI,2013,Conjunto,J2,9.8
UNI,2013,Conjunto,J3,9.7
UNI,2013,Mestre-Sala e Porta-Bandeira,J2,9.8
UNI,2013,Mestre-Sala e Porta-Bandeira,J3,9.9
UNI,2013,Mestre-Sala e Porta-Bandeira,J4,9.8
UNI,2013,Enredo,J1,10
UNI,2013,Conjunto,J4,9.8
UNI,2013,Pen.,Pen.,0
UNI,2013,Evolução,J4,9.8
UNI,2013,Evolução,J3,9.8
UNI,2013,Comissão de Frente,J3,9.7
UNI,2013,Comissão de Frente,J2,9.8
UNI,2013,Comissão de Frente,J1,9.6
UNI,2013,Enredo,J4,10
UNI,2013,Enredo,J3,9.9
UNI,2013,Enredo,J2,9.9
UNI,2013,Evolução,J2,9.7
UNI,2013,Evolução,J1,9.8
UNI,2013,Fantasias,J4,10
UNI,2013,Harmonia,J3,9.8
UNI,2013,Fantasias,J2,9.9
UNI,2013,Fantasias,J1,9.9
VIS,2013,Pen.,Pen.,0
VIS,2013,Comissão de Frente,J4,9.9
VIS,2013,Alegorias e Adereços,J1,10
VIS,2013,Alegorias e Adereços,J2,10
VIS,2013,Alegorias e Adereços,J3,10
VIS,2013,Alegorias e Adereços,J4,9.6
VIS,2013,Bateria,J1,9.8
VIS,2013,Bateria,J2,9.9
VIS,2013,Bateria,J3,10
VIS,2013,Bateria,J4,9.9
VIS,2013,Samba-Enredo,J1,10
VIS,2013,Samba-Enredo,J2,10
VIS,2013,Samba-Enredo,J3,9.8
VIS,2013,Samba-Enredo,J4,10
VIS,2013,Fantasias,J1,10
VIS,2013,Fantasias,J2,10
VIS,2013,Fantasias,J3,10
VIS,2013,Fantasias,J4,9.9
VIS,2013,Evolução,J1,10
VIS,2013,Evolução,J2,10
VIS,2013,Evolução,J3,10
VIS,2013,Evolução,J4,10
VIS,2013,Enredo,J4,10
VIS,2013,Enredo,J3,10
VIS,2013,Enredo,J2,9.8
VIS,2013,Enredo,J1,10
VIS,2013,Mestre-Sala e Porta-Bandeira,J4,10
VIS,2013,Mestre-Sala e Porta-Bandeira,J3,10
VIS,2013,Mestre-Sala e Porta-Bandeira,J2,10
VIS,2013,Mestre-Sala e Porta-Bandeira,J1,10
VIS,2013,Conjunto,J4,10
VIS,2013,Conjunto,J3,10
VIS,2013,Conjunto,J2,10
VIS,2013,Conjunto,J1,10
VIS,2013,Harmonia,J4,10
VIS,2013,Harmonia,J3,10
VIS,2013,Harmonia,J2,10
VIS,2013,Harmonia,J1,10
VIS,2013,Comissão de Frente,J3,10
VIS,2013,Comissão de Frente,J2,9.9
VIS,2013,Comissão de Frente,J1,10
BJF,2014,Harmonia,J2,10
BJF,2014,Harmonia,J1,9.9
BJF,2014,Samba-Enredo,J4,9.5
BJF,2014,Samba-Enredo,J3,9.6
BJF,2014,Samba-Enredo,J2,9.8
BJF,2014,Samba-Enredo,J1,9.6
BJF,2014,Mestre-Sala e Porta-Bandeira,J4,9.7
BJF,2014,Mestre-Sala e Porta-Bandeira,J3,9.9
BJF,2014,Mestre-Sala e Porta-Bandeira,J2,10
BJF,2014,Bateria,J2,10
BJF,2014,Bateria,J3,10
BJF,2014,Bateria,J4,10
BJF,2014,Enredo,J3,9.7
BJF,2014,Enredo,J2,9.8
BJF,2014,Enredo,J1,9.8
BJF,2014,Mestre-Sala e Porta-Bandeira,J1,10
BJF,2014,Alegorias e Adereços,J4,9.9
BJF,2014,Alegorias e Adereços,J3,9.8
BJF,2014,Conjunto,J3,9.9
BJF,2014,Conjunto,J4,9.8
BJF,2014,Comissão de Frente,J1,10
BJF,2014,Comissão de Frente,J2,9.9
BJF,2014,Comissão de Frente,J3,9.5
BJF,2014,Comissão de Frente,J4,9.7
BJF,2014,Bateria,J1,10
BJF,2014,Evolução,J2,10
BJF,2014,Alegorias e Adereços,J2,9.8
BJF,2014,Alegorias e Adereços,J1,9.8
BJF,2014,Fantasias,J4,9.8
BJF,2014,Fantasias,J3,9.8
BJF,2014,Fantasias,J2,9.9
BJF,2014,Fantasias,J1,9.8
BJF,2014,Enredo,J4,9.8
BJF,2014,Conjunto,J2,9.9
BJF,2014,Conjunto,J1,9.9
BJF,2014,Evolução,J4,9.9
BJF,2014,Evolução,J3,10
BJF,2014,Harmonia,J3,10
BJF,2014,Harmonia,J4,9.9
BJF,2014,Evolução,J1,9.9
GRA,2014,Mestre-Sala e Porta-Bandeira,J4,9.8
GRA,2014,Bateria,J4,9.9
GRA,2014,Bateria,J3,9.9
GRA,2014,Bateria,J2,9.8
GRA,2014,Bateria,J1,9.8
GRA,2014,Comissão de Frente,J4,10
GRA,2014,Comissão de Frente,J3,9.9
GRA,2014,Comissão de Frente,J2,9.9
GRA,2014,Comissão de Frente,J1,9.9
GRA,2014,Conjunto,J4,9.8
GRA,2014,Conjunto,J3,9.8
GRA,2014,Conjunto,J2,10
GRA,2014,Conjunto,J1,9.8
GRA,2014,Evolução,J4,9.9
GRA,2014,Evolução,J3,10
GRA,2014,Evolução,J2,10
GRA,2014,Evolução,J1,9.9
GRA,2014,Harmonia,J4,9.6
GRA,2014,Harmonia,J3,10
GRA,2014,Harmonia,J2,9.9
GRA,2014,Harmonia,J1,9.7
GRA,2014,Samba-Enredo,J4,9.6
GRA,2014,Samba-Enredo,J3,9.6
GRA,2014,Samba-Enredo,J2,9.8
GRA,2014,Samba-Enredo,J1,9.7
GRA,2014,Mestre-Sala e Porta-Bandeira,J3,9.9
GRA,2014,Mestre-Sala e Porta-Bandeira,J2,10
GRA,2014,Mestre-Sala e Porta-Bandeira,J1,10
GRA,2014,Alegorias e Adereços,J4,10
GRA,2014,Alegorias e Adereços,J3,10
GRA,2014,Alegorias e Adereços,J2,10
GRA,2014,Alegorias e Adereços,J1,10
GRA,2014,Fantasias,J4,10
GRA,2014,Fantasias,J3,10
GRA,2014,Fantasias,J2,10
GRA,2014,Fantasias,J1,9.9
GRA,2014,Enredo,J4,9.9
GRA,2014,Enredo,J3,9.8
GRA,2014,Enredo,J2,9.9
GRA,2014,Enredo,J1,9.9
IMP,2014,Mestre-Sala e Porta-Bandeira,J2,10
IMP,2014,Mestre-Sala e Porta-Bandeira,J1,10
IMP,2014,Alegorias e Adereços,J4,9.9
IMP,2014,Alegorias e Adereços,J3,10
IMP,2014,Alegorias e Adereços,J2,9.9
IMP,2014,Alegorias e Adereços,J1,9.9
IMP,2014,Fantasias,J4,10
IMP,2014,Fantasias,J3,10
IMP,2014,Fantasias,J2,10
IMP,2014,Fantasias,J1,9.8
IMP,2014,Evolução,J4,9.8
IMP,2014,Evolução,J3,9.8
IMP,2014,Evolução,J2,9.9
IMP,2014,Evolução,J1,9.6
IMP,2014,Bateria,J4,9.8
IMP,2014,Bateria,J3,9.8
IMP,2014,Enredo,J4,10
IMP,2014,Enredo,J3,10
IMP,2014,Enredo,J2,10
IMP,2014,Enredo,J1,10
IMP,2014,Bateria,J2,9.9
IMP,2014,Bateria,J1,9.9
IMP,2014,Comissão de Frente,J4,9.9
IMP,2014,Comissão de Frente,J3,10
IMP,2014,Comissão de Frente,J2,10
IMP,2014,Comissão de Frente,J1,9.9
IMP,2014,Conjunto,J4,9.9
IMP,2014,Conjunto,J3,10
IMP,2014,Conjunto,J2,9.8
IMP,2014,Conjunto,J1,9.7
IMP,2014,Harmonia,J4,9.8
IMP,2014,Harmonia,J3,9.8
IMP,2014,Harmonia,J2,9.8
IMP,2014,Harmonia,J1,9.6
IMP,2014,Samba-Enredo,J4,9.9
IMP,2014,Samba-Enredo,J3,10
IMP,2014,Samba-Enredo,J2,9.8
IMP,2014,Samba-Enredo,J1,9.8
IMP,2014,Mestre-Sala e Porta-Bandeira,J4,10
IMP,2014,Mestre-Sala e Porta-Bandeira,J3,10
MAN,2014,Harmonia,J1,9.9
MAN,2014,Enredo,J2,9.9
MAN,2014,Enredo,J3,9.9
MAN,2014,Enredo,J4,9.9
MAN,2014,Fantasias,J1,10
MAN,2014,Fantasias,J2,9.8
MAN,2014,Fantasias,J3,9.9
MAN,2014,Fantasias,J4,10
MAN,2014,Alegorias e Adereços,J1,9.7
MAN,2014,Alegorias e Adereços,J2,9.5
MAN,2014,Alegorias e Adereços,J3,9.7
MAN,2014,Alegorias e Adereços,J4,9.7
MAN,2014,Mestre-Sala e Porta-Bandeira,J1,9.9
MAN,2014,Mestre-Sala e Porta-Bandeira,J2,9.9
MAN,2014,Mestre-Sala e Porta-Bandeira,J3,9.9
MAN,2014,Mestre-Sala e Porta-Bandeira,J4,9.9
MAN,2014,Samba-Enredo,J1,9.9
MAN,2014,Samba-Enredo,J2,10
MAN,2014,Samba-Enredo,J3,9.9
MAN,2014,Samba-Enredo,J4,10
MAN,2014,Bateria,J4,10
MAN,2014,Bateria,J3,9.8
MAN,2014,Bateria,J2,9.7
MAN,2014,Bateria,J1,9.8
MAN,2014,Comissão de Frente,J4,9.9
MAN,2014,Comissão de Frente,J3,9.8
MAN,2014,Comissão de Frente,J2,9.8
MAN,2014,Comissão de Frente,J1,9.9
MAN,2014,Conjunto,J4,9.8
MAN,2014,Conjunto,J3,9.8
MAN,2014,Conjunto,J2,9.8
MAN,2014,Conjunto,J1,9.8
MAN,2014,Evolução,J4,9.8
MAN,2014,Evolução,J3,9.9
MAN,2014,Evolução,J2,9.9
MAN,2014,Evolução,J1,9.8
MAN,2014,Harmonia,J4,9.8
MAN,2014,Harmonia,J3,9.9
MAN,2014,Harmonia,J2,9.9
MAN,2014,Enredo,J1,9.9
MOC,2014,Evolução,J2,9.8
MOC,2014,Bateria,J4,10
MOC,2014,Bateria,J3,9.9
MOC,2014,Bateria,J2,9.8
MOC,2014,Bateria,J1,9.9
MOC,2014,Comissão de Frente,J4,9.6
MOC,2014,Comissão de Frente,J3,9.5
MOC,2014,Comissão de Frente,J2,9.8
MOC,2014,Comissão de Frente,J1,9.8
MOC,2014,Conjunto,J4,10
MOC,2014,Conjunto,J3,9.7
MOC,2014,Conjunto,J2,9.7
MOC,2014,Conjunto,J1,9.8
MOC,2014,Evolução,J4,9.9
MOC,2014,Evolução,J3,9.8
MOC,2014,Evolução,J1,9.8
MOC,2014,Harmonia,J4,9.9
MOC,2014,Harmonia,J3,9.8
MOC,2014,Harmonia,J2,10
MOC,2014,Harmonia,J1,9.8
MOC,2014,Samba-Enredo,J4,10
MOC,2014,Samba-Enredo,J3,10
MOC,2014,Samba-Enredo,J2,10
MOC,2014,Samba-Enredo,J1,9.8
MOC,2014,Mestre-Sala e Porta-Bandeira,J4,9.9
MOC,2014,Mestre-Sala e Porta-Bandeira,J3,9.9
MOC,2014,Mestre-Sala e Porta-Bandeira,J2,10
MOC,2014,Mestre-Sala e Porta-Bandeira,J1,10
MOC,2014,Alegorias e Adereços,J4,9.8
MOC,2014,Alegorias e Adereços,J3,9.6
MOC,2014,Alegorias e Adereços,J2,9.8
MOC,2014,Alegorias e Adereços,J1,9.8
MOC,2014,Fantasias,J4,9.9
MOC,2014,Fantasias,J3,9.7
MOC,2014,Fantasias,J2,9.9
MOC,2014,Fantasias,J1,9.9
MOC,2014,Enredo,J4,9.6
MOC,2014,Enredo,J3,9.8
MOC,2014,Enredo,J2,9.7
MOC,2014,Enredo,J1,9.8
POR,2014,Evolução,J2,10
POR,2014,Evolução,J1,10
POR,2014,Harmonia,J3,10
POR,2014,Harmonia,J2,9.9
POR,2014,Harmonia,J1,10
POR,2014,Samba-Enredo,J4,10
POR,2014,Samba-Enredo,J3,10
POR,2014,Samba-Enredo,J2,10
POR,2014,Samba-Enredo,J1,10
POR,2014,Mestre-Sala e Porta-Bandeira,J4,9.9
POR,2014,Mestre-Sala e Porta-Bandeira,J3,10
POR,2014,Mestre-Sala e Porta-Bandeira,J2,9.9
POR,2014,Mestre-Sala e Porta-Bandeira,J1,10
POR,2014,Alegorias e Adereços,J4,9.9
POR,2014,Alegorias e Adereços,J3,9.8
POR,2014,Alegorias e Adereços,J2,9.9
POR,2014,Alegorias e Adereços,J1,9.9
POR,2014,Fantasias,J4,9.9
POR,2014,Fantasias,J3,9.9
POR,2014,Fantasias,J2,10
POR,2014,Fantasias,J1,10
POR,2014,Enredo,J4,9.9
POR,2014,Enredo,J3,10
POR,2014,Enredo,J2,9.9
POR,2014,Enredo,J1,9.9
POR,2014,Harmonia,J4,9.8
POR,2014,Bateria,J4,10
POR,2014,Bateria,J3,9.7
POR,2014,Bateria,J2,10
POR,2014,Bateria,J1,10
POR,2014,Comissão de Frente,J4,9.8
POR,2014,Comissão de Frente,J3,9.5
POR,2014,Comissão de Frente,J2,10
POR,2014,Comissão de Frente,J1,10
POR,2014,Conjunto,J4,10
POR,2014,Conjunto,J3,10
POR,2014,Conjunto,J2,10
POR,2014,Conjunto,J1,10
POR,2014,Evolução,J4,9.9
POR,2014,Evolução,J3,10
SAL,2014,Bateria,J2,10
SAL,2014,Enredo,J1,10
SAL,2014,Enredo,J2,10
SAL,2014,Enredo,J3,10
SAL,2014,Enredo,J4,10
SAL,2014,Fantasias,J1,9.8
SAL,2014,Fantasias,J2,9.9
SAL,2014,Fantasias,J3,10
SAL,2014,Fantasias,J4,10
SAL,2014,Alegorias e Adereços,J1,9.9
SAL,2014,Alegorias e Adereços,J2,9.8
SAL,2014,Alegorias e Adereços,J3,9.9
SAL,2014,Alegorias e Adereços,J4,9.9
SAL,2014,Mestre-Sala e Porta-Bandeira,J1,9.8
SAL,2014,Mestre-Sala e Porta-Bandeira,J2,10
SAL,2014,Mestre-Sala e Porta-Bandeira,J3,10
SAL,2014,Mestre-Sala e Porta-Bandeira,J4,10
SAL,2014,Samba-Enredo,J1,9.9
SAL,2014,Samba-Enredo,J2,10
SAL,2014,Samba-Enredo,J3,10
SAL,2014,Samba-Enredo,J4,10
SAL,2014,Harmonia,J1,10
SAL,2014,Harmonia,J2,10
SAL,2014,Harmonia,J3,10
SAL,2014,Harmonia,J4,10
SAL,2014,Evolução,J1,9.9
SAL,2014,Evolução,J2,10
SAL,2014,Evolução,J3,10
SAL,2014,Evolução,J4,9.9
SAL,2014,Conjunto,J1,9.9
SAL,2014,Conjunto,J2,9.9
SAL,2014,Conjunto,J3,10
SAL,2014,Conjunto,J4,9.9
SAL,2014,Comissão de Frente,J1,10
SAL,2014,Comissão de Frente,J2,10
SAL,2014,Comissão de Frente,J3,10
SAL,2014,Comissão de Frente,J4,9.9
SAL,2014,Bateria,J1,9.9
SAL,2014,Bateria,J3,10
SAL,2014,Bateria,J4,10
SCL,2014,Harmonia,J4,10
SCL,2014,Harmonia,J3,9.8
SCL,2014,Harmonia,J2,9.8
SCL,2014,Alegorias e Adereços,J2,9.7
SCL,2014,Alegorias e Adereços,J1,9.8
SCL,2014,Enredo,J1,9.8
SCL,2014,Enredo,J2,9.7
SCL,2014,Enredo,J3,9.8
SCL,2014,Enredo,J4,9.8
SCL,2014,Fantasias,J1,9.8
SCL,2014,Fantasias,J2,9.7
SCL,2014,Fantasias,J3,9.6
SCL,2014,Fantasias,J4,9.6
SCL,2014,Mestre-Sala e Porta-Bandeira,J4,9.9
SCL,2014,Mestre-Sala e Porta-Bandeira,J3,10
SCL,2014,Harmonia,J1,9.7
SCL,2014,Samba-Enredo,J4,9.7
SCL,2014,Samba-Enredo,J3,9.8
SCL,2014,Samba-Enredo,J2,9.8
SCL,2014,Samba-Enredo,J1,9.6
SCL,2014,Mestre-Sala e Porta-Bandeira,J2,9.8
SCL,2014,Mestre-Sala e Porta-Bandeira,J1,9.9
SCL,2014,Alegorias e Adereços,J4,9.8
SCL,2014,Alegorias e Adereços,J3,9.7
SCL,2014,Bateria,J4,9.8
SCL,2014,Bateria,J3,9.7
SCL,2014,Bateria,J2,10
SCL,2014,Bateria,J1,9.9
SCL,2014,Comissão de Frente,J4,9.8
SCL,2014,Comissão de Frente,J3,9.8
SCL,2014,Comissão de Frente,J2,9.7
SCL,2014,Comissão de Frente,J1,9.7
SCL,2014,Conjunto,J4,9.8
SCL,2014,Conjunto,J3,9.7
SCL,2014,Conjunto,J2,9.6
SCL,2014,Conjunto,J1,9.7
SCL,2014,Evolução,J4,9.8
SCL,2014,Evolução,J3,9.8
SCL,2014,Evolução,J2,10
SCL,2014,Evolução,J1,9.6
TIJ,2014,Bateria,J1,10
TIJ,2014,Mestre-Sala e Porta-Bandeira,J3,10
TIJ,2014,Mestre-Sala e Porta-Bandeira,J4,10
TIJ,2014,Samba-Enredo,J1,9.7
TIJ,2014,Samba-Enredo,J2,9.8
TIJ,2014,Samba-Enredo,J3,9.8
TIJ,2014,Samba-Enredo,J4,9.9
TIJ,2014,Harmonia,J1,10
TIJ,2014,Harmonia,J2,10
TIJ,2014,Harmonia,J3,10
TIJ,2014,Harmonia,J4,9.9
TIJ,2014,Evolução,J1,10
TIJ,2014,Evolução,J2,10
TIJ,2014,Enredo,J3,10
TIJ,2014,Enredo,J2,10
TIJ,2014,Enredo,J1,10
TIJ,2014,Bateria,J4,10
TIJ,2014,Bateria,J3,10
TIJ,2014,Bateria,J2,10
TIJ,2014,Fantasias,J2,9.9
TIJ,2014,Comissão de Frente,J4,9.8
TIJ,2014,Comissão de Frente,J3,10
TIJ,2014,Comissão de Frente,J2,10
TIJ,2014,Comissão de Frente,J1,10
TIJ,2014,Conjunto,J4,10
TIJ,2014,Conjunto,J3,10
TIJ,2014,Conjunto,J2,10
TIJ,2014,Conjunto,J1,10
TIJ,2014,Evolução,J4,10
TIJ,2014,Evolução,J3,10
TIJ,2014,Fantasias,J3,9.8
TIJ,2014,Fantasias,J4,10
TIJ,2014,Alegorias e Adereços,J1,10
TIJ,2014,Alegorias e Adereços,J2,9.9
TIJ,2014,Alegorias e Adereços,J3,10
TIJ,2014,Alegorias e Adereços,J4,10
TIJ,2014,Mestre-Sala e Porta-Bandeira,J1,10
TIJ,2014,Mestre-Sala e Porta-Bandeira,J2,10
TIJ,2014,Enredo,J4,10
TIJ,2014,Fantasias,J1,10
UNI,2014,Conjunto,J4,9.8
UNI,2014,Mestre-Sala e Porta-Bandeira,J1,9.9
UNI,2014,Samba-Enredo,J1,10
UNI,2014,Evolução,J2,10
UNI,2014,Evolução,J3,10
UNI,2014,Evolução,J4,10
UNI,2014,Samba-Enredo,J2,9.7
UNI,2014,Mestre-Sala e Porta-Bandeira,J2,9.8
UNI,2014,Mestre-Sala e Porta-Bandeira,J3,10
UNI,2014,Mestre-Sala e Porta-Bandeira,J4,10
UNI,2014,Conjunto,J1,10
UNI,2014,Conjunto,J2,9.8
UNI,2014,Conjunto,J3,10
UNI,2014,Harmonia,J1,10
UNI,2014,Harmonia,J2,9.9
UNI,2014,Samba-Enredo,J4,9.9
UNI,2014,Samba-Enredo,J3,9.7
UNI,2014,Harmonia,J3,10
UNI,2014,Comissão de Frente,J1,10
UNI,2014,Comissão de Frente,J2,9.8
UNI,2014,Comissão de Frente,J3,9.7
UNI,2014,Comissão de Frente,J4,9.9
UNI,2014,Bateria,J1,10
UNI,2014,Bateria,J2,9.8
UNI,2014,Bateria,J3,9.8
UNI,2014,Bateria,J4,10
UNI,2014,Alegorias e Adereços,J4,10
UNI,2014,Alegorias e Adereços,J3,9.8
UNI,2014,Alegorias e Adereços,J2,9.8
UNI,2014,Alegorias e Adereços,J1,9.9
UNI,2014,Fantasias,J4,10
UNI,2014,Fantasias,J3,10
UNI,2014,Fantasias,J2,10
UNI,2014,Fantasias,J1,10
UNI,2014,Enredo,J4,10
UNI,2014,Harmonia,J4,9.9
UNI,2014,Evolução,J1,10
UNI,2014,Enredo,J3,10
UNI,2014,Enredo,J2,10
UNI,2014,Enredo,J1,10
VIS,2014,Evolução,J3,9.8
VIS,2014,Evolução,J2,9.9
VIS,2014,Evolução,J1,9.9
VIS,2014,Harmonia,J4,9.6
VIS,2014,Harmonia,J3,9.9
VIS,2014,Harmonia,J2,9.9
VIS,2014,Harmonia,J1,9.9
VIS,2014,Samba-Enredo,J4,9.7
VIS,2014,Samba-Enredo,J3,9.9
VIS,2014,Samba-Enredo,J2,10
VIS,2014,Samba-Enredo,J1,9.7
VIS,2014,Mestre-Sala e Porta-Bandeira,J4,10
VIS,2014,Mestre-Sala e Porta-Bandeira,J3,9.9
VIS,2014,Mestre-Sala e Porta-Bandeira,J2,9.9
VIS,2014,Mestre-Sala e Porta-Bandeira,J1,9.9
VIS,2014,Alegorias e Adereços,J4,9.8
VIS,2014,Alegorias e Adereços,J3,9.8
VIS,2014,Alegorias e Adereços,J2,9.9
VIS,2014,Alegorias e Adereços,J1,10
VIS,2014,Fantasias,J4,9.8
VIS,2014,Fantasias,J3,9.7
VIS,2014,Fantasias,J2,9.9
VIS,2014,Fantasias,J1,9.8
VIS,2014,Enredo,J4,9.7
VIS,2014,Enredo,J3,9.7
VIS,2014,Enredo,J2,9.8
VIS,2014,Enredo,J1,9.8
VIS,2014,Bateria,J3,10
VIS,2014,Bateria,J4,10
VIS,2014,Bateria,J2,9.8
VIS,2014,Bateria,J1,9.9
VIS,2014,Comissão de Frente,J4,9.5
VIS,2014,Comissão de Frente,J3,9.7
VIS,2014,Comissão de Frente,J2,9.7
VIS,2014,Comissão de Frente,J1,9.9
VIS,2014,Conjunto,J4,9.9
VIS,2014,Conjunto,J3,9.8
VIS,2014,Conjunto,J2,9.8
VIS,2014,Conjunto,J1,9.7
VIS,2014,Evolução,J4,9.8
BJF,2015,Samba-Enredo,J1,9.9
BJF,2015,Samba-Enredo,J2,10
BJF,2015,Samba-Enredo,J3,10
BJF,2015,Samba-Enredo,J4,9.9
BJF,2015,Bateria,J1,10
BJF,2015,Fantasias,J4,10
BJF,2015,Fantasias,J3,9.9
BJF,2015,Fantasias,J2,10
BJF,2015,Fantasias,J1,10
BJF,2015,Harmonia,J4,10
BJF,2015,Harmonia,J3,10
BJF,2015,Harmonia,J2,9.9
BJF,2015,Harmonia,J1,10
BJF,2015,Evolução,J4,10
BJF,2015,Evolução,J3,10
BJF,2015,Evolução,J2,10
BJF,2015,Evolução,J1,10
BJF,2015,Alegorias e Adereços,J4,9.8
BJF,2015,Enredo,J4,10
BJF,2015,Enredo,J3,9.9
BJF,2015,Enredo,J2,10
BJF,2015,Enredo,J1,10
BJF,2015,Mestre-Sala e Porta-Bandeira,J2,10
BJF,2015,Mestre-Sala e Porta-Bandeira,J3,10
BJF,2015,Mestre-Sala e Porta-Bandeira,J4,10
BJF,2015,Comissão de Frente,J1,10
BJF,2015,Comissão de Frente,J2,9.8
BJF,2015,Mestre-Sala e Porta-Bandeira,J1,10
BJF,2015,Comissão de Frente,J3,10
BJF,2015,Comissão de Frente,J4,10
BJF,2015,Bateria,J4,10
BJF,2015,Bateria,J3,9.8
BJF,2015,Bateria,J2,10
BJF,2015,Alegorias e Adereços,J3,10
BJF,2015,Alegorias e Adereços,J2,10
BJF,2015,Alegorias e Adereços,J1,10
GRA,2015,Fantasias,J3,9.8
GRA,2015,Bateria,J4,10
GRA,2015,Bateria,J1,10
GRA,2015,Bateria,J2,10
GRA,2015,Bateria,J3,9.8
GRA,2015,Alegorias e Adereços,J4,9.9
GRA,2015,Alegorias e Adereços,J3,9.9
GRA,2015,Alegorias e Adereços,J2,9.8
GRA,2015,Enredo,J4,9.9
GRA,2015,Evolução,J1,10
GRA,2015,Evolução,J2,10
GRA,2015,Evolução,J3,9.9
GRA,2015,Fantasias,J2,9.9
GRA,2015,Fantasias,J1,10
GRA,2015,Harmonia,J4,9.8
GRA,2015,Harmonia,J3,10
GRA,2015,Harmonia,J2,9.9
GRA,2015,Harmonia,J1,10
GRA,2015,Mestre-Sala e Porta-Bandeira,J1,9.8
GRA,2015,Mestre-Sala e Porta-Bandeira,J2,9.8
GRA,2015,Mestre-Sala e Porta-Bandeira,J3,10
GRA,2015,Mestre-Sala e Porta-Bandeira,J4,9.9
GRA,2015,Comissão de Frente,J1,10
GRA,2015,Comissão de Frente,J2,10
GRA,2015,Comissão de Frente,J3,10
GRA,2015,Comissão de Frente,J4,10
GRA,2015,Samba-Enredo,J1,10
GRA,2015,Samba-Enredo,J2,10
GRA,2015,Samba-Enredo,J3,10
GRA,2015,Alegorias e Adereços,J1,9.9
GRA,2015,Evolução,J4,10
GRA,2015,Fantasias,J4,9.9
GRA,2015,Samba-Enredo,J4,9.8
GRA,2015,Enredo,J3,10
GRA,2015,Enredo,J2,10
GRA,2015,Enredo,J1,9.9
IMP,2015,Alegorias e Adereços,J4,10
IMP,2015,Mestre-Sala e Porta-Bandeira,J1,9.9
IMP,2015,Mestre-Sala e Porta-Bandeira,J2,10
IMP,2015,Samba-Enredo,J1,10
IMP,2015,Samba-Enredo,J2,10
IMP,2015,Enredo,J4,10
IMP,2015,Enredo,J3,10
IMP,2015,Enredo,J2,9.9
IMP,2015,Enredo,J1,10
IMP,2015,Bateria,J4,9.9
IMP,2015,Bateria,J3,9.9
IMP,2015,Bateria,J2,9.9
IMP,2015,Evolução,J1,10
IMP,2015,Harmonia,J1,9.9
IMP,2015,Harmonia,J2,9.8
IMP,2015,Evolução,J4,10
IMP,2015,Mestre-Sala e Porta-Bandeira,J3,9.8
IMP,2015,Comissão de Frente,J4,9.9
IMP,2015,Comissão de Frente,J3,9.9
IMP,2015,Evolução,J3,10
IMP,2015,Evolução,J2,9.9
IMP,2015,Comissão de Frente,J2,9.8
IMP,2015,Comissão de Frente,J1,10
IMP,2015,Bateria,J1,9.8
IMP,2015,Mestre-Sala e Porta-Bandeira,J4,9.9
IMP,2015,Harmonia,J3,10
IMP,2015,Harmonia,J4,9.9
IMP,2015,Fantasias,J1,10
IMP,2015,Samba-Enredo,J4,10
IMP,2015,Fantasias,J2,9.9
IMP,2015,Fantasias,J3,10
IMP,2015,Fantasias,J4,9.9
IMP,2015,Alegorias e Adereços,J1,9.9
IMP,2015,Alegorias e Adereços,J2,9.9
IMP,2015,Alegorias e Adereços,J3,10
IMP,2015,Samba-Enredo,J3,10
MAN,2015,Enredo,J2,9.9
MAN,2015,Evolução,J4,10
MAN,2015,Mestre-Sala e Porta-Bandeira,J4,10
MAN,2015,Comissão de Frente,J1,9.8
MAN,2015,Comissão de Frente,J2,9.7
MAN,2015,Comissão de Frente,J3,9.8
MAN,2015,Comissão de Frente,J4,9.9
MAN,2015,Samba-Enredo,J1,10
MAN,2015,Samba-Enredo,J2,10
MAN,2015,Samba-Enredo,J3,10
MAN,2015,Samba-Enredo,J4,10
MAN,2015,Bateria,J1,9.8
MAN,2015,Bateria,J2,9.8
MAN,2015,Bateria,J3,9.9
MAN,2015,Harmonia,J1,9.9
MAN,2015,Harmonia,J2,9.8
MAN,2015,Harmonia,J3,10
MAN,2015,Harmonia,J4,9.9
MAN,2015,Fantasias,J1,10
MAN,2015,Fantasias,J2,9.8
MAN,2015,Fantasias,J3,9.8
MAN,2015,Fantasias,J4,9.8
MAN,2015,Alegorias e Adereços,J1,9.7
MAN,2015,Alegorias e Adereços,J2,9.8
MAN,2015,Alegorias e Adereços,J3,9.8
MAN,2015,Alegorias e Adereços,J4,9.7
MAN,2015,Mestre-Sala e Porta-Bandeira,J1,10
MAN,2015,Mestre-Sala e Porta-Bandeira,J2,10
MAN,2015,Mestre-Sala e Porta-Bandeira,J3,10
MAN,2015,Evolução,J3,9.8
MAN,2015,Evolução,J2,9.8
MAN,2015,Evolução,J1,9.8
MAN,2015,Enredo,J4,9.9
MAN,2015,Enredo,J3,9.9
MAN,2015,Enredo,J1,9.9
MAN,2015,Bateria,J4,9.9
MOC,2015,Comissão de Frente,J1,9.9
MOC,2015,Harmonia,J1,10
MOC,2015,Harmonia,J2,10
MOC,2015,Harmonia,J3,9.8
MOC,2015,Harmonia,J4,10
MOC,2015,Fantasias,J1,9.9
MOC,2015,Fantasias,J2,10
MOC,2015,Fantasias,J3,9.8
MOC,2015,Fantasias,J4,9.9
MOC,2015,Alegorias e Adereços,J1,10
MOC,2015,Alegorias e Adereços,J2,10
MOC,2015,Alegorias e Adereços,J3,10
MOC,2015,Alegorias e Adereços,J4,9.9
MOC,2015,Mestre-Sala e Porta-Bandeira,J1,9.9
MOC,2015,Mestre-Sala e Porta-Bandeira,J2,9.8
MOC,2015,Mestre-Sala e Porta-Bandeira,J3,9.7
MOC,2015,Mestre-Sala e Porta-Bandeira,J4,9.8
MOC,2015,Evolução,J4,10
MOC,2015,Evolução,J3,10
MOC,2015,Evolução,J2,9.9
MOC,2015,Evolução,J1,9.9
MOC,2015,Enredo,J4,10
MOC,2015,Enredo,J3,10
MOC,2015,Enredo,J2,9.8
MOC,2015,Enredo,J1,10
MOC,2015,Bateria,J4,10
MOC,2015,Bateria,J3,9.9
MOC,2015,Bateria,J2,9.8
MOC,2015,Bateria,J1,9.9
MOC,2015,Samba-Enredo,J4,10
MOC,2015,Samba-Enredo,J3,9.8
MOC,2015,Samba-Enredo,J2,10
MOC,2015,Samba-Enredo,J1,9.6
MOC,2015,Comissão de Frente,J4,9.9
MOC,2015,Comissão de Frente,J3,9.8
MOC,2015,Comissão de Frente,J2,9.9
POR,2015,Comissão de Frente,J2,9.9
POR,2015,Comissão de Frente,J1,9.8
POR,2015,Mestre-Sala e Porta-Bandeira,J4,10
POR,2015,Mestre-Sala e Porta-Bandeira,J3,9.9
POR,2015,Mestre-Sala e Porta-Bandeira,J2,9.9
POR,2015,Mestre-Sala e Porta-Bandeira,J1,10
POR,2015,Alegorias e Adereços,J4,9.9
POR,2015,Alegorias e Adereços,J3,9.9
POR,2015,Alegorias e Adereços,J2,9.9
POR,2015,Alegorias e Adereços,J1,9.8
POR,2015,Fantasias,J4,10
POR,2015,Fantasias,J3,10
POR,2015,Fantasias,J2,10
POR,2015,Fantasias,J1,10
POR,2015,Harmonia,J4,10
POR,2015,Harmonia,J3,10
POR,2015,Harmonia,J2,10
POR,2015,Harmonia,J1,9.8
POR,2015,Evolução,J4,9.9
POR,2015,Evolução,J3,10
POR,2015,Evolução,J2,9.8
POR,2015,Evolução,J1,9.8
POR,2015,Enredo,J4,10
POR,2015,Enredo,J3,10
POR,2015,Enredo,J2,10
POR,2015,Enredo,J1,10
POR,2015,Bateria,J4,9.9
POR,2015,Bateria,J3,9.8
POR,2015,Bateria,J2,10
POR,2015,Bateria,J1,10
POR,2015,Samba-Enredo,J4,10
POR,2015,Samba-Enredo,J3,10
POR,2015,Samba-Enredo,J2,10
POR,2015,Samba-Enredo,J1,10
POR,2015,Comissão de Frente,J4,9.9
POR,2015,Comissão de Frente,J3,10
SAL,2015,Harmonia,J1,10
SAL,2015,Evolução,J4,10
SAL,2015,Harmonia,J2,10
SAL,2015,Harmonia,J3,10
SAL,2015,Harmonia,J4,10
SAL,2015,Fantasias,J1,10
SAL,2015,Fantasias,J2,10
SAL,2015,Fantasias,J3,10
SAL,2015,Fantasias,J4,10
SAL,2015,Alegorias e Adereços,J1,9.9
SAL,2015,Alegorias e Adereços,J2,10
SAL,2015,Alegorias e Adereços,J3,10
SAL,2015,Alegorias e Adereços,J4,10
SAL,2015,Mestre-Sala e Porta-Bandeira,J1,9.8
SAL,2015,Mestre-Sala e Porta-Bandeira,J2,9.9
SAL,2015,Mestre-Sala e Porta-Bandeira,J3,9.9
SAL,2015,Mestre-Sala e Porta-Bandeira,J4,10
SAL,2015,Comissão de Frente,J1,10
SAL,2015,Comissão de Frente,J2,10
SAL,2015,Comissão de Frente,J3,10
SAL,2015,Comissão de Frente,J4,10
SAL,2015,Samba-Enredo,J1,10
SAL,2015,Samba-Enredo,J2,10
SAL,2015,Samba-Enredo,J3,9.9
SAL,2015,Samba-Enredo,J4,10
SAL,2015,Bateria,J1,10
SAL,2015,Bateria,J2,9.9
SAL,2015,Bateria,J3,10
SAL,2015,Bateria,J4,10
SAL,2015,Enredo,J1,10
SAL,2015,Enredo,J2,9.9
SAL,2015,Enredo,J3,9.9
SAL,2015,Enredo,J4,9.9
SAL,2015,Evolução,J1,9.9
SAL,2015,Evolução,J2,9.9
SAL,2015,Evolução,J3,10
SCL,2015,Evolução,J3,9.6
SCL,2015,Mestre-Sala e Porta-Bandeira,J1,10
SCL,2015,Alegorias e Adereços,J4,9.9
SCL,2015,Alegorias e Adereços,J3,9.9
SCL,2015,Alegorias e Adereços,J2,9.9
SCL,2015,Alegorias e Adereços,J1,10
SCL,2015,Fantasias,J4,9.9
SCL,2015,Fantasias,J3,9.7
SCL,2015,Fantasias,J2,9.9
SCL,2015,Fantasias,J1,9.9
SCL,2015,Harmonia,J4,9.8
SCL,2015,Harmonia,J3,9.9
SCL,2015,Harmonia,J2,10
SCL,2015,Harmonia,J1,10
SCL,2015,Mestre-Sala e Porta-Bandeira,J2,10
SCL,2015,Mestre-Sala e Porta-Bandeira,J3,10
SCL,2015,Mestre-Sala e Porta-Bandeira,J4,10
SCL,2015,Comissão de Frente,J1,9.8
SCL,2015,Comissão de Frente,J2,9.8
SCL,2015,Comissão de Frente,J3,9.9
SCL,2015,Comissão de Frente,J4,9.8
SCL,2015,Samba-Enredo,J1,9.8
SCL,2015,Samba-Enredo,J2,9.8
SCL,2015,Samba-Enredo,J3,9.9
SCL,2015,Samba-Enredo,J4,9.9
SCL,2015,Bateria,J1,10
SCL,2015,Bateria,J2,10
SCL,2015,Bateria,J3,10
SCL,2015,Bateria,J4,10
SCL,2015,Enredo,J1,10
SCL,2015,Enredo,J2,10
SCL,2015,Enredo,J3,10
SCL,2015,Enredo,J4,9.8
SCL,2015,Evolução,J1,9.9
SCL,2015,Evolução,J2,10
SCL,2015,Evolução,J4,10
TIJ,2015,Evolução,J3,10
TIJ,2015,Evolução,J4,9.9
TIJ,2015,Harmonia,J1,10
TIJ,2015,Harmonia,J2,10
TIJ,2015,Harmonia,J3,10
TIJ,2015,Harmonia,J4,9.8
TIJ,2015,Fantasias,J1,9.9
TIJ,2015,Fantasias,J2,10
TIJ,2015,Fantasias,J3,9.9
TIJ,2015,Fantasias,J4,10
TIJ,2015,Alegorias e Adereços,J1,10
TIJ,2015,Alegorias e Adereços,J2,null
TIJ,2015,Alegorias e Adereços,J3,9.8
TIJ,2015,Alegorias e Adereços,J4,10
TIJ,2015,Mestre-Sala e Porta-Bandeira,J1,9.8
TIJ,2015,Mestre-Sala e Porta-Bandeira,J2,9.9
TIJ,2015,Mestre-Sala e Porta-Bandeira,J3,9.7
TIJ,2015,Mestre-Sala e Porta-Bandeira,J4,10
TIJ,2015,Comissão de Frente,J1,10
TIJ,2015,Comissão de Frente,J2,10
TIJ,2015,Comissão de Frente,J3,10
TIJ,2015,Comissão de Frente,J4,10
TIJ,2015,Samba-Enredo,J1,9.7
TIJ,2015,Samba-Enredo,J2,9.9
TIJ,2015,Samba-Enredo,J3,9.9
TIJ,2015,Samba-Enredo,J4,9.8
TIJ,2015,Bateria,J1,10
TIJ,2015,Bateria,J2,10
TIJ,2015,Bateria,J3,10
TIJ,2015,Bateria,J4,10
TIJ,2015,Enredo,J1,10
TIJ,2015,Enredo,J2,9.9
TIJ,2015,Enredo,J3,9.9
TIJ,2015,Enredo,J4,10
TIJ,2015,Evolução,J1,10
TIJ,2015,Evolução,J2,9.8
UNI,2015,Harmonia,J1,9.8
UNI,2015,Evolução,J4,9.8
UNI,2015,Evolução,J3,10
UNI,2015,Evolução,J2,9.8
UNI,2015,Evolução,J1,9.9
UNI,2015,Enredo,J4,9.9
UNI,2015,Enredo,J3,10
UNI,2015,Enredo,J2,9.8
UNI,2015,Enredo,J1,9.8
UNI,2015,Bateria,J4,9.9
UNI,2015,Bateria,J3,9.8
UNI,2015,Bateria,J2,9.8
UNI,2015,Bateria,J1,9.9
UNI,2015,Samba-Enredo,J4,9.9
UNI,2015,Samba-Enredo,J3,9.9
UNI,2015,Samba-Enredo,J2,10
UNI,2015,Samba-Enredo,J1,9.7
UNI,2015,Comissão de Frente,J4,10
UNI,2015,Comissão de Frente,J3,9.9
UNI,2015,Comissão de Frente,J2,10
UNI,2015,Comissão de Frente,J1,9.9
UNI,2015,Mestre-Sala e Porta-Bandeira,J4,9.8
UNI,2015,Mestre-Sala e Porta-Bandeira,J3,9.9
UNI,2015,Mestre-Sala e Porta-Bandeira,J2,9.9
UNI,2015,Mestre-Sala e Porta-Bandeira,J1,10
UNI,2015,Alegorias e Adereços,J4,10
UNI,2015,Alegorias e Adereços,J3,9.8
UNI,2015,Alegorias e Adereços,J2,9.8
UNI,2015,Alegorias e Adereços,J1,9.9
UNI,2015,Fantasias,J4,9.8
UNI,2015,Fantasias,J3,9.7
UNI,2015,Fantasias,J2,9.8
UNI,2015,Fantasias,J1,9.9
UNI,2015,Harmonia,J4,9.6
UNI,2015,Harmonia,J3,9.8
UNI,2015,Harmonia,J2,9.9
VIR,2015,Enredo,J4,9.8
VIR,2015,Evolução,J3,9.7
VIR,2015,Evolução,J2,9.8
VIR,2015,Evolução,J4,9.7
VIR,2015,Evolução,J1,9.7
VIR,2015,Enredo,J3,9.7
VIR,2015,Enredo,J2,9.7
VIR,2015,Enredo,J1,9.9
VIR,2015,Bateria,J4,9.8
VIR,2015,Bateria,J3,9.6
VIR,2015,Bateria,J2,9.7
VIR,2015,Bateria,J1,9.9
VIR,2015,Samba-Enredo,J4,9.9
VIR,2015,Samba-Enredo,J3,10
VIR,2015,Samba-Enredo,J2,10
VIR,2015,Samba-Enredo,J1,10
VIR,2015,Comissão de Frente,J4,9.7
VIR,2015,Harmonia,J1,9.7
VIR,2015,Harmonia,J2,9.7
VIR,2015,Harmonia,J3,9.7
VIR,2015,Harmonia,J4,9.8
VIR,2015,Fantasias,J1,9.7
VIR,2015,Fantasias,J2,9.7
VIR,2015,Fantasias,J3,9.6
VIR,2015,Fantasias,J4,9.6
VIR,2015,Alegorias e Adereços,J1,9.7
VIR,2015,Alegorias e Adereços,J2,9.7
VIR,2015,Alegorias e Adereços,J3,9.7
VIR,2015,Alegorias e Adereços,J4,9.7
VIR,2015,Mestre-Sala e Porta-Bandeira,J1,9.7
VIR,2015,Mestre-Sala e Porta-Bandeira,J2,9.7
VIR,2015,Mestre-Sala e Porta-Bandeira,J3,9.7
VIR,2015,Mestre-Sala e Porta-Bandeira,J4,9.8
VIR,2015,Comissão de Frente,J1,9.6
VIR,2015,Comissão de Frente,J2,9.7
VIR,2015,Comissão de Frente,J3,9.8
VIS,2015,Samba-Enredo,J4,9.8
VIS,2015,Comissão de Frente,J1,9.7
VIS,2015,Mestre-Sala e Porta-Bandeira,J4,9.8
VIS,2015,Mestre-Sala e Porta-Bandeira,J3,9.8
VIS,2015,Mestre-Sala e Porta-Bandeira,J2,9.9
VIS,2015,Mestre-Sala e Porta-Bandeira,J1,10
VIS,2015,Alegorias e Adereços,J4,9.8
VIS,2015,Alegorias e Adereços,J3,9.9
VIS,2015,Alegorias e Adereços,J2,9.9
VIS,2015,Alegorias e Adereços,J1,9.8
VIS,2015,Evolução,J4,9.8
VIS,2015,Evolução,J3,9.8
VIS,2015,Evolução,J2,9.8
VIS,2015,Evolução,J1,9.8
VIS,2015,Enredo,J4,9.8
VIS,2015,Enredo,J3,9.6
VIS,2015,Enredo,J2,9.7
VIS,2015,Enredo,J1,9.9
VIS,2015,Bateria,J4,9.9
VIS,2015,Bateria,J3,9.7
VIS,2015,Bateria,J2,10
VIS,2015,Bateria,J1,9.9
VIS,2015,Samba-Enredo,J3,10
VIS,2015,Samba-Enredo,J2,9.9
VIS,2015,Samba-Enredo,J1,9.7
VIS,2015,Comissão de Frente,J4,9.8
VIS,2015,Comissão de Frente,J3,9.8
VIS,2015,Comissão de Frente,J2,9.9
VIS,2015,Fantasias,J4,9.8
VIS,2015,Fantasias,J3,10
VIS,2015,Fantasias,J2,9.8
VIS,2015,Fantasias,J1,9.8
VIS,2015,Harmonia,J4,9.7
VIS,2015,Harmonia,J3,9.9
VIS,2015,Harmonia,J2,9.8
VIS,2015,Harmonia,J1,9.8
BJF,2016,Mestre-Sala e Porta-Bandeira,J1,10
BJF,2016,Samba-Enredo,J1,10
BJF,2016,Samba-Enredo,J2,10
BJF,2016,Samba-Enredo,J3,10
BJF,2016,Samba-Enredo,J4,9.9
BJF,2016,Mestre-Sala e Porta-Bandeira,J2,10
BJF,2016,Mestre-Sala e Porta-Bandeira,J3,10
BJF,2016,Mestre-Sala e Porta-Bandeira,J4,10
BJF,2016,Harmonia,J1,10
BJF,2016,Harmonia,J2,10
BJF,2016,Harmonia,J3,10
BJF,2016,Harmonia,J4,10
BJF,2016,Evolução,J1,10
BJF,2016,Evolução,J2,10
BJF,2016,Evolução,J3,10
BJF,2016,Evolução,J4,9.9
BJF,2016,Bateria,*,10
BJF,2016,Enredo,J1,9.9
BJF,2016,Enredo,J2,9.9
BJF,2016,Enredo,J3,9.9
BJF,2016,Enredo,J4,9.9
BJF,2016,Comissão de Frente,J1,10
BJF,2016,Comissão de Frente,J2,10
BJF,2016,Comissão de Frente,J3,10
BJF,2016,Fantasias,J1,9.8
BJF,2016,Fantasias,J4,9.9
BJF,2016,Fantasias,J3,9.8
BJF,2016,Fantasias,J2,10
BJF,2016,Comissão de Frente,J4,10
BJF,2016,Bateria,J2,10
BJF,2016,Bateria,J3,9.9
BJF,2016,Bateria,J4,9.9
BJF,2016,Alegorias e Adereços,J1,10
BJF,2016,Alegorias e Adereços,J2,10
BJF,2016,Alegorias e Adereços,J3,10
BJF,2016,Alegorias e Adereços,J4,10
EST,2016,Enredo,J4,9.8
EST,2016,Comissão de Frente,J1,9.9
EST,2016,Enredo,J3,9.8
EST,2016,Enredo,J2,9.8
EST,2016,Enredo,J1,9.8
EST,2016,Samba-Enredo,J4,9.8
EST,2016,Samba-Enredo,J3,9.9
EST,2016,Samba-Enredo,J2,9.8
EST,2016,Samba-Enredo,J1,9.7
EST,2016,Mestre-Sala e Porta-Bandeira,J3,9.8
EST,2016,Mestre-Sala e Porta-Bandeira,J4,9.8
EST,2016,Harmonia,J1,9.7
EST,2016,Harmonia,J2,9.8
EST,2016,Harmonia,J3,9.7
EST,2016,Harmonia,J4,9.8
EST,2016,Evolução,J1,9.7
EST,2016,Evolução,J2,9.7
EST,2016,Evolução,J3,9.7
EST,2016,Evolução,J4,9.8
EST,2016,Bateria,*,10
EST,2016,Bateria,J2,9.9
EST,2016,Bateria,J3,10
EST,2016,Bateria,J4,10
EST,2016,Alegorias e Adereços,J1,9.9
EST,2016,Alegorias e Adereços,J2,9.7
EST,2016,Alegorias e Adereços,J3,9.7
EST,2016,Alegorias e Adereços,J4,9.8
EST,2016,Mestre-Sala e Porta-Bandeira,J2,9.8
EST,2016,Mestre-Sala e Porta-Bandeira,J1,9.8
EST,2016,Fantasias,J4,9.7
EST,2016,Fantasias,J3,9.8
EST,2016,Fantasias,J2,9.8
EST,2016,Fantasias,J1,9.8
EST,2016,Comissão de Frente,J4,9.8
EST,2016,Comissão de Frente,J3,9.7
EST,2016,Comissão de Frente,J2,9.6
GRA,2016,Comissão de Frente,J1,10
GRA,2016,Samba-Enredo,J3,9.9
GRA,2016,Samba-Enredo,J2,10
GRA,2016,Samba-Enredo,J1,10
GRA,2016,Samba-Enredo,J4,9.7
GRA,2016,Enredo,J1,9.9
GRA,2016,Enredo,J2,9.8
GRA,2016,Enredo,J3,9.9
GRA,2016,Comissão de Frente,J2,10
GRA,2016,Enredo,J4,9.7
GRA,2016,Comissão de Frente,J3,10
GRA,2016,Comissão de Frente,J4,10
GRA,2016,Fantasias,J1,9.9
GRA,2016,Fantasias,J2,9.7
GRA,2016,Fantasias,J3,9.7
GRA,2016,Fantasias,J4,9.9
GRA,2016,Alegorias e Adereços,J4,9.9
GRA,2016,Alegorias e Adereços,J3,9.8
GRA,2016,Alegorias e Adereços,J2,9.9
GRA,2016,Alegorias e Adereços,J1,10
GRA,2016,Bateria,J4,10
GRA,2016,Bateria,J3,10
GRA,2016,Bateria,J2,10
GRA,2016,Bateria,*,10
GRA,2016,Evolução,J4,9.9
GRA,2016,Evolução,J3,10
GRA,2016,Evolução,J2,10
GRA,2016,Evolução,J1,10
GRA,2016,Harmonia,J4,10
GRA,2016,Harmonia,J3,9.9
GRA,2016,Harmonia,J2,10
GRA,2016,Harmonia,J1,9.9
GRA,2016,Mestre-Sala e Porta-Bandeira,J4,10
GRA,2016,Mestre-Sala e Porta-Bandeira,J3,10
GRA,2016,Mestre-Sala e Porta-Bandeira,J2,10
GRA,2016,Mestre-Sala e Porta-Bandeira,J1,10
IMP,2016,Samba-Enredo,J2,10
IMP,2016,Alegorias e Adereços,J4,9.9
IMP,2016,Alegorias e Adereços,J3,10
IMP,2016,Alegorias e Adereços,J2,10
IMP,2016,Alegorias e Adereços,J1,10
IMP,2016,Bateria,J4,10
IMP,2016,Bateria,J3,10
IMP,2016,Bateria,J2,10
IMP,2016,Bateria,*,10
IMP,2016,Evolução,J4,10
IMP,2016,Evolução,J3,10
IMP,2016,Evolução,J2,9.8
IMP,2016,Evolução,J1,10
IMP,2016,Harmonia,J4,10
IMP,2016,Harmonia,J3,9.9
IMP,2016,Harmonia,J2,10
IMP,2016,Harmonia,J1,10
IMP,2016,Mestre-Sala e Porta-Bandeira,J4,10
IMP,2016,Mestre-Sala e Porta-Bandeira,J3,9.8
IMP,2016,Mestre-Sala e Porta-Bandeira,J2,9.9
IMP,2016,Mestre-Sala e Porta-Bandeira,J1,9.9
IMP,2016,Fantasias,J4,9.9
IMP,2016,Fantasias,J3,9.9
IMP,2016,Fantasias,J2,9.8
IMP,2016,Fantasias,J1,10
IMP,2016,Comissão de Frente,J4,9.8
IMP,2016,Comissão de Frente,J3,9.9
IMP,2016,Comissão de Frente,J2,10
IMP,2016,Comissão de Frente,J1,9.9
IMP,2016,Enredo,J4,9.9
IMP,2016,Enredo,J3,10
IMP,2016,Enredo,J2,9.9
IMP,2016,Enredo,J1,9.9
IMP,2016,Samba-Enredo,J4,10
IMP,2016,Samba-Enredo,J3,10
IMP,2016,Samba-Enredo,J1,9.9
MAN,2016,Alegorias e Adereços,J1,10
MAN,2016,Alegorias e Adereços,J2,10
MAN,2016,Alegorias e Adereços,J3,10
MAN,2016,Alegorias e Adereços,J4,10
MAN,2016,Samba-Enredo,J4,10
MAN,2016,Enredo,J1,10
MAN,2016,Enredo,J2,10
MAN,2016,Enredo,J3,10
MAN,2016,Enredo,J4,10
MAN,2016,Comissão de Frente,J1,9.9
MAN,2016,Comissão de Frente,J2,9.9
MAN,2016,Comissão de Frente,J3,10
MAN,2016,Comissão de Frente,J4,9.8
MAN,2016,Fantasias,J1,9.9
MAN,2016,Fantasias,J2,10
MAN,2016,Fantasias,J3,10
MAN,2016,Samba-Enredo,J3,10
MAN,2016,Fantasias,J4,10
MAN,2016,Mestre-Sala e Porta-Bandeira,J1,10
MAN,2016,Samba-Enredo,J2,10
MAN,2016,Samba-Enredo,J1,10
MAN,2016,Mestre-Sala e Porta-Bandeira,J2,10
MAN,2016,Mestre-Sala e Porta-Bandeira,J3,10
MAN,2016,Mestre-Sala e Porta-Bandeira,J4,10
MAN,2016,Harmonia,J1,10
MAN,2016,Harmonia,J2,10
MAN,2016,Harmonia,J3,10
MAN,2016,Harmonia,J4,10
MAN,2016,Evolução,J1,9.9
MAN,2016,Evolução,J2,10
MAN,2016,Evolução,J3,10
MAN,2016,Evolução,J4,10
MAN,2016,Bateria,*,10
MAN,2016,Bateria,J2,9.9
MAN,2016,Bateria,J3,10
MAN,2016,Bateria,J4,10
MOC,2016,Evolução,J3,9.9
MOC,2016,Fantasias,J4,9.8
MOC,2016,Fantasias,J3,9.8
MOC,2016,Fantasias,J2,9.7
MOC,2016,Alegorias e Adereços,J4,9.8
MOC,2016,Alegorias e Adereços,J3,9.8
MOC,2016,Alegorias e Adereços,J2,9.6
MOC,2016,Alegorias e Adereços,J1,9.9
MOC,2016,Bateria,J4,9.9
MOC,2016,Bateria,J3,9.9
MOC,2016,Bateria,J2,9.8
MOC,2016,Bateria,*,9.9
MOC,2016,Evolução,J4,9.8
MOC,2016,Mestre-Sala e Porta-Bandeira,J1,9.9
MOC,2016,Evolução,J2,9.8
MOC,2016,Evolução,J1,9.8
MOC,2016,Harmonia,J4,9.9
MOC,2016,Harmonia,J3,9.9
MOC,2016,Harmonia,J2,9.9
MOC,2016,Comissão de Frente,J4,9.9
MOC,2016,Comissão de Frente,J3,9.9
MOC,2016,Comissão de Frente,J2,9.8
MOC,2016,Comissão de Frente,J1,9.9
MOC,2016,Enredo,J4,9.9
MOC,2016,Enredo,J3,9.9
MOC,2016,Enredo,J2,9.9
MOC,2016,Enredo,J1,9.9
MOC,2016,Samba-Enredo,J4,9.8
MOC,2016,Samba-Enredo,J3,9.8
MOC,2016,Samba-Enredo,J2,9.8
MOC,2016,Samba-Enredo,J1,9.7
MOC,2016,Fantasias,J1,9.9
MOC,2016,Mestre-Sala e Porta-Bandeira,J4,9.9
MOC,2016,Mestre-Sala e Porta-Bandeira,J3,9.9
MOC,2016,Mestre-Sala e Porta-Bandeira,J2,10
MOC,2016,Harmonia,J1,9.8
POR,2016,Alegorias e Adereços,J4,10
POR,2016,Fantasias,J2,10
POR,2016,Comissão de Frente,J2,9.8
POR,2016,Fantasias,J3,10
POR,2016,Alegorias e Adereços,J3,10
POR,2016,Alegorias e Adereços,J2,10
POR,2016,Alegorias e Adereços,J1,10
POR,2016,Bateria,J4,9.9
POR,2016,Bateria,J3,10
POR,2016,Bateria,J2,10
POR,2016,Bateria,*,10
POR,2016,Evolução,J4,10
POR,2016,Evolução,J3,10
POR,2016,Evolução,J2,10
POR,2016,Fantasias,J4,10
POR,2016,Mestre-Sala e Porta-Bandeira,J1,10
POR,2016,Comissão de Frente,J3,10
POR,2016,Mestre-Sala e Porta-Bandeira,J2,9.9
POR,2016,Samba-Enredo,J1,10
POR,2016,Samba-Enredo,J2,10
POR,2016,Samba-Enredo,J3,10
POR,2016,Evolução,J1,10
POR,2016,Harmonia,J4,10
POR,2016,Harmonia,J3,10
POR,2016,Harmonia,J2,10
POR,2016,Harmonia,J1,10
POR,2016,Mestre-Sala e Porta-Bandeira,J4,9.9
POR,2016,Mestre-Sala e Porta-Bandeira,J3,10
POR,2016,Fantasias,J1,10
POR,2016,Samba-Enredo,J4,10
POR,2016,Enredo,J1,10
POR,2016,Comissão de Frente,J4,9.9
POR,2016,Enredo,J2,10
POR,2016,Enredo,J3,9.9
POR,2016,Enredo,J4,9.9
POR,2016,Comissão de Frente,J1,10
SAL,2016,Bateria,J4,10
SAL,2016,Alegorias e Adereços,J4,9.9
SAL,2016,Alegorias e Adereços,J3,9.8
SAL,2016,Alegorias e Adereços,J2,9.9
SAL,2016,Alegorias e Adereços,J1,9.9
SAL,2016,Bateria,J3,10
SAL,2016,Bateria,J2,10
SAL,2016,Bateria,*,10
SAL,2016,Evolução,J4,10
SAL,2016,Evolução,J3,10
SAL,2016,Evolução,J2,10
SAL,2016,Evolução,J1,10
SAL,2016,Harmonia,J4,10
SAL,2016,Harmonia,J3,10
SAL,2016,Harmonia,J2,10
SAL,2016,Harmonia,J1,10
SAL,2016,Mestre-Sala e Porta-Bandeira,J4,10
SAL,2016,Mestre-Sala e Porta-Bandeira,J3,10
SAL,2016,Mestre-Sala e Porta-Bandeira,J2,10
SAL,2016,Mestre-Sala e Porta-Bandeira,J1,10
SAL,2016,Fantasias,J4,9.8
SAL,2016,Fantasias,J3,10
SAL,2016,Fantasias,J2,9.9
SAL,2016,Fantasias,J1,9.9
SAL,2016,Comissão de Frente,J4,9.9
SAL,2016,Comissão de Frente,J3,10
SAL,2016,Comissão de Frente,J2,10
SAL,2016,Comissão de Frente,J1,10
SAL,2016,Enredo,J4,10
SAL,2016,Enredo,J3,10
SAL,2016,Enredo,J2,10
SAL,2016,Enredo,J1,10
SAL,2016,Samba-Enredo,J4,10
SAL,2016,Samba-Enredo,J3,10
SAL,2016,Samba-Enredo,J2,10
SAL,2016,Samba-Enredo,J1,10
SCL,2016,Alegorias e Adereços,J4,9.9
SCL,2016,Bateria,J2,9.9
SCL,2016,Bateria,*,10
SCL,2016,Evolução,J4,9.8
SCL,2016,Evolução,J3,9.8
SCL,2016,Evolução,J2,9.7
SCL,2016,Evolução,J1,9.8
SCL,2016,Harmonia,J4,9.9
SCL,2016,Harmonia,J3,10
SCL,2016,Harmonia,J2,9.9
SCL,2016,Harmonia,J1,9.8
SCL,2016,Mestre-Sala e Porta-Bandeira,J4,9.9
SCL,2016,Mestre-Sala e Porta-Bandeira,J3,10
SCL,2016,Mestre-Sala e Porta-Bandeira,J2,10
SCL,2016,Mestre-Sala e Porta-Bandeira,J1,9.9
SCL,2016,Fantasias,J4,10
SCL,2016,Fantasias,J3,10
SCL,2016,Fantasias,J2,10
SCL,2016,Fantasias,J1,9.9
SCL,2016,Comissão de Frente,J4,10
SCL,2016,Comissão de Frente,J3,10
SCL,2016,Comissão de Frente,J2,9.8
SCL,2016,Comissão de Frente,J1,9.8
SCL,2016,Enredo,J4,10
SCL,2016,Enredo,J3,9.8
SCL,2016,Enredo,J2,10
SCL,2016,Enredo,J1,9.7
SCL,2016,Samba-Enredo,J4,9.7
SCL,2016,Samba-Enredo,J3,9.8
SCL,2016,Samba-Enredo,J2,9.8
SCL,2016,Samba-Enredo,J1,9.8
SCL,2016,Bateria,J3,10
SCL,2016,Bateria,J4,10
SCL,2016,Alegorias e Adereços,J1,9.9
SCL,2016,Alegorias e Adereços,J2,9.9
SCL,2016,Alegorias e Adereços,J3,9.9
TIJ,2016,Evolução,J3,10
TIJ,2016,Alegorias e Adereços,J1,10
TIJ,2016,Alegorias e Adereços,J2,10
TIJ,2016,Alegorias e Adereços,J3,10
TIJ,2016,Alegorias e Adereços,J4,10
TIJ,2016,Samba-Enredo,J1,10
TIJ,2016,Samba-Enredo,J2,10
TIJ,2016,Samba-Enredo,J3,10
TIJ,2016,Samba-Enredo,J4,10
TIJ,2016,Enredo,J1,9.9
TIJ,2016,Enredo,J2,9.9
TIJ,2016,Enredo,J3,9.9
TIJ,2016,Enredo,J4,10
TIJ,2016,Comissão de Frente,J1,10
TIJ,2016,Comissão de Frente,J2,10
TIJ,2016,Comissão de Frente,J3,10
TIJ,2016,Comissão de Frente,J4,9.9
TIJ,2016,Fantasias,J1,10
TIJ,2016,Fantasias,J2,10
TIJ,2016,Fantasias,J3,10
TIJ,2016,Fantasias,J4,10
TIJ,2016,Mestre-Sala e Porta-Bandeira,J1,10
TIJ,2016,Mestre-Sala e Porta-Bandeira,J2,9.9
TIJ,2016,Mestre-Sala e Porta-Bandeira,J3,9.9
TIJ,2016,Mestre-Sala e Porta-Bandeira,J4,10
TIJ,2016,Harmonia,J1,10
TIJ,2016,Harmonia,J2,10
TIJ,2016,Harmonia,J3,10
TIJ,2016,Harmonia,J4,9.9
TIJ,2016,Evolução,J1,10
TIJ,2016,Evolução,J2,9.9
TIJ,2016,Evolução,J4,10
TIJ,2016,Bateria,*,10
TIJ,2016,Bateria,J2,10
TIJ,2016,Bateria,J3,10
TIJ,2016,Bateria,J4,9.9
UNI,2016,Alegorias e Adereços,J3,9.8
UNI,2016,Samba-Enredo,J1,9.7
UNI,2016,Samba-Enredo,J2,9.9
UNI,2016,Samba-Enredo,J3,9.7
UNI,2016,Samba-Enredo,J4,9.8
UNI,2016,Enredo,J1,9.7
UNI,2016,Enredo,J2,9.8
UNI,2016,Enredo,J3,9.9
UNI,2016,Enredo,J4,9.7
UNI,2016,Comissão de Frente,J1,9.8
UNI,2016,Comissão de Frente,J2,9.7
UNI,2016,Comissão de Frente,J3,9.8
UNI,2016,Comissão de Frente,J4,9.8
UNI,2016,Fantasias,J1,9.8
UNI,2016,Fantasias,J2,9.8
UNI,2016,Fantasias,J3,9.8
UNI,2016,Fantasias,J4,9.7
UNI,2016,Mestre-Sala e Porta-Bandeira,J1,9.8
UNI,2016,Mestre-Sala e Porta-Bandeira,J2,9.8
UNI,2016,Mestre-Sala e Porta-Bandeira,J3,9.8
UNI,2016,Mestre-Sala e Porta-Bandeira,J4,9.8
UNI,2016,Harmonia,J1,9.8
UNI,2016,Harmonia,J2,9.9
UNI,2016,Harmonia,J3,9.8
UNI,2016,Harmonia,J4,9.9
UNI,2016,Evolução,J1,9.9
UNI,2016,Evolução,J2,9.9
UNI,2016,Evolução,J3,9.9
UNI,2016,Evolução,J4,9.9
UNI,2016,Bateria,*,10
UNI,2016,Bateria,J2,10
UNI,2016,Alegorias e Adereços,J4,9.7
UNI,2016,Bateria,J3,9.9
UNI,2016,Bateria,J4,10
UNI,2016,Alegorias e Adereços,J1,9.9
UNI,2016,Alegorias e Adereços,J2,9.8
VIS,2016,Harmonia,J4,9.9
VIS,2016,Samba-Enredo,J1,10
VIS,2016,Samba-Enredo,J2,10
VIS,2016,Samba-Enredo,J3,10
VIS,2016,Samba-Enredo,J4,9.9
VIS,2016,Enredo,J1,10
VIS,2016,Enredo,J2,9.8
VIS,2016,Enredo,J3,10
VIS,2016,Enredo,J4,10
VIS,2016,Comissão de Frente,J1,9.8
VIS,2016,Comissão de Frente,J2,9.8
VIS,2016,Comissão de Frente,J3,9.8
VIS,2016,Comissão de Frente,J4,9.8
VIS,2016,Fantasias,J1,10
VIS,2016,Fantasias,J2,9.8
VIS,2016,Fantasias,J3,9.8
VIS,2016,Fantasias,J4,9.9
VIS,2016,Mestre-Sala e Porta-Bandeira,J1,9.9
VIS,2016,Mestre-Sala e Porta-Bandeira,J2,9.9
VIS,2016,Mestre-Sala e Porta-Bandeira,J3,9.8
VIS,2016,Mestre-Sala e Porta-Bandeira,J4,10
VIS,2016,Harmonia,J1,9.8
VIS,2016,Harmonia,J2,10
VIS,2016,Harmonia,J3,9.9
VIS,2016,Evolução,J1,9.8
VIS,2016,Evolução,J2,9.9
VIS,2016,Evolução,J3,9.8
VIS,2016,Evolução,J4,9.9
VIS,2016,Bateria,*,9.9
VIS,2016,Bateria,J2,9.9
VIS,2016,Bateria,J3,9.9
VIS,2016,Bateria,J4,9.9
VIS,2016,Alegorias e Adereços,J1,10
VIS,2016,Alegorias e Adereços,J2,9.9
VIS,2016,Alegorias e Adereços,J3,9.8
VIS,2016,Alegorias e Adereços,J4,10
BJF,2017,Fantasias,J2,9.9
BJF,2017,Fantasias,J3,9.9
BJF,2017,Fantasias,J4,9.8
BJF,2017,Samba-Enredo,J1,10
BJF,2017,Samba-Enredo,J2,9.9
BJF,2017,Samba-Enredo,J3,9.9
BJF,2017,Samba-Enredo,J4,10
BJF,2017,Comissão de Frente,J1,9.9
BJF,2017,Comissão de Frente,J2,10
BJF,2017,Comissão de Frente,J3,10
BJF,2017,Comissão de Frente,J4,10
BJF,2017,Evolução,J1,10
BJF,2017,Evolução,J2,10
BJF,2017,Evolução,J3,9.9
BJF,2017,Evolução,J4,10
BJF,2017,Harmonia,J1,10
BJF,2017,Harmonia,J2,10
BJF,2017,Harmonia,J3,10
BJF,2017,Harmonia,J4,10
BJF,2017,Mestre-Sala e Porta-Bandeira,J1,9.9
BJF,2017,Mestre-Sala e Porta-Bandeira,J2,10
BJF,2017,Mestre-Sala e Porta-Bandeira,J3,10
BJF,2017,Mestre-Sala e Porta-Bandeira,J4,9.9
BJF,2017,Enredo,J1,9.9
BJF,2017,Enredo,J2,10
BJF,2017,Enredo,J3,9.8
BJF,2017,Enredo,J4,9.9
BJF,2017,Pen.,Pen.,0
BJF,2017,Bateria,J1,9.9
BJF,2017,Alegorias e Adereços,J4,10
BJF,2017,Alegorias e Adereços,J3,10
BJF,2017,Alegorias e Adereços,J2,10
BJF,2017,Alegorias e Adereços,J1,10
BJF,2017,Bateria,J3,10
BJF,2017,Bateria,J2,10
BJF,2017,Bateria,J4,10
BJF,2017,Fantasias,J1,9.7
GRA,2017,Fantasias,J1,9.9
GRA,2017,Alegorias e Adereços,J1,10
GRA,2017,Harmonia,J3,10
GRA,2017,Harmonia,J2,10
GRA,2017,Harmonia,J1,10
GRA,2017,Evolução,J4,10
GRA,2017,Evolução,J3,10
GRA,2017,Evolução,J2,10
GRA,2017,Evolução,J1,9.9
GRA,2017,Comissão de Frente,J4,10
GRA,2017,Comissão de Frente,J3,10
GRA,2017,Comissão de Frente,J2,10
GRA,2017,Comissão de Frente,J1,9.9
GRA,2017,Samba-Enredo,J4,9.8
GRA,2017,Samba-Enredo,J3,10
GRA,2017,Samba-Enredo,J2,10
GRA,2017,Samba-Enredo,J1,10
GRA,2017,Fantasias,J4,10
GRA,2017,Fantasias,J3,10
GRA,2017,Fantasias,J2,10
GRA,2017,Enredo,J4,10
GRA,2017,Enredo,J3,10
GRA,2017,Enredo,J2,10
GRA,2017,Enredo,J1,9.8
GRA,2017,Mestre-Sala e Porta-Bandeira,J4,9.9
GRA,2017,Harmonia,J4,10
GRA,2017,Bateria,J4,9.8
GRA,2017,Bateria,J3,9.9
GRA,2017,Bateria,J2,9.9
GRA,2017,Bateria,J1,9.8
GRA,2017,Alegorias e Adereços,J4,10
GRA,2017,Alegorias e Adereços,J3,9.9
GRA,2017,Alegorias e Adereços,J2,10
GRA,2017,Pen.,Pen.,0
GRA,2017,Mestre-Sala e Porta-Bandeira,J3,9.9
GRA,2017,Mestre-Sala e Porta-Bandeira,J2,10
GRA,2017,Mestre-Sala e Porta-Bandeira,J1,9.9
IMP,2017,Fantasias,J2,9.9
IMP,2017,Fantasias,J3,10
IMP,2017,Alegorias e Adereços,J1,9.9
IMP,2017,Bateria,J1,10
IMP,2017,Alegorias e Adereços,J4,9.9
IMP,2017,Harmonia,J2,9.9
IMP,2017,Harmonia,J1,9.9
IMP,2017,Evolução,J4,9.9
IMP,2017,Evolução,J3,9.9
IMP,2017,Evolução,J2,9.8
IMP,2017,Enredo,J2,9.9
IMP,2017,Enredo,J3,9.9
IMP,2017,Enredo,J4,9.9
IMP,2017,Fantasias,J4,10
IMP,2017,Samba-Enredo,J1,10
IMP,2017,Samba-Enredo,J2,9.8
IMP,2017,Samba-Enredo,J3,10
IMP,2017,Samba-Enredo,J4,9.9
IMP,2017,Comissão de Frente,J1,9.8
IMP,2017,Comissão de Frente,J2,9.9
IMP,2017,Comissão de Frente,J3,9.9
IMP,2017,Comissão de Frente,J4,9.8
IMP,2017,Evolução,J1,10
IMP,2017,Alegorias e Adereços,J2,9.9
IMP,2017,Alegorias e Adereços,J3,9.9
IMP,2017,Pen.,Pen.,0
IMP,2017,Harmonia,J3,9.9
IMP,2017,Harmonia,J4,10
IMP,2017,Mestre-Sala e Porta-Bandeira,J1,10
IMP,2017,Mestre-Sala e Porta-Bandeira,J2,10
IMP,2017,Mestre-Sala e Porta-Bandeira,J3,10
IMP,2017,Mestre-Sala e Porta-Bandeira,J4,9.9
IMP,2017,Enredo,J1,10
IMP,2017,Bateria,J2,10
IMP,2017,Bateria,J3,10
IMP,2017,Bateria,J4,10
IMP,2017,Fantasias,J1,9.9
MAN,2017,Enredo,J2,10
MAN,2017,Alegorias e Adereços,J4,10
MAN,2017,Bateria,J1,10
MAN,2017,Bateria,J2,10
MAN,2017,Bateria,J3,9.9
MAN,2017,Bateria,J4,10
MAN,2017,Fantasias,J1,10
MAN,2017,Fantasias,J2,10
MAN,2017,Fantasias,J3,9.9
MAN,2017,Fantasias,J4,10
MAN,2017,Samba-Enredo,J1,10
MAN,2017,Samba-Enredo,J2,10
MAN,2017,Samba-Enredo,J3,10
MAN,2017,Samba-Enredo,J4,10
MAN,2017,Comissão de Frente,J1,9.9
MAN,2017,Comissão de Frente,J2,10
MAN,2017,Comissão de Frente,J3,9.9
MAN,2017,Comissão de Frente,J4,9.9
MAN,2017,Evolução,J1,10
MAN,2017,Evolução,J2,9.9
MAN,2017,Evolução,J3,9.8
MAN,2017,Evolução,J4,10
MAN,2017,Harmonia,J1,10
MAN,2017,Harmonia,J2,10
MAN,2017,Harmonia,J3,9.9
MAN,2017,Harmonia,J4,9.9
MAN,2017,Mestre-Sala e Porta-Bandeira,J1,10
MAN,2017,Mestre-Sala e Porta-Bandeira,J2,10
MAN,2017,Mestre-Sala e Porta-Bandeira,J3,10
MAN,2017,Mestre-Sala e Porta-Bandeira,J4,10
MAN,2017,Enredo,J1,10
MAN,2017,Enredo,J3,10
MAN,2017,Enredo,J4,10
MAN,2017,Pen.,Pen.,0
MAN,2017,Alegorias e Adereços,J1,10
MAN,2017,Alegorias e Adereços,J2,10
MAN,2017,Alegorias e Adereços,J3,10
MOC,2017,Pen.,Pen.,0
MOC,2017,Evolução,J1,10
MOC,2017,Fantasias,J4,10
MOC,2017,Fantasias,J3,10
MOC,2017,Fantasias,J2,10
MOC,2017,Fantasias,J1,9.9
MOC,2017,Bateria,J4,10
MOC,2017,Bateria,J3,9.8
MOC,2017,Bateria,J2,10
MOC,2017,Bateria,J1,9.9
MOC,2017,Alegorias e Adereços,J4,10
MOC,2017,Alegorias e Adereços,J3,9.9
MOC,2017,Alegorias e Adereços,J2,10
MOC,2017,Alegorias e Adereços,J1,10
MOC,2017,Comissão de Frente,J4,10
MOC,2017,Comissão de Frente,J3,9.9
MOC,2017,Comissão de Frente,J2,10
MOC,2017,Comissão de Frente,J1,10
MOC,2017,Samba-Enredo,J3,10
MOC,2017,Samba-Enredo,J4,10
MOC,2017,Samba-Enredo,J1,9.9
MOC,2017,Samba-Enredo,J2,10
MOC,2017,Enredo,J3,10
MOC,2017,Enredo,J2,9.9
MOC,2017,Enredo,J1,9.9
MOC,2017,Mestre-Sala e Porta-Bandeira,J4,10
MOC,2017,Mestre-Sala e Porta-Bandeira,J3,10
MOC,2017,Mestre-Sala e Porta-Bandeira,J2,10
MOC,2017,Mestre-Sala e Porta-Bandeira,J1,9.8
MOC,2017,Harmonia,J4,10
MOC,2017,Harmonia,J3,10
MOC,2017,Harmonia,J2,10
MOC,2017,Harmonia,J1,9.9
MOC,2017,Evolução,J4,9.8
MOC,2017,Evolução,J3,10
MOC,2017,Evolução,J2,10
MOC,2017,Enredo,J4,10
POR,2017,Harmonia,J2,10
POR,2017,Alegorias e Adereços,J1,10
POR,2017,Alegorias e Adereços,J2,10
POR,2017,Alegorias e Adereços,J3,10
POR,2017,Evolução,J2,10
POR,2017,Evolução,J3,10
POR,2017,Evolução,J4,10
POR,2017,Harmonia,J3,10
POR,2017,Harmonia,J4,10
POR,2017,Mestre-Sala e Porta-Bandeira,J1,10
POR,2017,Mestre-Sala e Porta-Bandeira,J2,10
POR,2017,Mestre-Sala e Porta-Bandeira,J3,10
POR,2017,Mestre-Sala e Porta-Bandeira,J4,10
POR,2017,Enredo,J1,10
POR,2017,Fantasias,J2,10
POR,2017,Fantasias,J3,10
POR,2017,Fantasias,J4,10
POR,2017,Samba-Enredo,J1,10
POR,2017,Samba-Enredo,J2,9.9
POR,2017,Samba-Enredo,J3,10
POR,2017,Samba-Enredo,J4,10
POR,2017,Enredo,J2,10
POR,2017,Enredo,J3,10
POR,2017,Enredo,J4,10
POR,2017,Pen.,Pen.,0
POR,2017,Bateria,J2,10
POR,2017,Bateria,J3,10
POR,2017,Bateria,J4,10
POR,2017,Comissão de Frente,J1,9.9
POR,2017,Comissão de Frente,J3,10
POR,2017,Comissão de Frente,J4,10
POR,2017,Fantasias,J1,10
POR,2017,Bateria,J1,10
POR,2017,Alegorias e Adereços,J4,10
POR,2017,Evolução,J1,10
POR,2017,Comissão de Frente,J2,9.9
POR,2017,Harmonia,J1,10
SAL,2017,Comissão de Frente,J4,10
SAL,2017,Comissão de Frente,J2,10
SAL,2017,Evolução,J3,10
SAL,2017,Evolução,J4,10
SAL,2017,Harmonia,J1,10
SAL,2017,Harmonia,J2,10
SAL,2017,Harmonia,J3,10
SAL,2017,Harmonia,J4,9.9
SAL,2017,Mestre-Sala e Porta-Bandeira,J1,10
SAL,2017,Mestre-Sala e Porta-Bandeira,J2,10
SAL,2017,Mestre-Sala e Porta-Bandeira,J3,10
SAL,2017,Comissão de Frente,J1,9.9
SAL,2017,Samba-Enredo,J4,10
SAL,2017,Samba-Enredo,J3,9.8
SAL,2017,Samba-Enredo,J2,9.8
SAL,2017,Samba-Enredo,J1,9.9
SAL,2017,Fantasias,J4,10
SAL,2017,Fantasias,J3,10
SAL,2017,Fantasias,J2,10
SAL,2017,Fantasias,J1,9.9
SAL,2017,Bateria,J4,9.9
SAL,2017,Bateria,J3,10
SAL,2017,Bateria,J2,10
SAL,2017,Bateria,J1,10
SAL,2017,Alegorias e Adereços,J4,10
SAL,2017,Alegorias e Adereços,J3,10
SAL,2017,Alegorias e Adereços,J2,10
SAL,2017,Alegorias e Adereços,J1,10
SAL,2017,Mestre-Sala e Porta-Bandeira,J4,10
SAL,2017,Enredo,J1,10
SAL,2017,Enredo,J2,10
SAL,2017,Enredo,J3,10
SAL,2017,Enredo,J4,10
SAL,2017,Pen.,Pen.,0
SAL,2017,Evolução,J2,10
SAL,2017,Evolução,J1,10
SAL,2017,Comissão de Frente,J3,10
SCL,2017,Harmonia,J4,9.8
SCL,2017,Alegorias e Adereços,J1,9.9
SCL,2017,Alegorias e Adereços,J2,9.8
SCL,2017,Alegorias e Adereços,J3,9.9
SCL,2017,Alegorias e Adereços,J4,9.9
SCL,2017,Bateria,J1,9.8
SCL,2017,Bateria,J2,9.9
SCL,2017,Bateria,J3,9.9
SCL,2017,Bateria,J4,9.8
SCL,2017,Fantasias,J1,10
SCL,2017,Fantasias,J2,9.9
SCL,2017,Fantasias,J3,9.9
SCL,2017,Fantasias,J4,10
SCL,2017,Samba-Enredo,J1,9.9
SCL,2017,Samba-Enredo,J2,9.8
SCL,2017,Samba-Enredo,J3,9.9
SCL,2017,Samba-Enredo,J4,9.9
SCL,2017,Comissão de Frente,J1,9.8
SCL,2017,Comissão de Frente,J2,9.9
SCL,2017,Comissão de Frente,J3,9.8
SCL,2017,Comissão de Frente,J4,9.8
SCL,2017,Evolução,J1,9.9
SCL,2017,Evolução,J2,9.8
SCL,2017,Evolução,J3,9.9
SCL,2017,Evolução,J4,10
SCL,2017,Harmonia,J1,9.9
SCL,2017,Harmonia,J2,9.7
SCL,2017,Harmonia,J3,9.9
SCL,2017,Mestre-Sala e Porta-Bandeira,J1,10
SCL,2017,Mestre-Sala e Porta-Bandeira,J2,9.8
SCL,2017,Mestre-Sala e Porta-Bandeira,J3,9.9
SCL,2017,Mestre-Sala e Porta-Bandeira,J4,9.9
SCL,2017,Enredo,J1,10
SCL,2017,Enredo,J2,9.9
SCL,2017,Enredo,J3,9.9
SCL,2017,Enredo,J4,9.8
SCL,2017,Pen.,Pen.,0
TIJ,2017,Evolução,J4,9.7
TIJ,2017,Harmonia,J1,10
TIJ,2017,Harmonia,J2,9.9
TIJ,2017,Harmonia,J3,9.9
TIJ,2017,Harmonia,J4,9.9
TIJ,2017,Mestre-Sala e Porta-Bandeira,J1,9.9
TIJ,2017,Mestre-Sala e Porta-Bandeira,J2,9.8
TIJ,2017,Mestre-Sala e Porta-Bandeira,J3,9.7
TIJ,2017,Mestre-Sala e Porta-Bandeira,J4,10
TIJ,2017,Enredo,J1,9.8
TIJ,2017,Enredo,J2,9.7
TIJ,2017,Enredo,J3,9.7
TIJ,2017,Enredo,J4,9.7
TIJ,2017,Pen.,Pen.,-0.1
TIJ,2017,Samba-Enredo,J1,9.8
TIJ,2017,Fantasias,J2,9.9
TIJ,2017,Fantasias,J1,9.9
TIJ,2017,Bateria,J4,10
TIJ,2017,Bateria,J3,10
TIJ,2017,Bateria,J2,10
TIJ,2017,Bateria,J1,10
TIJ,2017,Alegorias e Adereços,J4,9.8
TIJ,2017,Alegorias e Adereços,J3,9.9
TIJ,2017,Alegorias e Adereços,J2,9.8
TIJ,2017,Alegorias e Adereços,J1,9.7
TIJ,2017,Fantasias,J4,10
TIJ,2017,Fantasias,J3,10
TIJ,2017,Samba-Enredo,J2,10
TIJ,2017,Samba-Enredo,J3,9.8
TIJ,2017,Samba-Enredo,J4,9.8
TIJ,2017,Comissão de Frente,J1,9.9
TIJ,2017,Comissão de Frente,J2,9.9
TIJ,2017,Comissão de Frente,J3,9.9
TIJ,2017,Comissão de Frente,J4,10
TIJ,2017,Evolução,J1,9.8
TIJ,2017,Evolução,J2,9.9
TIJ,2017,Evolução,J3,9.7
TUI,2017,Mestre-Sala e Porta-Bandeira,J3,9.8
TUI,2017,Alegorias e Adereços,J1,9.8
TUI,2017,Alegorias e Adereços,J2,9.7
TUI,2017,Alegorias e Adereços,J3,9.9
TUI,2017,Alegorias e Adereços,J4,9.8
TUI,2017,Bateria,J1,9.8
TUI,2017,Bateria,J2,9.9
TUI,2017,Bateria,J3,9.8
TUI,2017,Bateria,J4,10
TUI,2017,Fantasias,J1,9.8
TUI,2017,Fantasias,J2,9.7
TUI,2017,Fantasias,J3,9.8
TUI,2017,Fantasias,J4,9.7
TUI,2017,Samba-Enredo,J1,9.7
TUI,2017,Samba-Enredo,J2,9.9
TUI,2017,Samba-Enredo,J3,9.9
TUI,2017,Samba-Enredo,J4,9.7
TUI,2017,Comissão de Frente,J1,9.7
TUI,2017,Comissão de Frente,J2,9.8
TUI,2017,Comissão de Frente,J3,9.8
TUI,2017,Comissão de Frente,J4,9.6
TUI,2017,Evolução,J1,9.7
TUI,2017,Evolução,J2,9.7
TUI,2017,Evolução,J3,9.8
TUI,2017,Evolução,J4,9.7
TUI,2017,Harmonia,J1,9.7
TUI,2017,Harmonia,J2,9.7
TUI,2017,Harmonia,J3,9.7
TUI,2017,Harmonia,J4,9.7
TUI,2017,Mestre-Sala e Porta-Bandeira,J1,9.8
TUI,2017,Mestre-Sala e Porta-Bandeira,J2,9.8
TUI,2017,Mestre-Sala e Porta-Bandeira,J4,9.8
TUI,2017,Enredo,J1,9.9
TUI,2017,Enredo,J2,9.8
TUI,2017,Enredo,J3,9.9
TUI,2017,Enredo,J4,9.8
TUI,2017,Pen.,Pen.,0
UNI,2017,Bateria,J2,9.9
UNI,2017,Harmonia,J4,9.9
UNI,2017,Harmonia,J3,9.8
UNI,2017,Harmonia,J2,9.8
UNI,2017,Harmonia,J1,9.8
UNI,2017,Evolução,J4,9.8
UNI,2017,Pen.,Pen.,0
UNI,2017,Enredo,J4,9.9
UNI,2017,Enredo,J3,9.9
UNI,2017,Enredo,J2,9.8
UNI,2017,Enredo,J1,9.9
UNI,2017,Mestre-Sala e Porta-Bandeira,J4,9.9
UNI,2017,Mestre-Sala e Porta-Bandeira,J3,10
UNI,2017,Alegorias e Adereços,J1,9.9
UNI,2017,Alegorias e Adereços,J2,9.9
UNI,2017,Alegorias e Adereços,J3,10
UNI,2017,Alegorias e Adereços,J4,10
UNI,2017,Bateria,J1,10
UNI,2017,Evolução,J3,9.8
UNI,2017,Evolução,J2,9.8
UNI,2017,Evolução,J1,9.8
UNI,2017,Mestre-Sala e Porta-Bandeira,J2,10
UNI,2017,Comissão de Frente,J4,9.7
UNI,2017,Comissão de Frente,J3,9.9
UNI,2017,Comissão de Frente,J2,9.9
UNI,2017,Comissão de Frente,J1,9.9
UNI,2017,Samba-Enredo,J4,10
UNI,2017,Samba-Enredo,J3,9.8
UNI,2017,Samba-Enredo,J2,9.8
UNI,2017,Samba-Enredo,J1,9.8
UNI,2017,Fantasias,J4,10
UNI,2017,Mestre-Sala e Porta-Bandeira,J1,10
UNI,2017,Fantasias,J3,10
UNI,2017,Fantasias,J2,9.9
UNI,2017,Fantasias,J1,10
UNI,2017,Bateria,J4,10
UNI,2017,Bateria,J3,10
VIS,2017,Harmonia,J1,10
VIS,2017,Pen.,Pen.,0
VIS,2017,Enredo,J4,9.8
VIS,2017,Enredo,J3,9.8
VIS,2017,Enredo,J2,9.9
VIS,2017,Enredo,J1,9.9
VIS,2017,Mestre-Sala e Porta-Bandeira,J4,10
VIS,2017,Mestre-Sala e Porta-Bandeira,J3,9.9
VIS,2017,Mestre-Sala e Porta-Bandeira,J2,9.9
VIS,2017,Mestre-Sala e Porta-Bandeira,J1,9.9
VIS,2017,Harmonia,J4,9.8
VIS,2017,Harmonia,J3,10
VIS,2017,Harmonia,J2,9.8
VIS,2017,Evolução,J4,9.9
VIS,2017,Evolução,J3,9.9
VIS,2017,Evolução,J2,9.8
VIS,2017,Evolução,J1,9.8
VIS,2017,Comissão de Frente,J4,9.9
VIS,2017,Comissão de Frente,J3,9.8
VIS,2017,Comissão de Frente,J2,9.9
VIS,2017,Comissão de Frente,J1,9.8
VIS,2017,Samba-Enredo,J4,10
VIS,2017,Samba-Enredo,J3,10
VIS,2017,Samba-Enredo,J2,10
VIS,2017,Samba-Enredo,J1,9.8
VIS,2017,Fantasias,J4,9.7
VIS,2017,Fantasias,J3,9.9
VIS,2017,Fantasias,J2,9.8
VIS,2017,Fantasias,J1,9.9
VIS,2017,Bateria,J4,10
VIS,2017,Bateria,J3,9.9
VIS,2017,Bateria,J2,9.9
VIS,2017,Bateria,J1,10
VIS,2017,Alegorias e Adereços,J4,9.8
VIS,2017,Alegorias e Adereços,J3,9.8
VIS,2017,Alegorias e Adereços,J2,9.8
VIS,2017,Alegorias e Adereços,J1,9.9
BJF,2018,Pen.,Pen.,0
BJF,2018,Comissão de Frente,J2,10
BJF,2018,Mestre-Sala e Porta-Bandeira,J4,10
BJF,2018,Mestre-Sala e Porta-Bandeira,J3,10
BJF,2018,Mestre-Sala e Porta-Bandeira,J2,9.9
BJF,2018,Mestre-Sala e Porta-Bandeira,J1,10
BJF,2018,Bateria,J4,10
BJF,2018,Bateria,J3,9.9
BJF,2018,Bateria,J2,10
BJF,2018,Bateria,J1,10
BJF,2018,Evolução,J4,10
BJF,2018,Evolução,J3,10
BJF,2018,Comissão de Frente,J3,9.9
BJF,2018,Comissão de Frente,J4,10
BJF,2018,Alegorias e Adereços,J1,9.9
BJF,2018,Alegorias e Adereços,J2,9.9
BJF,2018,Alegorias e Adereços,J3,9.9
BJF,2018,Alegorias e Adereços,J4,10
BJF,2018,Harmonia,J1,10
BJF,2018,Harmonia,J2,10
BJF,2018,Harmonia,J3,10
BJF,2018,Harmonia,J4,10
BJF,2018,Fantasias,J1,9.9
BJF,2018,Fantasias,J2,10
BJF,2018,Fantasias,J3,9.8
BJF,2018,Evolução,J2,10
BJF,2018,Evolução,J1,10
BJF,2018,Enredo,J4,10
BJF,2018,Enredo,J3,9.9
BJF,2018,Enredo,J2,10
BJF,2018,Enredo,J1,9.9
BJF,2018,Comissão de Frente,J1,10
BJF,2018,Fantasias,J4,10
BJF,2018,Samba-Enredo,J1,10
BJF,2018,Samba-Enredo,J2,10
BJF,2018,Samba-Enredo,J3,10
BJF,2018,Samba-Enredo,J4,10
GRA,2018,Comissão de Frente,J4,9.9
GRA,2018,Comissão de Frente,J2,10
GRA,2018,Comissão de Frente,J1,9.8
GRA,2018,Mestre-Sala e Porta-Bandeira,J4,9.9
GRA,2018,Mestre-Sala e Porta-Bandeira,J3,10
GRA,2018,Mestre-Sala e Porta-Bandeira,J2,10
GRA,2018,Mestre-Sala e Porta-Bandeira,J1,10
GRA,2018,Bateria,J4,10
GRA,2018,Bateria,J3,9.9
GRA,2018,Bateria,J2,10
GRA,2018,Bateria,J1,10
GRA,2018,Evolução,J4,9.6
GRA,2018,Evolução,J3,9.7
GRA,2018,Evolução,J2,9.8
GRA,2018,Evolução,J1,9.8
GRA,2018,Enredo,J4,9.8
GRA,2018,Enredo,J3,9.7
GRA,2018,Enredo,J2,9.6
GRA,2018,Enredo,J1,9.7
GRA,2018,Pen.,Pen.,-0.5
GRA,2018,Samba-Enredo,J4,9.8
GRA,2018,Samba-Enredo,J3,9.8
GRA,2018,Samba-Enredo,J2,9.9
GRA,2018,Samba-Enredo,J1,9.9
GRA,2018,Fantasias,J4,10
GRA,2018,Fantasias,J3,9.8
GRA,2018,Fantasias,J2,9.9
GRA,2018,Fantasias,J1,10
GRA,2018,Harmonia,J4,9.9
GRA,2018,Harmonia,J3,9.9
GRA,2018,Harmonia,J2,9.9
GRA,2018,Harmonia,J1,10
GRA,2018,Alegorias e Adereços,J4,9.9
GRA,2018,Alegorias e Adereços,J3,9.8
GRA,2018,Alegorias e Adereços,J2,9.8
GRA,2018,Alegorias e Adereços,J1,9.9
GRA,2018,Comissão de Frente,J3,10
IMP,2018,Comissão de Frente,J1,10
IMP,2018,Pen.,Pen.,0
IMP,2018,Samba-Enredo,J4,9.9
IMP,2018,Samba-Enredo,J3,9.9
IMP,2018,Samba-Enredo,J2,10
IMP,2018,Samba-Enredo,J1,10
IMP,2018,Fantasias,J4,10
IMP,2018,Fantasias,J3,10
IMP,2018,Fantasias,J2,9.9
IMP,2018,Fantasias,J1,9.9
IMP,2018,Harmonia,J4,9.7
IMP,2018,Harmonia,J3,10
IMP,2018,Harmonia,J2,9.9
IMP,2018,Harmonia,J1,10
IMP,2018,Alegorias e Adereços,J4,9.9
IMP,2018,Alegorias e Adereços,J3,9.9
IMP,2018,Alegorias e Adereços,J2,9.8
IMP,2018,Alegorias e Adereços,J1,9.9
IMP,2018,Comissão de Frente,J4,9.8
IMP,2018,Comissão de Frente,J3,9.8
IMP,2018,Enredo,J1,9.9
IMP,2018,Enredo,J2,10
IMP,2018,Enredo,J3,9.9
IMP,2018,Enredo,J4,9.9
IMP,2018,Evolução,J1,9.9
IMP,2018,Evolução,J2,9.9
IMP,2018,Evolução,J3,9.8
IMP,2018,Evolução,J4,10
IMP,2018,Bateria,J1,10
IMP,2018,Bateria,J2,10
IMP,2018,Bateria,J3,10
IMP,2018,Bateria,J4,9.9
IMP,2018,Mestre-Sala e Porta-Bandeira,J1,10
IMP,2018,Mestre-Sala e Porta-Bandeira,J2,10
IMP,2018,Mestre-Sala e Porta-Bandeira,J3,10
IMP,2018,Mestre-Sala e Porta-Bandeira,J4,9.9
IMP,2018,Comissão de Frente,J2,10
ISR,2018,Enredo,J3,9.8
ISR,2018,Pen.,Pen.,-0.2
ISR,2018,Samba-Enredo,J4,9.8
ISR,2018,Samba-Enredo,J3,10
ISR,2018,Samba-Enredo,J2,9.8
ISR,2018,Samba-Enredo,J1,9.9
ISR,2018,Fantasias,J4,9.7
ISR,2018,Fantasias,J3,9.7
ISR,2018,Fantasias,J2,9.9
ISR,2018,Fantasias,J1,9.8
ISR,2018,Harmonia,J4,9.8
ISR,2018,Harmonia,J3,9.8
ISR,2018,Harmonia,J2,9.7
ISR,2018,Harmonia,J1,9.8
ISR,2018,Alegorias e Adereços,J4,9.8
ISR,2018,Alegorias e Adereços,J3,9.7
ISR,2018,Alegorias e Adereços,J2,9.7
ISR,2018,Alegorias e Adereços,J1,9.9
ISR,2018,Comissão de Frente,J4,9.7
ISR,2018,Comissão de Frente,J3,9.8
ISR,2018,Comissão de Frente,J2,9.8
ISR,2018,Comissão de Frente,J1,9.8
ISR,2018,Mestre-Sala e Porta-Bandeira,J4,9.8
ISR,2018,Mestre-Sala e Porta-Bandeira,J3,9.9
ISR,2018,Mestre-Sala e Porta-Bandeira,J2,9.9
ISR,2018,Mestre-Sala e Porta-Bandeira,J1,9.8
ISR,2018,Bateria,J4,10
ISR,2018,Bateria,J3,10
ISR,2018,Bateria,J2,9.9
ISR,2018,Bateria,J1,9.9
ISR,2018,Evolução,J4,9.7
ISR,2018,Evolução,J3,9.8
ISR,2018,Evolução,J2,9.8
ISR,2018,Evolução,J1,9.9
ISR,2018,Enredo,J4,9.9
ISR,2018,Enredo,J2,9.8
ISR,2018,Enredo,J1,9.8
MAN,2018,Harmonia,J4,10
MAN,2018,Enredo,J2,9.9
MAN,2018,Enredo,J3,10
MAN,2018,Enredo,J4,10
MAN,2018,Evolução,J1,10
MAN,2018,Evolução,J2,10
MAN,2018,Evolução,J3,10
MAN,2018,Alegorias e Adereços,J3,10
MAN,2018,Alegorias e Adereços,J4,9.9
MAN,2018,Harmonia,J1,10
MAN,2018,Evolução,J4,9.9
MAN,2018,Bateria,J1,9.9
MAN,2018,Bateria,J2,9.9
MAN,2018,Bateria,J3,10
MAN,2018,Harmonia,J2,9.9
MAN,2018,Fantasias,J2,10
MAN,2018,Bateria,J4,9.9
MAN,2018,Harmonia,J3,10
MAN,2018,Enredo,J1,10
MAN,2018,Mestre-Sala e Porta-Bandeira,J1,10
MAN,2018,Mestre-Sala e Porta-Bandeira,J2,10
MAN,2018,Mestre-Sala e Porta-Bandeira,J3,10
MAN,2018,Mestre-Sala e Porta-Bandeira,J4,10
MAN,2018,Comissão de Frente,J1,9.9
MAN,2018,Comissão de Frente,J2,9.8
MAN,2018,Comissão de Frente,J3,9.9
MAN,2018,Comissão de Frente,J4,9.8
MAN,2018,Alegorias e Adereços,J1,9.9
MAN,2018,Alegorias e Adereços,J2,10
MAN,2018,Fantasias,J1,10
MAN,2018,Pen.,Pen.,0
MAN,2018,Samba-Enredo,J4,10
MAN,2018,Samba-Enredo,J3,10
MAN,2018,Samba-Enredo,J2,10
MAN,2018,Samba-Enredo,J1,10
MAN,2018,Fantasias,J4,10
MAN,2018,Fantasias,J3,10
MOC,2018,Pen.,Pen.,0
MOC,2018,Samba-Enredo,J4,10
MOC,2018,Samba-Enredo,J3,10
MOC,2018,Samba-Enredo,J2,10
MOC,2018,Samba-Enredo,J1,10
MOC,2018,Fantasias,J4,9.9
MOC,2018,Fantasias,J3,9.8
MOC,2018,Fantasias,J2,9.9
MOC,2018,Fantasias,J1,9.8
MOC,2018,Harmonia,J4,10
MOC,2018,Harmonia,J3,10
MOC,2018,Harmonia,J2,10
MOC,2018,Harmonia,J1,10
MOC,2018,Alegorias e Adereços,J4,9.9
MOC,2018,Alegorias e Adereços,J3,9.9
MOC,2018,Alegorias e Adereços,J2,10
MOC,2018,Alegorias e Adereços,J1,10
MOC,2018,Comissão de Frente,J4,10
MOC,2018,Comissão de Frente,J3,10
MOC,2018,Enredo,J1,10
MOC,2018,Enredo,J2,10
MOC,2018,Enredo,J3,10
MOC,2018,Enredo,J4,10
MOC,2018,Evolução,J1,10
MOC,2018,Evolução,J2,10
MOC,2018,Evolução,J3,9.8
MOC,2018,Evolução,J4,9.8
MOC,2018,Bateria,J1,10
MOC,2018,Comissão de Frente,J2,10
MOC,2018,Comissão de Frente,J1,10
MOC,2018,Mestre-Sala e Porta-Bandeira,J4,10
MOC,2018,Mestre-Sala e Porta-Bandeira,J3,10
MOC,2018,Mestre-Sala e Porta-Bandeira,J2,10
MOC,2018,Mestre-Sala e Porta-Bandeira,J1,10
MOC,2018,Bateria,J4,9.9
MOC,2018,Bateria,J3,10
MOC,2018,Bateria,J2,10
POR,2018,Alegorias e Adereços,J3,9.9
POR,2018,Pen.,Pen.,0
POR,2018,Samba-Enredo,J4,10
POR,2018,Samba-Enredo,J3,9.8
POR,2018,Samba-Enredo,J2,10
POR,2018,Samba-Enredo,J1,9.9
POR,2018,Fantasias,J4,9.9
POR,2018,Fantasias,J3,10
POR,2018,Fantasias,J2,9.8
POR,2018,Fantasias,J1,10
POR,2018,Harmonia,J4,10
POR,2018,Harmonia,J3,10
POR,2018,Harmonia,J2,10
POR,2018,Harmonia,J1,9.9
POR,2018,Alegorias e Adereços,J4,9.8
POR,2018,Alegorias e Adereços,J2,10
POR,2018,Alegorias e Adereços,J1,10
POR,2018,Comissão de Frente,J4,9.8
POR,2018,Comissão de Frente,J3,9.9
POR,2018,Comissão de Frente,J2,9.9
POR,2018,Comissão de Frente,J1,9.9
POR,2018,Mestre-Sala e Porta-Bandeira,J4,10
POR,2018,Mestre-Sala e Porta-Bandeira,J3,10
POR,2018,Mestre-Sala e Porta-Bandeira,J2,10
POR,2018,Mestre-Sala e Porta-Bandeira,J1,9.9
POR,2018,Bateria,J4,10
POR,2018,Bateria,J3,10
POR,2018,Bateria,J2,9.9
POR,2018,Bateria,J1,10
POR,2018,Evolução,J4,9.9
POR,2018,Evolução,J3,10
POR,2018,Evolução,J2,10
POR,2018,Evolução,J1,10
POR,2018,Enredo,J4,10
POR,2018,Enredo,J3,10
POR,2018,Enredo,J2,10
POR,2018,Enredo,J1,10
SAL,2018,Comissão de Frente,J4,10
SAL,2018,Pen.,Pen.,0
SAL,2018,Samba-Enredo,J4,10
SAL,2018,Samba-Enredo,J3,9.9
SAL,2018,Samba-Enredo,J2,9.9
SAL,2018,Samba-Enredo,J1,10
SAL,2018,Fantasias,J4,10
SAL,2018,Fantasias,J3,10
SAL,2018,Fantasias,J2,10
SAL,2018,Fantasias,J1,10
SAL,2018,Harmonia,J4,10
SAL,2018,Harmonia,J3,9.9
SAL,2018,Harmonia,J2,10
SAL,2018,Harmonia,J1,10
SAL,2018,Alegorias e Adereços,J4,9.9
SAL,2018,Alegorias e Adereços,J3,9.9
SAL,2018,Alegorias e Adereços,J2,10
SAL,2018,Enredo,J1,9.9
SAL,2018,Enredo,J2,9.9
SAL,2018,Enredo,J3,9.9
SAL,2018,Alegorias e Adereços,J1,10
SAL,2018,Enredo,J4,10
SAL,2018,Evolução,J1,10
SAL,2018,Evolução,J2,9.9
SAL,2018,Evolução,J3,10
SAL,2018,Evolução,J4,9.9
SAL,2018,Bateria,J1,10
SAL,2018,Bateria,J2,10
SAL,2018,Bateria,J3,9.9
SAL,2018,Bateria,J4,10
SAL,2018,Mestre-Sala e Porta-Bandeira,J1,10
SAL,2018,Mestre-Sala e Porta-Bandeira,J2,10
SAL,2018,Mestre-Sala e Porta-Bandeira,J3,10
SAL,2018,Mestre-Sala e Porta-Bandeira,J4,10
SAL,2018,Comissão de Frente,J1,10
SAL,2018,Comissão de Frente,J2,10
SAL,2018,Comissão de Frente,J3,9.9
SCL,2018,Comissão de Frente,J1,9.8
SCL,2018,Enredo,J1,9.9
SCL,2018,Enredo,J2,9.8
SCL,2018,Enredo,J3,9.9
SCL,2018,Enredo,J4,9.9
SCL,2018,Evolução,J1,9.9
SCL,2018,Evolução,J2,9.8
SCL,2018,Evolução,J3,9.8
SCL,2018,Evolução,J4,9.8
SCL,2018,Bateria,J1,10
SCL,2018,Bateria,J2,10
SCL,2018,Bateria,J3,9.9
SCL,2018,Bateria,J4,10
SCL,2018,Mestre-Sala e Porta-Bandeira,J1,9.8
SCL,2018,Mestre-Sala e Porta-Bandeira,J2,9.9
SCL,2018,Mestre-Sala e Porta-Bandeira,J3,9.9
SCL,2018,Pen.,Pen.,0
SCL,2018,Samba-Enredo,J4,10
SCL,2018,Samba-Enredo,J3,9.8
SCL,2018,Samba-Enredo,J2,9.9
SCL,2018,Samba-Enredo,J1,9.9
SCL,2018,Fantasias,J4,9.8
SCL,2018,Fantasias,J3,10
SCL,2018,Fantasias,J2,9.9
SCL,2018,Fantasias,J1,9.9
SCL,2018,Harmonia,J4,9.7
SCL,2018,Harmonia,J3,9.9
SCL,2018,Harmonia,J2,9.8
SCL,2018,Harmonia,J1,9.8
SCL,2018,Alegorias e Adereços,J4,9.9
SCL,2018,Alegorias e Adereços,J3,9.8
SCL,2018,Alegorias e Adereços,J2,9.7
SCL,2018,Alegorias e Adereços,J1,9.9
SCL,2018,Comissão de Frente,J4,9.7
SCL,2018,Comissão de Frente,J3,9.8
SCL,2018,Comissão de Frente,J2,9.8
SCL,2018,Mestre-Sala e Porta-Bandeira,J4,9.7
TIJ,2018,Enredo,J1,9.9
TIJ,2018,Alegorias e Adereços,J1,10
TIJ,2018,Alegorias e Adereços,J2,10
TIJ,2018,Alegorias e Adereços,J3,10
TIJ,2018,Alegorias e Adereços,J4,10
TIJ,2018,Harmonia,J1,10
TIJ,2018,Harmonia,J2,9.9
TIJ,2018,Harmonia,J3,10
TIJ,2018,Harmonia,J4,9.9
TIJ,2018,Fantasias,J1,9.9
TIJ,2018,Fantasias,J2,10
TIJ,2018,Fantasias,J3,9.8
TIJ,2018,Fantasias,J4,10
TIJ,2018,Samba-Enredo,J1,10
TIJ,2018,Samba-Enredo,J2,9.8
TIJ,2018,Samba-Enredo,J3,10
TIJ,2018,Samba-Enredo,J4,9.9
TIJ,2018,Pen.,Pen.,0
TIJ,2018,Comissão de Frente,J4,9.7
TIJ,2018,Comissão de Frente,J3,9.9
TIJ,2018,Comissão de Frente,J2,10
TIJ,2018,Comissão de Frente,J1,9.8
TIJ,2018,Mestre-Sala e Porta-Bandeira,J4,9.9
TIJ,2018,Mestre-Sala e Porta-Bandeira,J3,10
TIJ,2018,Mestre-Sala e Porta-Bandeira,J2,9.9
TIJ,2018,Mestre-Sala e Porta-Bandeira,J1,9.9
TIJ,2018,Bateria,J4,10
TIJ,2018,Bateria,J3,10
TIJ,2018,Bateria,J2,10
TIJ,2018,Bateria,J1,10
TIJ,2018,Evolução,J4,10
TIJ,2018,Evolução,J3,10
TIJ,2018,Evolução,J2,9.9
TIJ,2018,Evolução,J1,10
TIJ,2018,Enredo,J4,10
TIJ,2018,Enredo,J3,9.9
TIJ,2018,Enredo,J2,10
TUI,2018,Enredo,J1,10
TUI,2018,Pen.,Pen.,0
TUI,2018,Samba-Enredo,J4,10
TUI,2018,Samba-Enredo,J3,10
TUI,2018,Samba-Enredo,J2,10
TUI,2018,Samba-Enredo,J1,10
TUI,2018,Fantasias,J4,10
TUI,2018,Fantasias,J3,10
TUI,2018,Fantasias,J2,10
TUI,2018,Fantasias,J1,10
TUI,2018,Harmonia,J4,9.8
TUI,2018,Harmonia,J3,9.9
TUI,2018,Harmonia,J2,9.9
TUI,2018,Harmonia,J1,10
TUI,2018,Alegorias e Adereços,J4,10
TUI,2018,Alegorias e Adereços,J3,10
TUI,2018,Alegorias e Adereços,J2,9.9
TUI,2018,Alegorias e Adereços,J1,9.9
TUI,2018,Comissão de Frente,J4,10
TUI,2018,Comissão de Frente,J3,9.9
TUI,2018,Comissão de Frente,J2,10
TUI,2018,Comissão de Frente,J1,10
TUI,2018,Mestre-Sala e Porta-Bandeira,J4,10
TUI,2018,Mestre-Sala e Porta-Bandeira,J3,10
TUI,2018,Mestre-Sala e Porta-Bandeira,J2,10
TUI,2018,Mestre-Sala e Porta-Bandeira,J1,10
TUI,2018,Bateria,J4,10
TUI,2018,Bateria,J3,9.9
TUI,2018,Bateria,J2,10
TUI,2018,Bateria,J1,10
TUI,2018,Evolução,J4,9.9
TUI,2018,Evolução,J3,9.9
TUI,2018,Evolução,J2,9.9
TUI,2018,Evolução,J1,10
TUI,2018,Enredo,J4,10
TUI,2018,Enredo,J3,10
TUI,2018,Enredo,J2,10
UNI,2018,Enredo,J1,9.8
UNI,2018,Bateria,J3,10
UNI,2018,Bateria,J4,10
UNI,2018,Mestre-Sala e Porta-Bandeira,J1,9.9
UNI,2018,Mestre-Sala e Porta-Bandeira,J2,9.9
UNI,2018,Bateria,J2,10
UNI,2018,Bateria,J1,9.9
UNI,2018,Evolução,J4,9.9
UNI,2018,Evolução,J3,9.8
UNI,2018,Evolução,J2,9.8
UNI,2018,Evolução,J1,9.9
UNI,2018,Enredo,J4,10
UNI,2018,Enredo,J3,9.9
UNI,2018,Enredo,J2,9.8
UNI,2018,Pen.,Pen.,0
UNI,2018,Samba-Enredo,J4,9.8
UNI,2018,Samba-Enredo,J3,9.8
UNI,2018,Samba-Enredo,J2,9.8
UNI,2018,Samba-Enredo,J1,9.9
UNI,2018,Fantasias,J4,9.9
UNI,2018,Fantasias,J3,9.9
UNI,2018,Fantasias,J2,9.9
UNI,2018,Fantasias,J1,9.7
UNI,2018,Harmonia,J4,9.7
UNI,2018,Harmonia,J3,9.8
UNI,2018,Harmonia,J2,9.8
UNI,2018,Harmonia,J1,9.8
UNI,2018,Alegorias e Adereços,J4,9.9
UNI,2018,Alegorias e Adereços,J3,9.9
UNI,2018,Alegorias e Adereços,J2,9.8
UNI,2018,Alegorias e Adereços,J1,10
UNI,2018,Comissão de Frente,J4,9.8
UNI,2018,Comissão de Frente,J3,9.9
UNI,2018,Comissão de Frente,J2,9.9
UNI,2018,Comissão de Frente,J1,9.9
UNI,2018,Mestre-Sala e Porta-Bandeira,J4,10
UNI,2018,Mestre-Sala e Porta-Bandeira,J3,10
VIS,2018,Pen.,Pen.,0
VIS,2018,Enredo,J1,9.9
VIS,2018,Enredo,J2,9.9
VIS,2018,Enredo,J3,10
VIS,2018,Enredo,J4,9.9
VIS,2018,Evolução,J1,10
VIS,2018,Evolução,J2,10
VIS,2018,Evolução,J3,9.9
VIS,2018,Evolução,J4,9.9
VIS,2018,Bateria,J1,9.8
VIS,2018,Bateria,J2,9.9
VIS,2018,Bateria,J3,10
VIS,2018,Bateria,J4,9.9
VIS,2018,Mestre-Sala e Porta-Bandeira,J1,9.9
VIS,2018,Mestre-Sala e Porta-Bandeira,J2,9.9
VIS,2018,Mestre-Sala e Porta-Bandeira,J3,9.8
VIS,2018,Mestre-Sala e Porta-Bandeira,J4,9.8
VIS,2018,Comissão de Frente,J1,9.8
VIS,2018,Comissão de Frente,J2,10
VIS,2018,Comissão de Frente,J3,9.7
VIS,2018,Comissão de Frente,J4,9.8
VIS,2018,Alegorias e Adereços,J1,10
VIS,2018,Alegorias e Adereços,J2,9.9
VIS,2018,Alegorias e Adereços,J3,10
VIS,2018,Alegorias e Adereços,J4,9.9
VIS,2018,Harmonia,J1,9.9
VIS,2018,Harmonia,J2,10
VIS,2018,Harmonia,J3,10
VIS,2018,Harmonia,J4,9.9
VIS,2018,Fantasias,J1,9.8
VIS,2018,Fantasias,J2,9.9
VIS,2018,Fantasias,J3,9.9
VIS,2018,Fantasias,J4,9.9
VIS,2018,Samba-Enredo,J1,10
VIS,2018,Samba-Enredo,J2,10
VIS,2018,Samba-Enredo,J3,9.9
VIS,2018,Samba-Enredo,J4,9.9
BJF,2019,Harmonia,J4,9.8
BJF,2019,Harmonia,J3,10
BJF,2019,Harmonia,J2,9.9
BJF,2019,Harmonia,J1,10
BJF,2019,Evolução,J4,9.9
BJF,2019,Evolução,J3,9.8
BJF,2019,Evolução,J2,9.8
BJF,2019,Evolução,J1,9.8
BJF,2019,Fantasias,J4,9.9
BJF,2019,Fantasias,J3,9.9
BJF,2019,Fantasias,J2,9.9
BJF,2019,Fantasias,J1,10
BJF,2019,Bateria,J4,10
BJF,2019,Bateria,J3,10
BJF,2019,Bateria,J2,10
BJF,2019,Bateria,J1,10
BJF,2019,Pen.,Pen.,0
BJF,2019,Enredo,J4,9.9
BJF,2019,Mestre-Sala e Porta-Bandeira,J1,10
BJF,2019,Mestre-Sala e Porta-Bandeira,J2,10
BJF,2019,Mestre-Sala e Porta-Bandeira,J3,10
BJF,2019,Mestre-Sala e Porta-Bandeira,J4,10
BJF,2019,Alegorias e Adereços,J1,9.9
BJF,2019,Alegorias e Adereços,J2,9.8
BJF,2019,Alegorias e Adereços,J3,9.9
BJF,2019,Alegorias e Adereços,J4,9.9
BJF,2019,Comissão de Frente,J1,9.8
BJF,2019,Comissão de Frente,J2,9.8
BJF,2019,Comissão de Frente,J3,9.8
BJF,2019,Comissão de Frente,J4,9.7
BJF,2019,Samba-Enredo,J1,9.9
BJF,2019,Samba-Enredo,J2,9.9
BJF,2019,Samba-Enredo,J3,10
BJF,2019,Samba-Enredo,J4,9.8
BJF,2019,Enredo,J1,9.8
BJF,2019,Enredo,J2,9.8
BJF,2019,Enredo,J3,9.8
GRA,2019,Alegorias e Adereços,J1,10
GRA,2019,Pen.,Pen.,0
GRA,2019,Fantasias,J4,9.9
GRA,2019,Fantasias,J3,9.8
GRA,2019,Fantasias,J2,10
GRA,2019,Fantasias,J1,9.9
GRA,2019,Bateria,J4,10
GRA,2019,Bateria,J3,10
GRA,2019,Bateria,J2,10
GRA,2019,Bateria,J1,10
GRA,2019,Enredo,J4,9.9
GRA,2019,Enredo,J3,9.9
GRA,2019,Enredo,J2,9.9
GRA,2019,Enredo,J1,9.8
GRA,2019,Samba-Enredo,J4,9.7
GRA,2019,Samba-Enredo,J3,9.8
GRA,2019,Samba-Enredo,J2,9.8
GRA,2019,Samba-Enredo,J1,9.7
GRA,2019,Comissão de Frente,J4,9.9
GRA,2019,Comissão de Frente,J3,9.8
GRA,2019,Comissão de Frente,J2,9.9
GRA,2019,Comissão de Frente,J1,10
GRA,2019,Alegorias e Adereços,J4,10
GRA,2019,Alegorias e Adereços,J3,10
GRA,2019,Alegorias e Adereços,J2,10
GRA,2019,Mestre-Sala e Porta-Bandeira,J4,9.8
GRA,2019,Mestre-Sala e Porta-Bandeira,J3,9.9
GRA,2019,Mestre-Sala e Porta-Bandeira,J2,10
GRA,2019,Mestre-Sala e Porta-Bandeira,J1,9.8
GRA,2019,Harmonia,J4,9.9
GRA,2019,Harmonia,J3,9.9
GRA,2019,Harmonia,J2,9.9
GRA,2019,Harmonia,J1,9.8
GRA,2019,Evolução,J4,9.9
GRA,2019,Evolução,J3,9.9
GRA,2019,Evolução,J2,10
GRA,2019,Evolução,J1,10
IMP,2019,Mestre-Sala e Porta-Bandeira,J2,9.9
IMP,2019,Mestre-Sala e Porta-Bandeira,J1,9.9
IMP,2019,Harmonia,J4,9.7
IMP,2019,Harmonia,J3,9.9
IMP,2019,Harmonia,J2,9.9
IMP,2019,Harmonia,J1,9.8
IMP,2019,Evolução,J4,9.9
IMP,2019,Evolução,J3,9.8
IMP,2019,Evolução,J2,9.9
IMP,2019,Evolução,J1,9.7
IMP,2019,Mestre-Sala e Porta-Bandeira,J3,9.9
IMP,2019,Mestre-Sala e Porta-Bandeira,J4,9.9
IMP,2019,Alegorias e Adereços,J1,9.8
IMP,2019,Alegorias e Adereços,J2,9.8
IMP,2019,Alegorias e Adereços,J3,9.8
IMP,2019,Alegorias e Adereços,J4,9.8
IMP,2019,Comissão de Frente,J1,9.8
IMP,2019,Comissão de Frente,J2,9.8
IMP,2019,Comissão de Frente,J3,9.9
IMP,2019,Pen.,Pen.,0
IMP,2019,Fantasias,J4,9.8
IMP,2019,Fantasias,J3,9.8
IMP,2019,Fantasias,J2,10
IMP,2019,Fantasias,J1,9.9
IMP,2019,Comissão de Frente,J4,9.7
IMP,2019,Samba-Enredo,J1,9.9
IMP,2019,Samba-Enredo,J2,9.9
IMP,2019,Samba-Enredo,J3,9.9
IMP,2019,Samba-Enredo,J4,9.7
IMP,2019,Enredo,J1,9.7
IMP,2019,Enredo,J3,9.8
IMP,2019,Enredo,J2,9.8
IMP,2019,Bateria,J4,10
IMP,2019,Bateria,J3,9.8
IMP,2019,Bateria,J2,10
IMP,2019,Bateria,J1,10
IMP,2019,Enredo,J4,9.8
ISR,2019,Comissão de Frente,J2,9.7
ISR,2019,Evolução,J1,9.8
ISR,2019,Evolução,J2,9.9
ISR,2019,Evolução,J3,9.7
ISR,2019,Evolução,J4,9.8
ISR,2019,Harmonia,J1,9.7
ISR,2019,Harmonia,J2,9.7
ISR,2019,Harmonia,J3,9.8
ISR,2019,Harmonia,J4,9.7
ISR,2019,Mestre-Sala e Porta-Bandeira,J1,9.7
ISR,2019,Mestre-Sala e Porta-Bandeira,J2,9.8
ISR,2019,Mestre-Sala e Porta-Bandeira,J3,9.9
ISR,2019,Mestre-Sala e Porta-Bandeira,J4,9.8
ISR,2019,Alegorias e Adereços,J1,9.7
ISR,2019,Alegorias e Adereços,J2,9.7
ISR,2019,Alegorias e Adereços,J3,9.6
ISR,2019,Alegorias e Adereços,J4,9.7
ISR,2019,Comissão de Frente,J1,9.7
ISR,2019,Comissão de Frente,J3,9.7
ISR,2019,Comissão de Frente,J4,9.7
ISR,2019,Samba-Enredo,J1,9.9
ISR,2019,Samba-Enredo,J2,9.8
ISR,2019,Samba-Enredo,J3,9.7
ISR,2019,Samba-Enredo,J4,9.6
ISR,2019,Enredo,J1,9.6
ISR,2019,Enredo,J2,9.8
ISR,2019,Enredo,J3,9.7
ISR,2019,Enredo,J4,9.8
ISR,2019,Bateria,J1,9.9
ISR,2019,Bateria,J2,9.9
ISR,2019,Bateria,J3,9.8
ISR,2019,Bateria,J4,9.8
ISR,2019,Fantasias,J1,9.7
ISR,2019,Fantasias,J2,9.7
ISR,2019,Fantasias,J3,9.6
ISR,2019,Fantasias,J4,9.7
ISR,2019,Pen.,Pen.,0
MAN,2019,Fantasias,J2,10
MAN,2019,Fantasias,J1,10
MAN,2019,Bateria,J4,10
MAN,2019,Bateria,J3,10
MAN,2019,Bateria,J2,10
MAN,2019,Bateria,J1,10
MAN,2019,Enredo,J4,10
MAN,2019,Enredo,J3,9.9
MAN,2019,Enredo,J2,10
MAN,2019,Enredo,J1,10
MAN,2019,Samba-Enredo,J4,10
MAN,2019,Mestre-Sala e Porta-Bandeira,J4,10
MAN,2019,Mestre-Sala e Porta-Bandeira,J3,10
MAN,2019,Mestre-Sala e Porta-Bandeira,J2,10
MAN,2019,Mestre-Sala e Porta-Bandeira,J1,10
MAN,2019,Harmonia,J4,10
MAN,2019,Harmonia,J3,10
MAN,2019,Harmonia,J2,10
MAN,2019,Harmonia,J1,10
MAN,2019,Evolução,J4,10
MAN,2019,Evolução,J1,10
MAN,2019,Evolução,J2,10
MAN,2019,Alegorias e Adereços,J1,9.9
MAN,2019,Alegorias e Adereços,J2,10
MAN,2019,Alegorias e Adereços,J3,10
MAN,2019,Alegorias e Adereços,J4,10
MAN,2019,Comissão de Frente,J1,10
MAN,2019,Comissão de Frente,J2,10
MAN,2019,Comissão de Frente,J3,10
MAN,2019,Comissão de Frente,J4,10
MAN,2019,Samba-Enredo,J1,10
MAN,2019,Samba-Enredo,J2,10
MAN,2019,Samba-Enredo,J3,10
MAN,2019,Evolução,J3,10
MAN,2019,Pen.,Pen.,0
MAN,2019,Fantasias,J4,10
MAN,2019,Fantasias,J3,9.9
MOC,2019,Alegorias e Adereços,J2,9.9
MOC,2019,Alegorias e Adereços,J1,9.9
MOC,2019,Mestre-Sala e Porta-Bandeira,J2,9.9
MOC,2019,Mestre-Sala e Porta-Bandeira,J3,10
MOC,2019,Fantasias,J3,10
MOC,2019,Fantasias,J2,10
MOC,2019,Fantasias,J1,10
MOC,2019,Bateria,J4,10
MOC,2019,Pen.,Pen.,0
MOC,2019,Fantasias,J4,9.9
MOC,2019,Bateria,J3,10
MOC,2019,Mestre-Sala e Porta-Bandeira,J4,10
MOC,2019,Evolução,J1,9.9
MOC,2019,Evolução,J2,10
MOC,2019,Evolução,J3,10
MOC,2019,Evolução,J4,10
MOC,2019,Harmonia,J1,9.9
MOC,2019,Harmonia,J2,9.9
MOC,2019,Harmonia,J3,10
MOC,2019,Harmonia,J4,9.9
MOC,2019,Mestre-Sala e Porta-Bandeira,J1,9.9
MOC,2019,Bateria,J2,10
MOC,2019,Bateria,J1,9.9
MOC,2019,Enredo,J4,10
MOC,2019,Enredo,J3,10
MOC,2019,Enredo,J2,10
MOC,2019,Enredo,J1,9.9
MOC,2019,Samba-Enredo,J4,9.9
MOC,2019,Samba-Enredo,J3,9.9
MOC,2019,Samba-Enredo,J2,9.9
MOC,2019,Samba-Enredo,J1,9.9
MOC,2019,Comissão de Frente,J4,9.8
MOC,2019,Comissão de Frente,J3,10
MOC,2019,Comissão de Frente,J2,10
MOC,2019,Comissão de Frente,J1,9.9
MOC,2019,Alegorias e Adereços,J4,9.8
MOC,2019,Alegorias e Adereços,J3,9.9
POR,2019,Samba-Enredo,J4,10
POR,2019,Evolução,J1,9.9
POR,2019,Evolução,J2,9.9
POR,2019,Evolução,J3,10
POR,2019,Evolução,J4,10
POR,2019,Harmonia,J1,10
POR,2019,Harmonia,J2,9.9
POR,2019,Harmonia,J3,10
POR,2019,Harmonia,J4,10
POR,2019,Mestre-Sala e Porta-Bandeira,J1,10
POR,2019,Mestre-Sala e Porta-Bandeira,J2,10
POR,2019,Mestre-Sala e Porta-Bandeira,J3,10
POR,2019,Mestre-Sala e Porta-Bandeira,J4,10
POR,2019,Alegorias e Adereços,J1,10
POR,2019,Alegorias e Adereços,J2,9.9
POR,2019,Alegorias e Adereços,J3,9.8
POR,2019,Alegorias e Adereços,J4,10
POR,2019,Comissão de Frente,J1,9.9
POR,2019,Comissão de Frente,J2,9.9
POR,2019,Comissão de Frente,J3,9.9
POR,2019,Comissão de Frente,J4,9.8
POR,2019,Samba-Enredo,J1,10
POR,2019,Samba-Enredo,J2,10
POR,2019,Samba-Enredo,J3,10
POR,2019,Enredo,J1,10
POR,2019,Enredo,J2,9.9
POR,2019,Enredo,J3,10
POR,2019,Enredo,J4,10
POR,2019,Bateria,J1,10
POR,2019,Bateria,J2,9.9
POR,2019,Bateria,J3,9.9
POR,2019,Bateria,J4,9.9
POR,2019,Fantasias,J1,10
POR,2019,Fantasias,J2,10
POR,2019,Fantasias,J3,10
POR,2019,Fantasias,J4,10
POR,2019,Pen.,Pen.,0
SAL,2019,Alegorias e Adereços,J2,9.9
SAL,2019,Alegorias e Adereços,J1,9.9
SAL,2019,Mestre-Sala e Porta-Bandeira,J4,10
SAL,2019,Mestre-Sala e Porta-Bandeira,J3,10
SAL,2019,Mestre-Sala e Porta-Bandeira,J2,9.9
SAL,2019,Mestre-Sala e Porta-Bandeira,J1,10
SAL,2019,Harmonia,J4,9.9
SAL,2019,Evolução,J1,9.9
SAL,2019,Evolução,J2,9.8
SAL,2019,Evolução,J3,10
SAL,2019,Evolução,J4,10
SAL,2019,Harmonia,J1,10
SAL,2019,Harmonia,J2,10
SAL,2019,Harmonia,J3,10
SAL,2019,Fantasias,J1,10
SAL,2019,Enredo,J4,10
SAL,2019,Enredo,J3,10
SAL,2019,Enredo,J2,10
SAL,2019,Enredo,J1,10
SAL,2019,Samba-Enredo,J4,10
SAL,2019,Samba-Enredo,J3,10
SAL,2019,Samba-Enredo,J2,10
SAL,2019,Samba-Enredo,J1,10
SAL,2019,Comissão de Frente,J4,9.9
SAL,2019,Comissão de Frente,J3,9.9
SAL,2019,Fantasias,J2,10
SAL,2019,Bateria,J4,10
SAL,2019,Bateria,J3,10
SAL,2019,Bateria,J2,10
SAL,2019,Bateria,J1,9.9
SAL,2019,Comissão de Frente,J2,9.9
SAL,2019,Comissão de Frente,J1,9.8
SAL,2019,Alegorias e Adereços,J4,10
SAL,2019,Fantasias,J4,9.9
SAL,2019,Fantasias,J3,9.9
SAL,2019,Alegorias e Adereços,J3,9.9
SAL,2019,Pen.,Pen.,0
SCL,2019,Alegorias e Adereços,J1,9.8
SCL,2019,Mestre-Sala e Porta-Bandeira,J1,9.8
SCL,2019,Harmonia,J4,9.9
SCL,2019,Harmonia,J3,9.8
SCL,2019,Harmonia,J2,9.8
SCL,2019,Harmonia,J1,9.8
SCL,2019,Evolução,J4,9.8
SCL,2019,Evolução,J3,9.8
SCL,2019,Evolução,J2,9.9
SCL,2019,Evolução,J1,9.9
SCL,2019,Alegorias e Adereços,J2,9.9
SCL,2019,Mestre-Sala e Porta-Bandeira,J4,9.9
SCL,2019,Mestre-Sala e Porta-Bandeira,J3,9.8
SCL,2019,Mestre-Sala e Porta-Bandeira,J2,9.9
SCL,2019,Fantasias,J4,10
SCL,2019,Fantasias,J3,9.7
SCL,2019,Fantasias,J2,9.9
SCL,2019,Fantasias,J1,9.9
SCL,2019,Bateria,J4,9.9
SCL,2019,Bateria,J3,9.9
SCL,2019,Bateria,J2,9.9
SCL,2019,Bateria,J1,10
SCL,2019,Enredo,J4,10
SCL,2019,Enredo,J3,9.8
SCL,2019,Enredo,J2,10
SCL,2019,Enredo,J1,9.8
SCL,2019,Samba-Enredo,J4,9.9
SCL,2019,Samba-Enredo,J3,10
SCL,2019,Samba-Enredo,J2,9.9
SCL,2019,Samba-Enredo,J1,9.8
SCL,2019,Comissão de Frente,J4,9.8
SCL,2019,Comissão de Frente,J3,9.9
SCL,2019,Comissão de Frente,J2,10
SCL,2019,Comissão de Frente,J1,9.9
SCL,2019,Alegorias e Adereços,J4,10
SCL,2019,Alegorias e Adereços,J3,9.8
SCL,2019,Pen.,Pen.,0
TIJ,2019,Samba-Enredo,J4,9.9
TIJ,2019,Enredo,J1,10
TIJ,2019,Samba-Enredo,J1,9.8
TIJ,2019,Comissão de Frente,J4,9.8
TIJ,2019,Evolução,J2,9.9
TIJ,2019,Evolução,J1,9.9
TIJ,2019,Alegorias e Adereços,J1,10
TIJ,2019,Alegorias e Adereços,J2,10
TIJ,2019,Alegorias e Adereços,J3,10
TIJ,2019,Comissão de Frente,J3,10
TIJ,2019,Mestre-Sala e Porta-Bandeira,J4,9.9
TIJ,2019,Mestre-Sala e Porta-Bandeira,J3,9.9
TIJ,2019,Comissão de Frente,J1,9.9
TIJ,2019,Comissão de Frente,J2,9.8
TIJ,2019,Mestre-Sala e Porta-Bandeira,J2,10
TIJ,2019,Mestre-Sala e Porta-Bandeira,J1,9.9
TIJ,2019,Harmonia,J4,9.9
TIJ,2019,Enredo,J2,10
TIJ,2019,Enredo,J3,10
TIJ,2019,Enredo,J4,10
TIJ,2019,Bateria,J1,10
TIJ,2019,Bateria,J2,10
TIJ,2019,Bateria,J3,10
TIJ,2019,Bateria,J4,9.8
TIJ,2019,Fantasias,J1,9.8
TIJ,2019,Fantasias,J2,9.9
TIJ,2019,Harmonia,J3,10
TIJ,2019,Harmonia,J2,9.9
TIJ,2019,Harmonia,J1,10
TIJ,2019,Evolução,J4,10
TIJ,2019,Alegorias e Adereços,J4,10
TIJ,2019,Pen.,Pen.,0
TIJ,2019,Fantasias,J4,10
TIJ,2019,Fantasias,J3,10
TIJ,2019,Evolução,J3,10
TIJ,2019,Samba-Enredo,J2,9.8
TIJ,2019,Samba-Enredo,J3,9.9
TUI,2019,Mestre-Sala e Porta-Bandeira,J1,9.9
TUI,2019,Harmonia,J4,9.8
TUI,2019,Harmonia,J3,9.9
TUI,2019,Harmonia,J2,10
TUI,2019,Harmonia,J1,9.9
TUI,2019,Evolução,J4,9.9
TUI,2019,Evolução,J3,9.9
TUI,2019,Evolução,J2,10
TUI,2019,Evolução,J1,9.8
TUI,2019,Pen.,Pen.,0
TUI,2019,Fantasias,J4,9.9
TUI,2019,Fantasias,J3,10
TUI,2019,Fantasias,J2,10
TUI,2019,Fantasias,J1,9.9
TUI,2019,Bateria,J4,10
TUI,2019,Bateria,J3,9.8
TUI,2019,Bateria,J2,10
TUI,2019,Bateria,J1,10
TUI,2019,Enredo,J4,10
TUI,2019,Enredo,J3,9.9
TUI,2019,Enredo,J2,10
TUI,2019,Enredo,J1,9.8
TUI,2019,Samba-Enredo,J4,10
TUI,2019,Samba-Enredo,J3,10
TUI,2019,Samba-Enredo,J2,10
TUI,2019,Samba-Enredo,J1,10
TUI,2019,Comissão de Frente,J4,9.8
TUI,2019,Comissão de Frente,J3,9.9
TUI,2019,Comissão de Frente,J2,9.8
TUI,2019,Comissão de Frente,J1,9.8
TUI,2019,Alegorias e Adereços,J4,10
TUI,2019,Alegorias e Adereços,J3,9.9
TUI,2019,Mestre-Sala e Porta-Bandeira,J2,10
TUI,2019,Alegorias e Adereços,J2,9.9
TUI,2019,Alegorias e Adereços,J1,9.8
TUI,2019,Mestre-Sala e Porta-Bandeira,J4,9.8
TUI,2019,Mestre-Sala e Porta-Bandeira,J3,9.9
UNI,2019,Bateria,J4,10
UNI,2019,Bateria,J3,10
UNI,2019,Bateria,J2,10
UNI,2019,Bateria,J1,10
UNI,2019,Enredo,J3,9.9
UNI,2019,Enredo,J2,9.9
UNI,2019,Mestre-Sala e Porta-Bandeira,J4,9.9
UNI,2019,Mestre-Sala e Porta-Bandeira,J1,9.9
UNI,2019,Mestre-Sala e Porta-Bandeira,J3,10
UNI,2019,Alegorias e Adereços,J2,10
UNI,2019,Alegorias e Adereços,J3,10
UNI,2019,Alegorias e Adereços,J1,9.9
UNI,2019,Mestre-Sala e Porta-Bandeira,J2,9.9
UNI,2019,Harmonia,J4,9.7
UNI,2019,Harmonia,J3,9.9
UNI,2019,Harmonia,J2,9.9
UNI,2019,Harmonia,J1,9.9
UNI,2019,Evolução,J4,9.9
UNI,2019,Evolução,J3,9.9
UNI,2019,Evolução,J2,9.8
UNI,2019,Evolução,J1,9.9
UNI,2019,Samba-Enredo,J3,9.8
UNI,2019,Samba-Enredo,J2,9.9
UNI,2019,Samba-Enredo,J1,9.8
UNI,2019,Alegorias e Adereços,J4,10
UNI,2019,Comissão de Frente,J4,9.8
UNI,2019,Comissão de Frente,J3,10
UNI,2019,Comissão de Frente,J2,9.9
UNI,2019,Comissão de Frente,J1,9.7
UNI,2019,Enredo,J4,9.9
UNI,2019,Enredo,J1,9.8
UNI,2019,Samba-Enredo,J4,9.7
UNI,2019,Pen.,Pen.,0
UNI,2019,Fantasias,J4,9.8
UNI,2019,Fantasias,J3,9.8
UNI,2019,Fantasias,J2,10
UNI,2019,Fantasias,J1,9.8
VIR,2019,Bateria,J2,10
VIR,2019,Samba-Enredo,J3,10
VIR,2019,Samba-Enredo,J4,9.8
VIR,2019,Enredo,J1,10
VIR,2019,Enredo,J2,10
VIR,2019,Enredo,J3,10
VIR,2019,Enredo,J4,10
VIR,2019,Comissão de Frente,J4,10
VIR,2019,Comissão de Frente,J3,10
VIR,2019,Comissão de Frente,J2,10
VIR,2019,Comissão de Frente,J1,9.8
VIR,2019,Alegorias e Adereços,J4,9.9
VIR,2019,Alegorias e Adereços,J3,10
VIR,2019,Alegorias e Adereços,J2,9.9
VIR,2019,Alegorias e Adereços,J1,10
VIR,2019,Mestre-Sala e Porta-Bandeira,J4,10
VIR,2019,Mestre-Sala e Porta-Bandeira,J3,10
VIR,2019,Mestre-Sala e Porta-Bandeira,J2,10
VIR,2019,Mestre-Sala e Porta-Bandeira,J1,10
VIR,2019,Bateria,J1,9.9
VIR,2019,Bateria,J3,10
VIR,2019,Bateria,J4,10
VIR,2019,Fantasias,J1,10
VIR,2019,Fantasias,J2,10
VIR,2019,Fantasias,J3,10
VIR,2019,Fantasias,J4,9.9
VIR,2019,Pen.,Pen.,0
VIR,2019,Evolução,J4,10
VIR,2019,Evolução,J3,10
VIR,2019,Samba-Enredo,J2,9.8
VIR,2019,Harmonia,J4,10
VIR,2019,Harmonia,J3,10
VIR,2019,Harmonia,J2,9.9
VIR,2019,Samba-Enredo,J1,10
VIR,2019,Evolução,J2,10
VIR,2019,Evolução,J1,10
VIR,2019,Harmonia,J1,10
VIS,2019,Pen.,Pen.,-0.01
VIS,2019,Fantasias,J4,10
VIS,2019,Fantasias,J3,10
VIS,2019,Fantasias,J2,10
VIS,2019,Fantasias,J1,10
VIS,2019,Alegorias e Adereços,J3,10
VIS,2019,Enredo,J4,9.9
VIS,2019,Bateria,J4,9.9
VIS,2019,Bateria,J3,10
VIS,2019,Bateria,J1,9.9
VIS,2019,Bateria,J2,10
VIS,2019,Mestre-Sala e Porta-Bandeira,J2,10
VIS,2019,Alegorias e Adereços,J2,10
VIS,2019,Enredo,J3,10
VIS,2019,Enredo,J2,10
VIS,2019,Harmonia,J1,9.9
VIS,2019,Enredo,J1,9.9
VIS,2019,Samba-Enredo,J4,9.8
VIS,2019,Samba-Enredo,J3,9.9
VIS,2019,Samba-Enredo,J2,9.9
VIS,2019,Samba-Enredo,J1,9.9
VIS,2019,Comissão de Frente,J4,10
VIS,2019,Comissão de Frente,J3,10
VIS,2019,Comissão de Frente,J2,10
VIS,2019,Comissão de Frente,J1,10
VIS,2019,Alegorias e Adereços,J4,10
VIS,2019,Harmonia,J2,10
VIS,2019,Harmonia,J3,10
VIS,2019,Harmonia,J4,10
VIS,2019,Mestre-Sala e Porta-Bandeira,J3,10
VIS,2019,Mestre-Sala e Porta-Bandeira,J4,10
VIS,2019,Mestre-Sala e Porta-Bandeira,J1,10
VIS,2019,Evolução,J4,10
VIS,2019,Evolução,J3,10
VIS,2019,Evolução,J2,10
VIS,2019,Evolução,J1,10
VIS,2019,Alegorias e Adereços,J1,10
BJF,2020,Alegorias e Adereços,J3,10
BJF,2020,Alegorias e Adereços,J4,9.9
BJF,2020,Alegorias e Adereços,J5,10
BJF,2020,Bateria,J1,9.9
BJF,2020,Bateria,J2,10
BJF,2020,Bateria,J3,10
BJF,2020,Bateria,J4,10
BJF,2020,Bateria,J5,10
BJF,2020,Mestre-Sala e Porta-Bandeira,J2,10
BJF,2020,Mestre-Sala e Porta-Bandeira,J1,10
BJF,2020,Mestre-Sala e Porta-Bandeira,J3,10
BJF,2020,Mestre-Sala e Porta-Bandeira,J4,10
BJF,2020,Enredo,J3,10
BJF,2020,Harmonia,J1,9.9
BJF,2020,Evolução,J5,9.9
BJF,2020,Evolução,J4,9.9
BJF,2020,Enredo,J2,9.9
BJF,2020,Enredo,J1,9.9
BJF,2020,Comissão de Frente,J5,10
BJF,2020,Comissão de Frente,J4,9.9
BJF,2020,Comissão de Frente,J3,10
BJF,2020,Comissão de Frente,J2,10
BJF,2020,Comissão de Frente,J1,10
BJF,2020,Evolução,J3,10
BJF,2020,Evolução,J2,10
BJF,2020,Evolução,J1,10
BJF,2020,Harmonia,J4,9.9
BJF,2020,Mestre-Sala e Porta-Bandeira,J5,9.9
BJF,2020,Harmonia,J5,10
BJF,2020,Pen.,Pen.,0
BJF,2020,Samba-Enredo,J5,10
BJF,2020,Samba-Enredo,J4,10
BJF,2020,Samba-Enredo,J3,10
BJF,2020,Samba-Enredo,J2,10
BJF,2020,Samba-Enredo,J1,9.8
BJF,2020,Harmonia,J3,10
BJF,2020,Fantasias,J5,10
BJF,2020,Harmonia,J2,9.9
BJF,2020,Fantasias,J4,10
BJF,2020,Fantasias,J3,10
BJF,2020,Fantasias,J2,9.9
BJF,2020,Fantasias,J1,10
BJF,2020,Enredo,J4,10
BJF,2020,Enredo,J5,10
BJF,2020,Alegorias e Adereços,J1,9.9
BJF,2020,Alegorias e Adereços,J2,9.9
EST,2020,Evolução,J5,9.9
EST,2020,Evolução,J4,9.9
EST,2020,Evolução,J3,9.8
EST,2020,Evolução,J2,9.7
EST,2020,Evolução,J1,9.7
EST,2020,Mestre-Sala e Porta-Bandeira,J5,9.8
EST,2020,Mestre-Sala e Porta-Bandeira,J4,9.8
EST,2020,Mestre-Sala e Porta-Bandeira,J3,9.8
EST,2020,Mestre-Sala e Porta-Bandeira,J2,9.8
EST,2020,Mestre-Sala e Porta-Bandeira,J1,9.8
EST,2020,Bateria,J5,9.9
EST,2020,Bateria,J4,9.9
EST,2020,Bateria,J3,9.8
EST,2020,Bateria,J2,9.9
EST,2020,Bateria,J1,10
EST,2020,Alegorias e Adereços,J5,9.9
EST,2020,Alegorias e Adereços,J4,9.9
EST,2020,Alegorias e Adereços,J3,9.7
EST,2020,Fantasias,J1,9.7
EST,2020,Fantasias,J2,9.8
EST,2020,Fantasias,J3,9.9
EST,2020,Fantasias,J4,9.9
EST,2020,Fantasias,J5,9.8
EST,2020,Samba-Enredo,J1,9.8
EST,2020,Samba-Enredo,J2,9.7
EST,2020,Samba-Enredo,J3,9.8
EST,2020,Samba-Enredo,J4,9.8
EST,2020,Samba-Enredo,J5,9.9
EST,2020,Comissão de Frente,J1,9.7
EST,2020,Comissão de Frente,J2,9.7
EST,2020,Comissão de Frente,J3,9.8
EST,2020,Comissão de Frente,J4,9.8
EST,2020,Comissão de Frente,J5,9.8
EST,2020,Enredo,J1,9.8
EST,2020,Enredo,J2,9.8
EST,2020,Enredo,J3,9.7
EST,2020,Enredo,J4,9.9
EST,2020,Enredo,J5,9.7
EST,2020,Alegorias e Adereços,J1,9.7
EST,2020,Alegorias e Adereços,J2,9.9
EST,2020,Pen.,Pen.,0
EST,2020,Harmonia,J5,9.7
EST,2020,Harmonia,J4,9.8
EST,2020,Harmonia,J3,9.7
EST,2020,Harmonia,J2,9.7
EST,2020,Harmonia,J1,9.8
GRA,2020,Comissão de Frente,J5,10
GRA,2020,Comissão de Frente,J4,10
GRA,2020,Comissão de Frente,J3,10
GRA,2020,Comissão de Frente,J2,10
GRA,2020,Comissão de Frente,J1,10
GRA,2020,Samba-Enredo,J5,10
GRA,2020,Samba-Enredo,J4,10
GRA,2020,Samba-Enredo,J3,10
GRA,2020,Fantasias,J4,10
GRA,2020,Fantasias,J3,10
GRA,2020,Fantasias,J2,10
GRA,2020,Fantasias,J1,10
GRA,2020,Evolução,J1,9.9
GRA,2020,Mestre-Sala e Porta-Bandeira,J5,10
GRA,2020,Mestre-Sala e Porta-Bandeira,J4,10
GRA,2020,Mestre-Sala e Porta-Bandeira,J3,10
GRA,2020,Mestre-Sala e Porta-Bandeira,J2,10
GRA,2020,Mestre-Sala e Porta-Bandeira,J1,10
GRA,2020,Bateria,J5,10
GRA,2020,Bateria,J4,10
GRA,2020,Bateria,J3,10
GRA,2020,Bateria,J2,10
GRA,2020,Bateria,J1,10
GRA,2020,Alegorias e Adereços,J3,10
GRA,2020,Alegorias e Adereços,J4,9.9
GRA,2020,Alegorias e Adereços,J5,10
GRA,2020,Samba-Enredo,J2,10
GRA,2020,Samba-Enredo,J1,10
GRA,2020,Fantasias,J5,9.8
GRA,2020,Alegorias e Adereços,J2,10
GRA,2020,Alegorias e Adereços,J1,9.9
GRA,2020,Enredo,J5,10
GRA,2020,Pen.,Pen.,0
GRA,2020,Harmonia,J5,9.9
GRA,2020,Harmonia,J4,10
GRA,2020,Harmonia,J3,10
GRA,2020,Harmonia,J2,10
GRA,2020,Harmonia,J1,10
GRA,2020,Evolução,J5,9.9
GRA,2020,Evolução,J4,9.9
GRA,2020,Evolução,J3,9.9
GRA,2020,Evolução,J2,9.9
GRA,2020,Enredo,J4,10
GRA,2020,Enredo,J3,10
GRA,2020,Enredo,J2,10
GRA,2020,Enredo,J1,10
MAN,2020,Bateria,J5,10
MAN,2020,Bateria,J4,10
MAN,2020,Bateria,J3,10
MAN,2020,Bateria,J2,9.9
MAN,2020,Bateria,J1,10
MAN,2020,Alegorias e Adereços,J5,9.9
MAN,2020,Alegorias e Adereços,J4,9.9
MAN,2020,Alegorias e Adereços,J3,9.9
MAN,2020,Comissão de Frente,J2,9.9
MAN,2020,Comissão de Frente,J1,10
MAN,2020,Samba-Enredo,J5,10
MAN,2020,Samba-Enredo,J4,9.9
MAN,2020,Samba-Enredo,J3,10
MAN,2020,Samba-Enredo,J2,10
MAN,2020,Samba-Enredo,J1,10
MAN,2020,Fantasias,J5,9.9
MAN,2020,Fantasias,J4,9.7
MAN,2020,Fantasias,J3,10
MAN,2020,Fantasias,J2,10
MAN,2020,Fantasias,J1,9.9
MAN,2020,Alegorias e Adereços,J2,9.9
MAN,2020,Alegorias e Adereços,J1,9.7
MAN,2020,Enredo,J5,10
MAN,2020,Enredo,J4,10
MAN,2020,Enredo,J3,10
MAN,2020,Enredo,J2,10
MAN,2020,Enredo,J1,10
MAN,2020,Comissão de Frente,J5,10
MAN,2020,Comissão de Frente,J4,10
MAN,2020,Comissão de Frente,J3,9.9
MAN,2020,Evolução,J5,10
MAN,2020,Evolução,J4,10
MAN,2020,Evolução,J3,10
MAN,2020,Evolução,J2,9.9
MAN,2020,Evolução,J1,9.9
MAN,2020,Pen.,Pen.,0
MAN,2020,Harmonia,J5,10
MAN,2020,Harmonia,J4,9.9
MAN,2020,Harmonia,J3,10
MAN,2020,Harmonia,J2,9.9
MAN,2020,Harmonia,J1,10
MAN,2020,Mestre-Sala e Porta-Bandeira,J5,9.9
MAN,2020,Mestre-Sala e Porta-Bandeira,J4,10
MAN,2020,Mestre-Sala e Porta-Bandeira,J3,9.9
MAN,2020,Mestre-Sala e Porta-Bandeira,J2,9.9
MAN,2020,Mestre-Sala e Porta-Bandeira,J1,9.9
MOC,2020,Mestre-Sala e Porta-Bandeira,J2,10
MOC,2020,Harmonia,J5,10
MOC,2020,Fantasias,J4,9.9
MOC,2020,Fantasias,J3,9.9
MOC,2020,Fantasias,J2,10
MOC,2020,Fantasias,J1,9.9
MOC,2020,Alegorias e Adereços,J1,9.8
MOC,2020,Enredo,J5,10
MOC,2020,Enredo,J4,9.9
MOC,2020,Enredo,J3,10
MOC,2020,Enredo,J2,10
MOC,2020,Enredo,J1,10
MOC,2020,Comissão de Frente,J5,10
MOC,2020,Comissão de Frente,J4,10
MOC,2020,Comissão de Frente,J3,9.9
MOC,2020,Alegorias e Adereços,J2,10
MOC,2020,Alegorias e Adereços,J3,10
MOC,2020,Alegorias e Adereços,J4,10
MOC,2020,Alegorias e Adereços,J5,10
MOC,2020,Bateria,J1,9.9
MOC,2020,Bateria,J2,9.9
MOC,2020,Bateria,J3,9.9
MOC,2020,Bateria,J4,10
MOC,2020,Bateria,J5,10
MOC,2020,Mestre-Sala e Porta-Bandeira,J1,10
MOC,2020,Harmonia,J4,10
MOC,2020,Mestre-Sala e Porta-Bandeira,J3,10
MOC,2020,Mestre-Sala e Porta-Bandeira,J4,9.9
MOC,2020,Mestre-Sala e Porta-Bandeira,J5,9.9
MOC,2020,Evolução,J1,10
MOC,2020,Evolução,J2,10
MOC,2020,Evolução,J3,10
MOC,2020,Evolução,J4,10
MOC,2020,Evolução,J5,10
MOC,2020,Harmonia,J1,10
MOC,2020,Harmonia,J2,10
MOC,2020,Harmonia,J3,9.9
MOC,2020,Pen.,Pen.,0
MOC,2020,Comissão de Frente,J2,10
MOC,2020,Comissão de Frente,J1,10
MOC,2020,Samba-Enredo,J5,10
MOC,2020,Samba-Enredo,J4,10
MOC,2020,Samba-Enredo,J3,10
MOC,2020,Samba-Enredo,J2,10
MOC,2020,Samba-Enredo,J1,10
MOC,2020,Fantasias,J5,9.8
POR,2020,Evolução,J4,10
POR,2020,Mestre-Sala e Porta-Bandeira,J1,9.9
POR,2020,Mestre-Sala e Porta-Bandeira,J2,9.8
POR,2020,Mestre-Sala e Porta-Bandeira,J3,9.9
POR,2020,Mestre-Sala e Porta-Bandeira,J4,9.9
POR,2020,Bateria,J5,10
POR,2020,Bateria,J4,10
POR,2020,Bateria,J3,10
POR,2020,Bateria,J2,10
POR,2020,Bateria,J1,10
POR,2020,Alegorias e Adereços,J5,10
POR,2020,Alegorias e Adereços,J4,10
POR,2020,Alegorias e Adereços,J3,10
POR,2020,Alegorias e Adereços,J2,10
POR,2020,Alegorias e Adereços,J1,9.8
POR,2020,Enredo,J5,10
POR,2020,Mestre-Sala e Porta-Bandeira,J5,9.8
POR,2020,Evolução,J1,10
POR,2020,Evolução,J2,10
POR,2020,Evolução,J3,10
POR,2020,Evolução,J5,10
POR,2020,Harmonia,J1,9.9
POR,2020,Harmonia,J2,9.8
POR,2020,Harmonia,J3,10
POR,2020,Harmonia,J4,10
POR,2020,Harmonia,J5,10
POR,2020,Pen.,Pen.,0
POR,2020,Enredo,J4,10
POR,2020,Enredo,J3,10
POR,2020,Enredo,J2,10
POR,2020,Enredo,J1,10
POR,2020,Comissão de Frente,J5,9.9
POR,2020,Comissão de Frente,J4,9.8
POR,2020,Comissão de Frente,J3,9.8
POR,2020,Comissão de Frente,J2,9.9
POR,2020,Comissão de Frente,J1,9.9
POR,2020,Samba-Enredo,J5,10
POR,2020,Samba-Enredo,J4,10
POR,2020,Samba-Enredo,J3,10
POR,2020,Samba-Enredo,J2,10
POR,2020,Samba-Enredo,J1,10
POR,2020,Fantasias,J5,9.9
POR,2020,Fantasias,J4,9.9
POR,2020,Fantasias,J3,9.9
POR,2020,Fantasias,J2,9.9
POR,2020,Fantasias,J1,9.8
SAL,2020,Enredo,J1,9.9
SAL,2020,Evolução,J2,9.9
SAL,2020,Evolução,J1,9.9
SAL,2020,Enredo,J2,9.9
SAL,2020,Mestre-Sala e Porta-Bandeira,J5,10
SAL,2020,Mestre-Sala e Porta-Bandeira,J4,10
SAL,2020,Mestre-Sala e Porta-Bandeira,J3,10
SAL,2020,Mestre-Sala e Porta-Bandeira,J2,10
SAL,2020,Mestre-Sala e Porta-Bandeira,J1,10
SAL,2020,Bateria,J5,10
SAL,2020,Bateria,J4,10
SAL,2020,Bateria,J3,9.9
SAL,2020,Bateria,J2,10
SAL,2020,Bateria,J1,10
SAL,2020,Alegorias e Adereços,J5,10
SAL,2020,Alegorias e Adereços,J4,10
SAL,2020,Alegorias e Adereços,J3,10
SAL,2020,Alegorias e Adereços,J2,10
SAL,2020,Alegorias e Adereços,J1,9.8
SAL,2020,Enredo,J5,10
SAL,2020,Evolução,J4,9.9
SAL,2020,Enredo,J3,10
SAL,2020,Evolução,J3,9.9
SAL,2020,Pen.,Pen.,0
SAL,2020,Harmonia,J5,10
SAL,2020,Harmonia,J4,9.9
SAL,2020,Harmonia,J3,9.9
SAL,2020,Harmonia,J2,10
SAL,2020,Harmonia,J1,10
SAL,2020,Evolução,J5,10
SAL,2020,Enredo,J4,9.9
SAL,2020,Fantasias,J1,10
SAL,2020,Fantasias,J2,10
SAL,2020,Fantasias,J3,10
SAL,2020,Fantasias,J4,10
SAL,2020,Fantasias,J5,10
SAL,2020,Samba-Enredo,J1,10
SAL,2020,Samba-Enredo,J2,9.9
SAL,2020,Samba-Enredo,J3,9.9
SAL,2020,Samba-Enredo,J4,9.7
SAL,2020,Samba-Enredo,J5,9.8
SAL,2020,Comissão de Frente,J1,9.9
SAL,2020,Comissão de Frente,J2,10
SAL,2020,Comissão de Frente,J3,10
SAL,2020,Comissão de Frente,J4,10
SAL,2020,Comissão de Frente,J5,10
SCL,2020,Alegorias e Adereços,J4,10
SCL,2020,Harmonia,J2,9.8
SCL,2020,Harmonia,J1,9.8
SCL,2020,Evolução,J5,9.9
SCL,2020,Evolução,J4,10
SCL,2020,Evolução,J3,9.9
SCL,2020,Evolução,J2,10
SCL,2020,Evolução,J1,10
SCL,2020,Mestre-Sala e Porta-Bandeira,J5,9.8
SCL,2020,Mestre-Sala e Porta-Bandeira,J4,9.9
SCL,2020,Mestre-Sala e Porta-Bandeira,J3,9.9
SCL,2020,Mestre-Sala e Porta-Bandeira,J2,10
SCL,2020,Mestre-Sala e Porta-Bandeira,J1,9.8
SCL,2020,Bateria,J5,9.9
SCL,2020,Bateria,J4,9.9
SCL,2020,Bateria,J3,10
SCL,2020,Bateria,J2,10
SCL,2020,Bateria,J1,9.8
SCL,2020,Alegorias e Adereços,J5,10
SCL,2020,Alegorias e Adereços,J3,9.8
SCL,2020,Alegorias e Adereços,J2,9.9
SCL,2020,Alegorias e Adereços,J1,9.8
SCL,2020,Enredo,J5,9.9
SCL,2020,Enredo,J4,9.9
SCL,2020,Harmonia,J4,10
SCL,2020,Harmonia,J5,9.9
SCL,2020,Pen.,Pen.,0
SCL,2020,Enredo,J3,9.9
SCL,2020,Enredo,J2,10
SCL,2020,Enredo,J1,10
SCL,2020,Comissão de Frente,J5,9.9
SCL,2020,Comissão de Frente,J4,9.9
SCL,2020,Comissão de Frente,J3,9.8
SCL,2020,Comissão de Frente,J2,9.8
SCL,2020,Comissão de Frente,J1,9.8
SCL,2020,Samba-Enredo,J5,9.9
SCL,2020,Samba-Enredo,J4,9.9
SCL,2020,Harmonia,J3,9.8
SCL,2020,Samba-Enredo,J3,9.9
SCL,2020,Samba-Enredo,J2,9.8
SCL,2020,Samba-Enredo,J1,10
SCL,2020,Fantasias,J5,9.8
SCL,2020,Fantasias,J4,9.8
SCL,2020,Fantasias,J3,9.9
SCL,2020,Fantasias,J2,10
SCL,2020,Fantasias,J1,9.7
TIJ,2020,Harmonia,J1,10
TIJ,2020,Evolução,J5,10
TIJ,2020,Evolução,J4,9.9
TIJ,2020,Evolução,J3,9.9
TIJ,2020,Evolução,J2,10
TIJ,2020,Evolução,J1,10
TIJ,2020,Mestre-Sala e Porta-Bandeira,J5,9.9
TIJ,2020,Mestre-Sala e Porta-Bandeira,J4,10
TIJ,2020,Mestre-Sala e Porta-Bandeira,J3,9.8
TIJ,2020,Mestre-Sala e Porta-Bandeira,J2,9.9
TIJ,2020,Mestre-Sala e Porta-Bandeira,J1,9.9
TIJ,2020,Bateria,J5,10
TIJ,2020,Harmonia,J2,9.9
TIJ,2020,Harmonia,J3,9.9
TIJ,2020,Harmonia,J4,9.9
TIJ,2020,Harmonia,J5,9.9
TIJ,2020,Pen.,Pen.,-0.1
TIJ,2020,Comissão de Frente,J1,9.8
TIJ,2020,Samba-Enredo,J5,9.9
TIJ,2020,Samba-Enredo,J4,10
TIJ,2020,Samba-Enredo,J3,10
TIJ,2020,Samba-Enredo,J2,9.9
TIJ,2020,Samba-Enredo,J1,9.9
TIJ,2020,Fantasias,J5,9.8
TIJ,2020,Fantasias,J4,9.9
TIJ,2020,Fantasias,J3,9.9
TIJ,2020,Fantasias,J2,10
TIJ,2020,Fantasias,J1,9.9
TIJ,2020,Bateria,J4,10
TIJ,2020,Comissão de Frente,J2,9.9
TIJ,2020,Comissão de Frente,J3,9.8
TIJ,2020,Comissão de Frente,J4,9.8
TIJ,2020,Comissão de Frente,J5,9.8
TIJ,2020,Enredo,J1,10
TIJ,2020,Enredo,J2,9.8
TIJ,2020,Enredo,J3,9.9
TIJ,2020,Enredo,J4,10
TIJ,2020,Enredo,J5,10
TIJ,2020,Alegorias e Adereços,J1,9.8
TIJ,2020,Alegorias e Adereços,J2,9.9
TIJ,2020,Alegorias e Adereços,J3,9.9
TIJ,2020,Alegorias e Adereços,J4,10
TIJ,2020,Alegorias e Adereços,J5,9.8
TIJ,2020,Bateria,J1,10
TIJ,2020,Bateria,J2,10
TIJ,2020,Bateria,J3,10
TUI,2020,Samba-Enredo,J4,9.8
TUI,2020,Pen.,Pen.,0
TUI,2020,Harmonia,J5,9.7
TUI,2020,Harmonia,J4,9.9
TUI,2020,Harmonia,J3,9.8
TUI,2020,Harmonia,J2,9.8
TUI,2020,Harmonia,J1,9.8
TUI,2020,Evolução,J5,9.9
TUI,2020,Evolução,J4,9.8
TUI,2020,Evolução,J3,9.9
TUI,2020,Evolução,J2,9.7
TUI,2020,Evolução,J1,9.8
TUI,2020,Mestre-Sala e Porta-Bandeira,J5,10
TUI,2020,Mestre-Sala e Porta-Bandeira,J4,9.9
TUI,2020,Mestre-Sala e Porta-Bandeira,J3,10
TUI,2020,Mestre-Sala e Porta-Bandeira,J2,9.9
TUI,2020,Mestre-Sala e Porta-Bandeira,J1,10
TUI,2020,Bateria,J5,9.9
TUI,2020,Bateria,J4,10
TUI,2020,Bateria,J3,9.9
TUI,2020,Bateria,J2,9.9
TUI,2020,Bateria,J1,9.9
TUI,2020,Alegorias e Adereços,J5,9.9
TUI,2020,Alegorias e Adereços,J4,10
TUI,2020,Alegorias e Adereços,J3,9.8
TUI,2020,Alegorias e Adereços,J2,9.8
TUI,2020,Alegorias e Adereços,J1,9.7
TUI,2020,Enredo,J5,9.9
TUI,2020,Enredo,J4,9.9
TUI,2020,Enredo,J3,9.9
TUI,2020,Enredo,J2,9.9
TUI,2020,Enredo,J1,9.9
TUI,2020,Comissão de Frente,J5,9.8
TUI,2020,Comissão de Frente,J4,9.8
TUI,2020,Comissão de Frente,J3,9.8
TUI,2020,Comissão de Frente,J2,9.8
TUI,2020,Comissão de Frente,J1,9.8
TUI,2020,Samba-Enredo,J5,9.9
TUI,2020,Samba-Enredo,J3,10
TUI,2020,Samba-Enredo,J2,9.9
TUI,2020,Samba-Enredo,J1,9.7
TUI,2020,Fantasias,J5,10
TUI,2020,Fantasias,J4,9.7
TUI,2020,Fantasias,J3,9.8
TUI,2020,Fantasias,J2,9.9
TUI,2020,Fantasias,J1,9.8
UNI,2020,Samba-Enredo,J1,9.9
UNI,2020,Alegorias e Adereços,J2,9.8
UNI,2020,Alegorias e Adereços,J3,9.6
UNI,2020,Alegorias e Adereços,J4,9.8
UNI,2020,Alegorias e Adereços,J5,9.7
UNI,2020,Bateria,J1,9.9
UNI,2020,Bateria,J2,10
UNI,2020,Bateria,J3,9.9
UNI,2020,Bateria,J4,9.9
UNI,2020,Bateria,J5,9.9
UNI,2020,Mestre-Sala e Porta-Bandeira,J1,9.8
UNI,2020,Mestre-Sala e Porta-Bandeira,J2,9.9
UNI,2020,Mestre-Sala e Porta-Bandeira,J3,9.9
UNI,2020,Mestre-Sala e Porta-Bandeira,J4,9.9
UNI,2020,Mestre-Sala e Porta-Bandeira,J5,9.8
UNI,2020,Evolução,J1,9.8
UNI,2020,Evolução,J2,9.9
UNI,2020,Evolução,J3,9.8
UNI,2020,Fantasias,J1,9.6
UNI,2020,Evolução,J4,9.7
UNI,2020,Evolução,J5,9.8
UNI,2020,Harmonia,J1,9.9
UNI,2020,Harmonia,J2,9.8
UNI,2020,Harmonia,J3,9.8
UNI,2020,Harmonia,J4,9.8
UNI,2020,Harmonia,J5,9.8
UNI,2020,Pen.,Pen.,-0.1
UNI,2020,Fantasias,J2,9.6
UNI,2020,Fantasias,J3,9.8
UNI,2020,Fantasias,J4,9.9
UNI,2020,Fantasias,J5,9.6
UNI,2020,Alegorias e Adereços,J1,9.8
UNI,2020,Enredo,J5,9.8
UNI,2020,Enredo,J4,9.8
UNI,2020,Enredo,J3,9.8
UNI,2020,Enredo,J2,9.7
UNI,2020,Enredo,J1,9.7
UNI,2020,Comissão de Frente,J5,9.8
UNI,2020,Comissão de Frente,J4,9.8
UNI,2020,Comissão de Frente,J3,9.7
UNI,2020,Comissão de Frente,J2,9.8
UNI,2020,Comissão de Frente,J1,9.6
UNI,2020,Samba-Enredo,J5,9.9
UNI,2020,Samba-Enredo,J4,9.7
UNI,2020,Samba-Enredo,J3,9.7
UNI,2020,Samba-Enredo,J2,9.7
VIR,2020,Fantasias,J1,10
VIR,2020,Alegorias e Adereços,J5,9.9
VIR,2020,Alegorias e Adereços,J4,9.9
VIR,2020,Alegorias e Adereços,J3,9.9
VIR,2020,Alegorias e Adereços,J2,10
VIR,2020,Alegorias e Adereços,J1,9.9
VIR,2020,Enredo,J5,10
VIR,2020,Enredo,J4,10
VIR,2020,Enredo,J3,10
VIR,2020,Enredo,J2,10
VIR,2020,Enredo,J1,10
VIR,2020,Comissão de Frente,J5,9.9
VIR,2020,Comissão de Frente,J4,10
VIR,2020,Comissão de Frente,J3,9.9
VIR,2020,Comissão de Frente,J2,10
VIR,2020,Comissão de Frente,J1,10
VIR,2020,Samba-Enredo,J5,10
VIR,2020,Samba-Enredo,J4,10
VIR,2020,Samba-Enredo,J3,10
VIR,2020,Samba-Enredo,J2,9.9
VIR,2020,Bateria,J1,10
VIR,2020,Bateria,J2,10
VIR,2020,Bateria,J3,10
VIR,2020,Bateria,J4,10
VIR,2020,Bateria,J5,10
VIR,2020,Mestre-Sala e Porta-Bandeira,J1,10
VIR,2020,Mestre-Sala e Porta-Bandeira,J2,10
VIR,2020,Mestre-Sala e Porta-Bandeira,J3,10
VIR,2020,Mestre-Sala e Porta-Bandeira,J4,10
VIR,2020,Mestre-Sala e Porta-Bandeira,J5,10
VIR,2020,Evolução,J1,9.9
VIR,2020,Evolução,J2,10
VIR,2020,Evolução,J3,10
VIR,2020,Evolução,J4,10
VIR,2020,Evolução,J5,10
VIR,2020,Harmonia,J1,10
VIR,2020,Harmonia,J2,10
VIR,2020,Harmonia,J3,10
VIR,2020,Harmonia,J4,10
VIR,2020,Harmonia,J5,9.8
VIR,2020,Pen.,Pen.,0
VIR,2020,Samba-Enredo,J1,10
VIR,2020,Fantasias,J5,10
VIR,2020,Fantasias,J4,10
VIR,2020,Fantasias,J3,9.9
VIR,2020,Fantasias,J2,10
VIS,2020,Alegorias e Adereços,J2,10
VIS,2020,Pen.,Pen.,0
VIS,2020,Harmonia,J5,9.8
VIS,2020,Harmonia,J4,10
VIS,2020,Harmonia,J3,10
VIS,2020,Harmonia,J2,9.9
VIS,2020,Harmonia,J1,9.9
VIS,2020,Evolução,J5,10
VIS,2020,Evolução,J4,10
VIS,2020,Evolução,J3,10
VIS,2020,Evolução,J2,9.9
VIS,2020,Evolução,J1,9.9
VIS,2020,Mestre-Sala e Porta-Bandeira,J5,9.9
VIS,2020,Mestre-Sala e Porta-Bandeira,J4,9.9
VIS,2020,Mestre-Sala e Porta-Bandeira,J3,10
VIS,2020,Mestre-Sala e Porta-Bandeira,J2,9.9
VIS,2020,Mestre-Sala e Porta-Bandeira,J1,9.9
VIS,2020,Bateria,J5,10
VIS,2020,Bateria,J4,10
VIS,2020,Bateria,J3,10
VIS,2020,Bateria,J2,10
VIS,2020,Bateria,J1,10
VIS,2020,Alegorias e Adereços,J5,10
VIS,2020,Alegorias e Adereços,J4,10
VIS,2020,Alegorias e Adereços,J3,10
VIS,2020,Alegorias e Adereços,J1,9.8
VIS,2020,Enredo,J5,9.9
VIS,2020,Enredo,J4,10
VIS,2020,Enredo,J3,9.9
VIS,2020,Enredo,J2,9.9
VIS,2020,Enredo,J1,9.9
VIS,2020,Comissão de Frente,J5,10
VIS,2020,Comissão de Frente,J4,10
VIS,2020,Comissão de Frente,J3,9.9
VIS,2020,Comissão de Frente,J2,10
VIS,2020,Comissão de Frente,J1,10
VIS,2020,Samba-Enredo,J5,10
VIS,2020,Samba-Enredo,J4,9.9
VIS,2020,Samba-Enredo,J3,9.9
VIS,2020,Samba-Enredo,J2,9.8
VIS,2020,Samba-Enredo,J1,9.9
VIS,2020,Fantasias,J5,10
VIS,2020,Fantasias,J4,9.9
VIS,2020,Fantasias,J3,9.9
VIS,2020,Fantasias,J2,9.9
VIS,2020,Fantasias,J1,10
BJF,2022,Alegorias e Adereços,J1,9.9
BJF,2022,Bateria,J5,10
BJF,2022,Bateria,J4,10
BJF,2022,Bateria,J3,10
BJF,2022,Enredo,J4,10
BJF,2022,Enredo,J5,10
BJF,2022,Mestre-Sala e Porta-Bandeira,J1,9.9
BJF,2022,Mestre-Sala e Porta-Bandeira,J2,10
BJF,2022,Mestre-Sala e Porta-Bandeira,J3,10
BJF,2022,Mestre-Sala e Porta-Bandeira,J4,10
BJF,2022,Mestre-Sala e Porta-Bandeira,J5,10
BJF,2022,Evolução,J1,10
BJF,2022,Evolução,J2,10
BJF,2022,Evolução,J3,10
BJF,2022,Evolução,J4,9.9
BJF,2022,Evolução,J5,10
BJF,2022,Pen.,Pen.,0
BJF,2022,Fantasias,J1,10
BJF,2022,Fantasias,J2,10
BJF,2022,Fantasias,J3,10
BJF,2022,Fantasias,J4,10
BJF,2022,Fantasias,J5,10
BJF,2022,Harmonia,J1,10
BJF,2022,Harmonia,J2,10
BJF,2022,Harmonia,J3,10
BJF,2022,Harmonia,J4,10
BJF,2022,Harmonia,J5,10
BJF,2022,Comissão de Frente,J1,10
BJF,2022,Comissão de Frente,J2,10
BJF,2022,Comissão de Frente,J3,10
BJF,2022,Comissão de Frente,J4,9.9
BJF,2022,Comissão de Frente,J5,9.9
BJF,2022,Samba-Enredo,J1,10
BJF,2022,Samba-Enredo,J2,10
BJF,2022,Samba-Enredo,J3,10
BJF,2022,Samba-Enredo,J4,10
BJF,2022,Samba-Enredo,J5,10
BJF,2022,Bateria,J1,10
BJF,2022,Bateria,J2,10
BJF,2022,Enredo,J3,10
BJF,2022,Enredo,J2,10
BJF,2022,Enredo,J1,10
BJF,2022,Alegorias e Adereços,J5,9.9
BJF,2022,Alegorias e Adereços,J4,9.9
BJF,2022,Alegorias e Adereços,J3,9.8
BJF,2022,Alegorias e Adereços,J2,9.9
GRA,2022,Bateria,J4,10
GRA,2022,Bateria,J3,10
GRA,2022,Bateria,J2,10
GRA,2022,Bateria,J1,10
GRA,2022,Samba-Enredo,J5,10
GRA,2022,Samba-Enredo,J4,10
GRA,2022,Samba-Enredo,J2,9.8
GRA,2022,Mestre-Sala e Porta-Bandeira,J4,10
GRA,2022,Mestre-Sala e Porta-Bandeira,J2,10
GRA,2022,Samba-Enredo,J1,9.9
GRA,2022,Comissão de Frente,J5,10
GRA,2022,Comissão de Frente,J4,10
GRA,2022,Comissão de Frente,J3,10
GRA,2022,Comissão de Frente,J2,10
GRA,2022,Enredo,J5,10
GRA,2022,Enredo,J4,10
GRA,2022,Comissão de Frente,J1,10
GRA,2022,Harmonia,J5,10
GRA,2022,Harmonia,J4,10
GRA,2022,Harmonia,J3,10
GRA,2022,Harmonia,J2,10
GRA,2022,Harmonia,J1,10
GRA,2022,Fantasias,J5,10
GRA,2022,Mestre-Sala e Porta-Bandeira,J1,10
GRA,2022,Fantasias,J4,10
GRA,2022,Mestre-Sala e Porta-Bandeira,J3,10
GRA,2022,Fantasias,J1,10
GRA,2022,Enredo,J3,10
GRA,2022,Enredo,J2,10
GRA,2022,Enredo,J1,10
GRA,2022,Alegorias e Adereços,J5,10
GRA,2022,Alegorias e Adereços,J4,10
GRA,2022,Alegorias e Adereços,J3,10
GRA,2022,Fantasias,J3,10
GRA,2022,Fantasias,J2,10
GRA,2022,Alegorias e Adereços,J2,10
GRA,2022,Mestre-Sala e Porta-Bandeira,J5,10
GRA,2022,Evolução,J1,10
GRA,2022,Evolução,J2,10
GRA,2022,Evolução,J3,10
GRA,2022,Evolução,J4,10
GRA,2022,Evolução,J5,10
GRA,2022,Pen.,Pen.,0
GRA,2022,Samba-Enredo,J3,10
GRA,2022,Alegorias e Adereços,J1,10
GRA,2022,Bateria,J5,10
IMP,2022,Comissão de Frente,J1,9.9
IMP,2022,Pen.,Pen.,0
IMP,2022,Evolução,J5,9.9
IMP,2022,Evolução,J4,10
IMP,2022,Evolução,J3,9.9
IMP,2022,Evolução,J2,9.9
IMP,2022,Evolução,J1,9.6
IMP,2022,Mestre-Sala e Porta-Bandeira,J5,9.8
IMP,2022,Mestre-Sala e Porta-Bandeira,J4,9.9
IMP,2022,Mestre-Sala e Porta-Bandeira,J3,9.9
IMP,2022,Mestre-Sala e Porta-Bandeira,J2,10
IMP,2022,Mestre-Sala e Porta-Bandeira,J1,9.9
IMP,2022,Enredo,J5,10
IMP,2022,Enredo,J4,10
IMP,2022,Enredo,J3,10
IMP,2022,Enredo,J2,9.9
IMP,2022,Enredo,J1,9.9
IMP,2022,Fantasias,J3,10
IMP,2022,Alegorias e Adereços,J3,9.8
IMP,2022,Alegorias e Adereços,J2,9.8
IMP,2022,Alegorias e Adereços,J1,9.9
IMP,2022,Bateria,J5,10
IMP,2022,Samba-Enredo,J5,9.8
IMP,2022,Bateria,J4,10
IMP,2022,Bateria,J3,10
IMP,2022,Bateria,J2,10
IMP,2022,Bateria,J1,10
IMP,2022,Fantasias,J4,9.7
IMP,2022,Fantasias,J5,9.7
IMP,2022,Harmonia,J1,9.7
IMP,2022,Harmonia,J2,9.9
IMP,2022,Harmonia,J3,9.9
IMP,2022,Harmonia,J4,10
IMP,2022,Harmonia,J5,9.9
IMP,2022,Comissão de Frente,J2,9.8
IMP,2022,Comissão de Frente,J3,9.8
IMP,2022,Comissão de Frente,J4,9.8
IMP,2022,Comissão de Frente,J5,9.8
IMP,2022,Alegorias e Adereços,J4,9.9
IMP,2022,Samba-Enredo,J1,10
IMP,2022,Samba-Enredo,J2,9.8
IMP,2022,Samba-Enredo,J3,9.9
IMP,2022,Samba-Enredo,J4,10
IMP,2022,Alegorias e Adereços,J5,9.8
IMP,2022,Fantasias,J1,9.9
IMP,2022,Fantasias,J2,9.7
MAN,2022,Bateria,J5,9.9
MAN,2022,Bateria,J4,9.9
MAN,2022,Bateria,J3,9.9
MAN,2022,Bateria,J2,9.9
MAN,2022,Alegorias e Adereços,J3,9.9
MAN,2022,Pen.,Pen.,0
MAN,2022,Bateria,J1,10
MAN,2022,Alegorias e Adereços,J5,9.9
MAN,2022,Alegorias e Adereços,J4,9.9
MAN,2022,Evolução,J5,10
MAN,2022,Evolução,J4,10
MAN,2022,Samba-Enredo,J5,9.9
MAN,2022,Evolução,J3,9.9
MAN,2022,Evolução,J2,10
MAN,2022,Evolução,J1,9.9
MAN,2022,Mestre-Sala e Porta-Bandeira,J5,9.9
MAN,2022,Mestre-Sala e Porta-Bandeira,J4,10
MAN,2022,Mestre-Sala e Porta-Bandeira,J3,10
MAN,2022,Mestre-Sala e Porta-Bandeira,J2,10
MAN,2022,Mestre-Sala e Porta-Bandeira,J1,9.9
MAN,2022,Samba-Enredo,J4,9.9
MAN,2022,Samba-Enredo,J3,9.8
MAN,2022,Samba-Enredo,J2,10
MAN,2022,Samba-Enredo,J1,9.9
MAN,2022,Comissão de Frente,J5,10
MAN,2022,Comissão de Frente,J4,10
MAN,2022,Comissão de Frente,J3,10
MAN,2022,Comissão de Frente,J2,9.9
MAN,2022,Comissão de Frente,J1,10
MAN,2022,Harmonia,J5,10
MAN,2022,Harmonia,J4,9.9
MAN,2022,Harmonia,J3,9.9
MAN,2022,Harmonia,J2,10
MAN,2022,Harmonia,J1,10
MAN,2022,Fantasias,J5,10
MAN,2022,Fantasias,J4,10
MAN,2022,Fantasias,J3,9.9
MAN,2022,Fantasias,J2,10
MAN,2022,Fantasias,J1,9.8
MAN,2022,Enredo,J5,10
MAN,2022,Enredo,J4,9.8
MAN,2022,Enredo,J3,9.8
MAN,2022,Enredo,J2,9.8
MAN,2022,Enredo,J1,9.8
MAN,2022,Alegorias e Adereços,J2,10
MAN,2022,Alegorias e Adereços,J1,10
MOC,2022,Enredo,J3,9.9
MOC,2022,Pen.,Pen.,-0.1
MOC,2022,Evolução,J5,9.8
MOC,2022,Evolução,J4,9.8
MOC,2022,Evolução,J3,10
MOC,2022,Evolução,J2,9.9
MOC,2022,Evolução,J1,9.9
MOC,2022,Mestre-Sala e Porta-Bandeira,J5,10
MOC,2022,Mestre-Sala e Porta-Bandeira,J4,9.9
MOC,2022,Mestre-Sala e Porta-Bandeira,J3,10
MOC,2022,Mestre-Sala e Porta-Bandeira,J2,10
MOC,2022,Mestre-Sala e Porta-Bandeira,J1,10
MOC,2022,Enredo,J5,10
MOC,2022,Enredo,J4,9.9
MOC,2022,Enredo,J2,9.9
MOC,2022,Enredo,J1,10
MOC,2022,Alegorias e Adereços,J5,9.9
MOC,2022,Alegorias e Adereços,J4,9.8
MOC,2022,Alegorias e Adereços,J3,9.9
MOC,2022,Alegorias e Adereços,J2,9.9
MOC,2022,Alegorias e Adereços,J1,9.7
MOC,2022,Bateria,J5,10
MOC,2022,Bateria,J4,10
MOC,2022,Bateria,J3,9.9
MOC,2022,Bateria,J2,10
MOC,2022,Bateria,J1,10
MOC,2022,Samba-Enredo,J5,10
MOC,2022,Samba-Enredo,J4,10
MOC,2022,Samba-Enredo,J3,10
MOC,2022,Samba-Enredo,J2,9.9
MOC,2022,Samba-Enredo,J1,9.9
MOC,2022,Comissão de Frente,J5,9.9
MOC,2022,Comissão de Frente,J4,10
MOC,2022,Comissão de Frente,J3,9.9
MOC,2022,Comissão de Frente,J2,10
MOC,2022,Comissão de Frente,J1,10
MOC,2022,Harmonia,J5,9.9
MOC,2022,Harmonia,J4,9.9
MOC,2022,Harmonia,J3,9.8
MOC,2022,Harmonia,J2,9.9
MOC,2022,Harmonia,J1,9.8
MOC,2022,Fantasias,J5,10
MOC,2022,Fantasias,J4,9.8
MOC,2022,Fantasias,J3,9.9
MOC,2022,Fantasias,J2,10
MOC,2022,Fantasias,J1,10
POR,2022,Pen.,Pen.,0
POR,2022,Evolução,J5,10
POR,2022,Evolução,J4,10
POR,2022,Evolução,J3,10
POR,2022,Evolução,J2,9.9
POR,2022,Evolução,J1,10
POR,2022,Mestre-Sala e Porta-Bandeira,J5,9.9
POR,2022,Mestre-Sala e Porta-Bandeira,J4,10
POR,2022,Mestre-Sala e Porta-Bandeira,J3,10
POR,2022,Mestre-Sala e Porta-Bandeira,J2,10
POR,2022,Mestre-Sala e Porta-Bandeira,J1,10
POR,2022,Enredo,J5,10
POR,2022,Enredo,J4,10
POR,2022,Enredo,J3,10
POR,2022,Enredo,J2,10
POR,2022,Enredo,J1,9.9
POR,2022,Alegorias e Adereços,J5,9.9
POR,2022,Alegorias e Adereços,J4,9.8
POR,2022,Alegorias e Adereços,J3,9.9
POR,2022,Alegorias e Adereços,J2,9.9
POR,2022,Alegorias e Adereços,J1,9.7
POR,2022,Bateria,J5,10
POR,2022,Bateria,J4,10
POR,2022,Bateria,J3,10
POR,2022,Bateria,J2,10
POR,2022,Bateria,J1,10
POR,2022,Samba-Enredo,J5,9.8
POR,2022,Samba-Enredo,J4,10
POR,2022,Samba-Enredo,J3,9.9
POR,2022,Samba-Enredo,J2,10
POR,2022,Samba-Enredo,J1,10
POR,2022,Fantasias,J1,10
POR,2022,Fantasias,J2,10
POR,2022,Fantasias,J3,10
POR,2022,Fantasias,J4,10
POR,2022,Fantasias,J5,10
POR,2022,Harmonia,J1,9.9
POR,2022,Harmonia,J2,9.9
POR,2022,Harmonia,J3,10
POR,2022,Harmonia,J4,10
POR,2022,Harmonia,J5,10
POR,2022,Comissão de Frente,J1,9.9
POR,2022,Comissão de Frente,J2,9.8
POR,2022,Comissão de Frente,J3,10
POR,2022,Comissão de Frente,J4,9.9
POR,2022,Comissão de Frente,J5,10
SAL,2022,Pen.,Pen.,0
SAL,2022,Fantasias,J1,9.9
SAL,2022,Fantasias,J2,9.9
SAL,2022,Fantasias,J3,10
SAL,2022,Fantasias,J4,10
SAL,2022,Fantasias,J5,9.9
SAL,2022,Harmonia,J1,9.8
SAL,2022,Harmonia,J2,9.9
SAL,2022,Harmonia,J3,10
SAL,2022,Harmonia,J4,10
SAL,2022,Harmonia,J5,9.9
SAL,2022,Comissão de Frente,J1,10
SAL,2022,Comissão de Frente,J2,10
SAL,2022,Comissão de Frente,J3,10
SAL,2022,Comissão de Frente,J4,10
SAL,2022,Comissão de Frente,J5,10
SAL,2022,Samba-Enredo,J1,10
SAL,2022,Samba-Enredo,J2,9.9
SAL,2022,Samba-Enredo,J3,9.9
SAL,2022,Samba-Enredo,J4,9.9
SAL,2022,Samba-Enredo,J5,9.8
SAL,2022,Bateria,J1,10
SAL,2022,Bateria,J2,10
SAL,2022,Bateria,J3,10
SAL,2022,Bateria,J4,10
SAL,2022,Bateria,J5,9.9
SAL,2022,Alegorias e Adereços,J1,9.9
SAL,2022,Alegorias e Adereços,J2,9.9
SAL,2022,Alegorias e Adereços,J3,9.8
SAL,2022,Alegorias e Adereços,J4,9.9
SAL,2022,Alegorias e Adereços,J5,9.8
SAL,2022,Enredo,J1,9.9
SAL,2022,Enredo,J2,9.8
SAL,2022,Enredo,J3,9.9
SAL,2022,Enredo,J4,9.9
SAL,2022,Enredo,J5,10
SAL,2022,Mestre-Sala e Porta-Bandeira,J1,10
SAL,2022,Mestre-Sala e Porta-Bandeira,J2,10
SAL,2022,Mestre-Sala e Porta-Bandeira,J3,10
SAL,2022,Mestre-Sala e Porta-Bandeira,J4,9.9
SAL,2022,Mestre-Sala e Porta-Bandeira,J5,10
SAL,2022,Evolução,J1,9.9
SAL,2022,Evolução,J2,9.9
SAL,2022,Evolução,J3,9.9
SAL,2022,Evolução,J4,9.9
SAL,2022,Evolução,J5,9.8
SCL,2022,Fantasias,J1,9.7
SCL,2022,Fantasias,J2,9.7
SCL,2022,Fantasias,J3,9.8
SCL,2022,Fantasias,J4,9.6
SCL,2022,Fantasias,J5,9.7
SCL,2022,Harmonia,J1,9.7
SCL,2022,Harmonia,J2,9.9
SCL,2022,Harmonia,J3,9.7
SCL,2022,Harmonia,J4,9.9
SCL,2022,Harmonia,J5,9.8
SCL,2022,Comissão de Frente,J1,9.8
SCL,2022,Comissão de Frente,J2,9.8
SCL,2022,Comissão de Frente,J3,9.8
SCL,2022,Comissão de Frente,J4,9.7
SCL,2022,Comissão de Frente,J5,9.7
SCL,2022,Samba-Enredo,J1,9.7
SCL,2022,Samba-Enredo,J2,9.7
SCL,2022,Samba-Enredo,J3,9.7
SCL,2022,Samba-Enredo,J4,9.8
SCL,2022,Samba-Enredo,J5,9.8
SCL,2022,Bateria,J1,9.9
SCL,2022,Bateria,J2,9.9
SCL,2022,Bateria,J3,10
SCL,2022,Bateria,J4,9.8
SCL,2022,Bateria,J5,10
SCL,2022,Alegorias e Adereços,J1,9.8
SCL,2022,Alegorias e Adereços,J2,9.7
SCL,2022,Alegorias e Adereços,J3,9.7
SCL,2022,Alegorias e Adereços,J4,9.8
SCL,2022,Alegorias e Adereços,J5,9.7
SCL,2022,Enredo,J1,9.6
SCL,2022,Enredo,J2,9.6
SCL,2022,Enredo,J3,9.6
SCL,2022,Enredo,J4,9.6
SCL,2022,Enredo,J5,9.7
SCL,2022,Mestre-Sala e Porta-Bandeira,J1,9.9
SCL,2022,Mestre-Sala e Porta-Bandeira,J2,10
SCL,2022,Mestre-Sala e Porta-Bandeira,J3,9.8
SCL,2022,Mestre-Sala e Porta-Bandeira,J4,9.8
SCL,2022,Mestre-Sala e Porta-Bandeira,J5,9.8
SCL,2022,Evolução,J1,9.8
SCL,2022,Evolução,J2,9.8
SCL,2022,Evolução,J3,9.8
SCL,2022,Evolução,J4,9.8
SCL,2022,Evolução,J5,9.8
SCL,2022,Pen.,Pen.,0
TIJ,2022,Fantasias,J2,9.9
TIJ,2022,Evolução,J5,10
TIJ,2022,Evolução,J4,10
TIJ,2022,Evolução,J3,9.9
TIJ,2022,Evolução,J2,9.9
TIJ,2022,Evolução,J1,9.9
TIJ,2022,Mestre-Sala e Porta-Bandeira,J5,9.9
TIJ,2022,Mestre-Sala e Porta-Bandeira,J4,9.9
TIJ,2022,Mestre-Sala e Porta-Bandeira,J3,9.8
TIJ,2022,Mestre-Sala e Porta-Bandeira,J2,10
TIJ,2022,Mestre-Sala e Porta-Bandeira,J1,10
TIJ,2022,Enredo,J5,10
TIJ,2022,Enredo,J4,9.9
TIJ,2022,Enredo,J3,9.8
TIJ,2022,Enredo,J2,10
TIJ,2022,Enredo,J1,9.8
TIJ,2022,Alegorias e Adereços,J5,9.9
TIJ,2022,Alegorias e Adereços,J4,10
TIJ,2022,Alegorias e Adereços,J3,9.8
TIJ,2022,Alegorias e Adereços,J2,9.9
TIJ,2022,Alegorias e Adereços,J1,9.9
TIJ,2022,Bateria,J5,10
TIJ,2022,Bateria,J4,10
TIJ,2022,Bateria,J3,10
TIJ,2022,Bateria,J2,10
TIJ,2022,Bateria,J1,10
TIJ,2022,Samba-Enredo,J5,9.9
TIJ,2022,Samba-Enredo,J4,9.9
TIJ,2022,Samba-Enredo,J3,9.9
TIJ,2022,Samba-Enredo,J2,9.9
TIJ,2022,Samba-Enredo,J1,9.7
TIJ,2022,Comissão de Frente,J5,9.9
TIJ,2022,Comissão de Frente,J4,10
TIJ,2022,Comissão de Frente,J3,10
TIJ,2022,Comissão de Frente,J2,9.9
TIJ,2022,Comissão de Frente,J1,10
TIJ,2022,Harmonia,J5,9.9
TIJ,2022,Harmonia,J4,9.9
TIJ,2022,Harmonia,J3,9.9
TIJ,2022,Harmonia,J2,9.9
TIJ,2022,Harmonia,J1,9.8
TIJ,2022,Fantasias,J5,10
TIJ,2022,Fantasias,J4,9.8
TIJ,2022,Fantasias,J3,9.9
TIJ,2022,Pen.,Pen.,0
TIJ,2022,Fantasias,J1,9.8
TUI,2022,Samba-Enredo,J5,9.9
TUI,2022,Samba-Enredo,J4,10
TUI,2022,Samba-Enredo,J1,10
TUI,2022,Pen.,Pen.,-0.2
TUI,2022,Evolução,J5,9.7
TUI,2022,Evolução,J4,9.7
TUI,2022,Comissão de Frente,J5,9.9
TUI,2022,Comissão de Frente,J4,10
TUI,2022,Comissão de Frente,J3,9.8
TUI,2022,Comissão de Frente,J2,10
TUI,2022,Comissão de Frente,J1,10
TUI,2022,Harmonia,J5,9.7
TUI,2022,Harmonia,J4,9.8
TUI,2022,Harmonia,J3,9.9
TUI,2022,Harmonia,J2,10
TUI,2022,Harmonia,J1,9.7
TUI,2022,Fantasias,J5,9.9
TUI,2022,Fantasias,J4,9.6
TUI,2022,Fantasias,J3,10
TUI,2022,Fantasias,J2,10
TUI,2022,Fantasias,J1,9.7
TUI,2022,Samba-Enredo,J3,9.9
TUI,2022,Samba-Enredo,J2,10
TUI,2022,Evolução,J3,9.7
TUI,2022,Evolução,J2,9.8
TUI,2022,Evolução,J1,9.8
TUI,2022,Mestre-Sala e Porta-Bandeira,J5,9.8
TUI,2022,Mestre-Sala e Porta-Bandeira,J4,10
TUI,2022,Mestre-Sala e Porta-Bandeira,J3,9.9
TUI,2022,Mestre-Sala e Porta-Bandeira,J2,10
TUI,2022,Mestre-Sala e Porta-Bandeira,J1,10
TUI,2022,Enredo,J5,10
TUI,2022,Enredo,J4,9.6
TUI,2022,Enredo,J3,9.7
TUI,2022,Enredo,J2,9.7
TUI,2022,Enredo,J1,9.7
TUI,2022,Alegorias e Adereços,J5,9.8
TUI,2022,Alegorias e Adereços,J4,10
TUI,2022,Alegorias e Adereços,J3,9.7
TUI,2022,Alegorias e Adereços,J2,10
TUI,2022,Alegorias e Adereços,J1,10
TUI,2022,Bateria,J5,9.9
TUI,2022,Bateria,J4,9.7
TUI,2022,Bateria,J3,9.9
TUI,2022,Bateria,J2,10
TUI,2022,Bateria,J1,10
VIR,2022,Fantasias,J1,10
VIR,2022,Fantasias,J2,10
VIR,2022,Fantasias,J3,9.9
VIR,2022,Fantasias,J4,10
VIR,2022,Fantasias,J5,10
VIR,2022,Harmonia,J1,9.9
VIR,2022,Harmonia,J2,9.9
VIR,2022,Harmonia,J3,10
VIR,2022,Harmonia,J4,10
VIR,2022,Harmonia,J5,9.9
VIR,2022,Comissão de Frente,J1,10
VIR,2022,Comissão de Frente,J2,10
VIR,2022,Comissão de Frente,J3,10
VIR,2022,Comissão de Frente,J4,9.9
VIR,2022,Comissão de Frente,J5,9.9
VIR,2022,Samba-Enredo,J1,10
VIR,2022,Samba-Enredo,J2,10
VIR,2022,Samba-Enredo,J3,10
VIR,2022,Samba-Enredo,J4,9.9
VIR,2022,Samba-Enredo,J5,10
VIR,2022,Bateria,J1,9.9
VIR,2022,Bateria,J2,10
VIR,2022,Bateria,J3,9.9
VIR,2022,Bateria,J4,10
VIR,2022,Bateria,J5,10
VIR,2022,Alegorias e Adereços,J1,10
VIR,2022,Alegorias e Adereços,J2,10
VIR,2022,Alegorias e Adereços,J3,9.9
VIR,2022,Alegorias e Adereços,J4,10
VIR,2022,Alegorias e Adereços,J5,10
VIR,2022,Enredo,J1,9.9
VIR,2022,Enredo,J2,10
VIR,2022,Enredo,J3,10
VIR,2022,Enredo,J4,10
VIR,2022,Enredo,J5,10
VIR,2022,Mestre-Sala e Porta-Bandeira,J1,9.9
VIR,2022,Mestre-Sala e Porta-Bandeira,J2,9.9
VIR,2022,Mestre-Sala e Porta-Bandeira,J3,10
VIR,2022,Mestre-Sala e Porta-Bandeira,J4,10
VIR,2022,Mestre-Sala e Porta-Bandeira,J5,10
VIR,2022,Evolução,J1,9.8
VIR,2022,Evolução,J2,10
VIR,2022,Evolução,J3,10
VIR,2022,Evolução,J4,10
VIR,2022,Evolução,J5,10
VIR,2022,Pen.,Pen.,0
VIS,2022,Samba-Enredo,J2,9.9
VIS,2022,Samba-Enredo,J1,10
VIS,2022,Comissão de Frente,J5,10
VIS,2022,Comissão de Frente,J4,9.9
VIS,2022,Comissão de Frente,J3,9.9
VIS,2022,Comissão de Frente,J2,10
VIS,2022,Comissão de Frente,J1,10
VIS,2022,Harmonia,J5,9.9
VIS,2022,Harmonia,J4,10
VIS,2022,Harmonia,J3,10
VIS,2022,Harmonia,J2,10
VIS,2022,Harmonia,J1,9.9
VIS,2022,Fantasias,J5,10
VIS,2022,Fantasias,J4,10
VIS,2022,Fantasias,J3,9.9
VIS,2022,Fantasias,J2,9.9
VIS,2022,Fantasias,J1,9.9
VIS,2022,Alegorias e Adereços,J1,9.9
VIS,2022,Alegorias e Adereços,J2,10
VIS,2022,Alegorias e Adereços,J3,9.9
VIS,2022,Evolução,J2,10
VIS,2022,Evolução,J3,10
VIS,2022,Evolução,J4,10
VIS,2022,Alegorias e Adereços,J4,10
VIS,2022,Alegorias e Adereços,J5,10
VIS,2022,Evolução,J1,10
VIS,2022,Mestre-Sala e Porta-Bandeira,J5,9.9
VIS,2022,Mestre-Sala e Porta-Bandeira,J4,10
VIS,2022,Mestre-Sala e Porta-Bandeira,J3,10
VIS,2022,Mestre-Sala e Porta-Bandeira,J2,10
VIS,2022,Mestre-Sala e Porta-Bandeira,J1,10
VIS,2022,Enredo,J5,10
VIS,2022,Enredo,J4,10
VIS,2022,Enredo,J1,10
VIS,2022,Enredo,J2,9.9
VIS,2022,Enredo,J3,9.9
VIS,2022,Evolução,J5,10
VIS,2022,Pen.,Pen.,0
VIS,2022,Bateria,J5,10
VIS,2022,Bateria,J4,10
VIS,2022,Bateria,J3,10
VIS,2022,Bateria,J2,10
VIS,2022,Bateria,J1,10
VIS,2022,Samba-Enredo,J5,10
VIS,2022,Samba-Enredo,J4,9.9
VIS,2022,Samba-Enredo,J3,10
BJF,2023,Enredo,J4,9.9
BJF,2023,Enredo,J2,9.9
BJF,2023,Enredo,J1,9.9
BJF,2023,Harmonia,J4,9.9
BJF,2023,Harmonia,J3,9.9
BJF,2023,Harmonia,J2,10
BJF,2023,Harmonia,J1,10
BJF,2023,Samba-Enredo,J4,10
BJF,2023,Comissão de Frente,J1,10
BJF,2023,Comissão de Frente,J2,10
BJF,2023,Comissão de Frente,J3,10
BJF,2023,Comissão de Frente,J4,10
BJF,2023,Mestre-Sala e Porta-Bandeira,J1,10
BJF,2023,Mestre-Sala e Porta-Bandeira,J2,10
BJF,2023,Mestre-Sala e Porta-Bandeira,J3,9.9
BJF,2023,Mestre-Sala e Porta-Bandeira,J4,10
BJF,2023,Evolução,J1,10
BJF,2023,Evolução,J2,10
BJF,2023,Evolução,J3,10
BJF,2023,Evolução,J4,10
BJF,2023,Samba-Enredo,J3,10
BJF,2023,Samba-Enredo,J2,10
BJF,2023,Samba-Enredo,J1,10
BJF,2023,Fantasias,J4,9.8
BJF,2023,Fantasias,J3,10
BJF,2023,Fantasias,J2,9.9
BJF,2023,Fantasias,J1,10
BJF,2023,Alegorias e Adereços,J4,9.9
BJF,2023,Alegorias e Adereços,J3,9.8
BJF,2023,Alegorias e Adereços,J2,9.9
BJF,2023,Alegorias e Adereços,J1,9.9
BJF,2023,Bateria,J4,10
BJF,2023,Bateria,J3,10
BJF,2023,Bateria,J2,10
BJF,2023,Bateria,J1,10
BJF,2023,Enredo,J3,9.8
GRA,2023,Bateria,J4,10
GRA,2023,Bateria,J3,10
GRA,2023,Bateria,J2,9.9
GRA,2023,Bateria,J1,10
GRA,2023,Enredo,J4,10
GRA,2023,Enredo,J3,10
GRA,2023,Enredo,J2,9.9
GRA,2023,Enredo,J1,10
GRA,2023,Harmonia,J4,10
GRA,2023,Harmonia,J3,9.9
GRA,2023,Harmonia,J2,10
GRA,2023,Harmonia,J1,10
GRA,2023,Mestre-Sala e Porta-Bandeira,J3,10
GRA,2023,Mestre-Sala e Porta-Bandeira,J4,9.9
GRA,2023,Evolução,J1,9.9
GRA,2023,Evolução,J2,9.8
GRA,2023,Evolução,J3,9.9
GRA,2023,Evolução,J4,9.8
GRA,2023,Mestre-Sala e Porta-Bandeira,J2,10
GRA,2023,Mestre-Sala e Porta-Bandeira,J1,10
GRA,2023,Comissão de Frente,J4,9.9
GRA,2023,Comissão de Frente,J3,9.9
GRA,2023,Comissão de Frente,J2,9.8
GRA,2023,Comissão de Frente,J1,9.9
GRA,2023,Samba-Enredo,J4,10
GRA,2023,Samba-Enredo,J3,10
GRA,2023,Samba-Enredo,J2,9.9
GRA,2023,Samba-Enredo,J1,10
GRA,2023,Fantasias,J4,9.9
GRA,2023,Fantasias,J3,9.9
GRA,2023,Fantasias,J2,10
GRA,2023,Fantasias,J1,9.9
GRA,2023,Alegorias e Adereços,J4,9.8
GRA,2023,Alegorias e Adereços,J3,9.8
GRA,2023,Alegorias e Adereços,J2,9.9
GRA,2023,Alegorias e Adereços,J1,9.8
IMP,2023,Evolução,J3,9.9
IMP,2023,Evolução,J4,9.9
IMP,2023,Harmonia,J1,10
IMP,2023,Harmonia,J2,10
IMP,2023,Harmonia,J3,10
IMP,2023,Harmonia,J4,9.9
IMP,2023,Enredo,J1,10
IMP,2023,Enredo,J2,10
IMP,2023,Enredo,J3,10
IMP,2023,Enredo,J4,10
IMP,2023,Bateria,J1,10
IMP,2023,Bateria,J2,10
IMP,2023,Bateria,J3,10
IMP,2023,Bateria,J4,10
IMP,2023,Alegorias e Adereços,J1,10
IMP,2023,Alegorias e Adereços,J2,10
IMP,2023,Alegorias e Adereços,J3,10
IMP,2023,Alegorias e Adereços,J4,10
IMP,2023,Fantasias,J1,9.9
IMP,2023,Fantasias,J2,10
IMP,2023,Fantasias,J3,10
IMP,2023,Fantasias,J4,10
IMP,2023,Samba-Enredo,J1,10
IMP,2023,Samba-Enredo,J2,10
IMP,2023,Samba-Enredo,J3,10
IMP,2023,Samba-Enredo,J4,9.9
IMP,2023,Comissão de Frente,J1,9.9
IMP,2023,Comissão de Frente,J2,10
IMP,2023,Comissão de Frente,J3,9.9
IMP,2023,Comissão de Frente,J4,10
IMP,2023,Mestre-Sala e Porta-Bandeira,J1,9.9
IMP,2023,Mestre-Sala e Porta-Bandeira,J2,10
IMP,2023,Mestre-Sala e Porta-Bandeira,J3,10
IMP,2023,Mestre-Sala e Porta-Bandeira,J4,10
IMP,2023,Evolução,J1,10
IMP,2023,Evolução,J2,10
ISR,2023,Harmonia,J1,9.8
ISR,2023,Evolução,J4,9.9
ISR,2023,Evolução,J3,9.8
ISR,2023,Evolução,J2,9.6
ISR,2023,Evolução,J1,9.8
ISR,2023,Mestre-Sala e Porta-Bandeira,J4,9.7
ISR,2023,Mestre-Sala e Porta-Bandeira,J3,9.7
ISR,2023,Mestre-Sala e Porta-Bandeira,J2,9.8
ISR,2023,Mestre-Sala e Porta-Bandeira,J1,9.8
ISR,2023,Comissão de Frente,J4,9.8
ISR,2023,Comissão de Frente,J3,9.9
ISR,2023,Comissão de Frente,J2,9.8
ISR,2023,Comissão de Frente,J1,9.9
ISR,2023,Samba-Enredo,J4,9.9
ISR,2023,Samba-Enredo,J3,10
ISR,2023,Samba-Enredo,J2,10
ISR,2023,Samba-Enredo,J1,9.9
ISR,2023,Fantasias,J4,9.8
ISR,2023,Fantasias,J3,9.8
ISR,2023,Fantasias,J2,9.7
ISR,2023,Fantasias,J1,9.5
ISR,2023,Alegorias e Adereços,J4,9.7
ISR,2023,Alegorias e Adereços,J3,9.6
ISR,2023,Alegorias e Adereços,J2,9.8
ISR,2023,Alegorias e Adereços,J1,9.6
ISR,2023,Bateria,J4,10
ISR,2023,Bateria,J3,10
ISR,2023,Bateria,J2,9.9
ISR,2023,Bateria,J1,10
ISR,2023,Enredo,J4,9.9
ISR,2023,Enredo,J3,9.8
ISR,2023,Enredo,J2,9.7
ISR,2023,Enredo,J1,9.8
ISR,2023,Harmonia,J4,9.7
ISR,2023,Harmonia,J3,9.8
ISR,2023,Harmonia,J2,9.8
MAN,2023,Harmonia,J1,10
MAN,2023,Evolução,J4,10
MAN,2023,Evolução,J3,10
MAN,2023,Evolução,J2,10
MAN,2023,Evolução,J1,10
MAN,2023,Mestre-Sala e Porta-Bandeira,J4,10
MAN,2023,Mestre-Sala e Porta-Bandeira,J3,9.9
MAN,2023,Mestre-Sala e Porta-Bandeira,J2,9.9
MAN,2023,Mestre-Sala e Porta-Bandeira,J1,9.9
MAN,2023,Comissão de Frente,J4,9.9
MAN,2023,Comissão de Frente,J3,9.8
MAN,2023,Comissão de Frente,J2,9.9
MAN,2023,Comissão de Frente,J1,9.8
MAN,2023,Samba-Enredo,J4,10
MAN,2023,Samba-Enredo,J3,10
MAN,2023,Samba-Enredo,J2,10
MAN,2023,Samba-Enredo,J1,10
MAN,2023,Fantasias,J4,10
MAN,2023,Fantasias,J3,10
MAN,2023,Fantasias,J2,10
MAN,2023,Fantasias,J1,10
MAN,2023,Alegorias e Adereços,J4,9.9
MAN,2023,Alegorias e Adereços,J3,9.7
MAN,2023,Alegorias e Adereços,J2,10
MAN,2023,Alegorias e Adereços,J1,9.8
MAN,2023,Bateria,J4,10
MAN,2023,Bateria,J3,10
MAN,2023,Bateria,J2,10
MAN,2023,Bateria,J1,10
MAN,2023,Enredo,J4,10
MAN,2023,Enredo,J3,10
MAN,2023,Enredo,J2,10
MAN,2023,Enredo,J1,10
MAN,2023,Harmonia,J4,10
MAN,2023,Harmonia,J3,9.9
MAN,2023,Harmonia,J2,10
MOC,2023,Mestre-Sala e Porta-Bandeira,J3,10
MOC,2023,Mestre-Sala e Porta-Bandeira,J2,10
MOC,2023,Comissão de Frente,J4,9.8
MOC,2023,Comissão de Frente,J3,9.8
MOC,2023,Evolução,J4,10
MOC,2023,Evolução,J3,9.8
MOC,2023,Evolução,J2,9.9
MOC,2023,Evolução,J1,9.9
MOC,2023,Mestre-Sala e Porta-Bandeira,J1,10
MOC,2023,Mestre-Sala e Porta-Bandeira,J4,9.8
MOC,2023,Comissão de Frente,J2,9.8
MOC,2023,Comissão de Frente,J1,9.8
MOC,2023,Samba-Enredo,J4,9.9
MOC,2023,Samba-Enredo,J3,9.9
MOC,2023,Samba-Enredo,J2,9.9
MOC,2023,Samba-Enredo,J1,9.9
MOC,2023,Fantasias,J4,9.7
MOC,2023,Fantasias,J3,9.6
MOC,2023,Fantasias,J2,9.5
MOC,2023,Fantasias,J1,9.9
MOC,2023,Alegorias e Adereços,J4,9.8
MOC,2023,Harmonia,J1,9.9
MOC,2023,Harmonia,J2,10
MOC,2023,Harmonia,J3,9.8
MOC,2023,Harmonia,J4,9.8
MOC,2023,Enredo,J1,9.8
MOC,2023,Enredo,J2,9.6
MOC,2023,Enredo,J3,9.7
MOC,2023,Enredo,J4,9.8
MOC,2023,Bateria,J1,10
MOC,2023,Bateria,J2,10
MOC,2023,Bateria,J3,10
MOC,2023,Bateria,J4,10
MOC,2023,Alegorias e Adereços,J1,9.8
MOC,2023,Alegorias e Adereços,J2,9.9
MOC,2023,Alegorias e Adereços,J3,9.8
POR,2023,Fantasias,J3,10
POR,2023,Harmonia,J1,9.9
POR,2023,Harmonia,J2,9.9
POR,2023,Harmonia,J3,9.9
POR,2023,Harmonia,J4,10
POR,2023,Enredo,J1,9.9
POR,2023,Enredo,J2,9.8
POR,2023,Enredo,J3,10
POR,2023,Enredo,J4,9.9
POR,2023,Bateria,J1,10
POR,2023,Bateria,J2,10
POR,2023,Bateria,J3,9.9
POR,2023,Bateria,J4,10
POR,2023,Alegorias e Adereços,J1,9.8
POR,2023,Alegorias e Adereços,J2,9.8
POR,2023,Alegorias e Adereços,J3,9.8
POR,2023,Alegorias e Adereços,J4,9.8
POR,2023,Fantasias,J1,9.8
POR,2023,Fantasias,J2,9.8
POR,2023,Fantasias,J4,9.9
POR,2023,Samba-Enredo,J1,10
POR,2023,Samba-Enredo,J2,9.9
POR,2023,Samba-Enredo,J3,9.9
POR,2023,Samba-Enredo,J4,10
POR,2023,Comissão de Frente,J1,10
POR,2023,Comissão de Frente,J2,10
POR,2023,Comissão de Frente,J3,9.9
POR,2023,Comissão de Frente,J4,10
POR,2023,Mestre-Sala e Porta-Bandeira,J1,10
POR,2023,Mestre-Sala e Porta-Bandeira,J2,10
POR,2023,Evolução,J4,9.7
POR,2023,Evolução,J3,9.8
POR,2023,Mestre-Sala e Porta-Bandeira,J3,9.8
POR,2023,Mestre-Sala e Porta-Bandeira,J4,9.9
POR,2023,Evolução,J1,9.7
POR,2023,Evolução,J2,9.7
SAL,2023,Bateria,J3,10
SAL,2023,Bateria,J2,10
SAL,2023,Bateria,J1,10
SAL,2023,Enredo,J4,9.7
SAL,2023,Enredo,J3,9.8
SAL,2023,Enredo,J2,9.6
SAL,2023,Enredo,J1,9.7
SAL,2023,Harmonia,J4,10
SAL,2023,Harmonia,J3,10
SAL,2023,Harmonia,J2,10
SAL,2023,Harmonia,J1,10
SAL,2023,Comissão de Frente,J3,10
SAL,2023,Comissão de Frente,J4,10
SAL,2023,Fantasias,J2,9.8
SAL,2023,Mestre-Sala e Porta-Bandeira,J1,10
SAL,2023,Mestre-Sala e Porta-Bandeira,J2,10
SAL,2023,Mestre-Sala e Porta-Bandeira,J3,10
SAL,2023,Mestre-Sala e Porta-Bandeira,J4,10
SAL,2023,Evolução,J1,9.9
SAL,2023,Evolução,J2,9.9
SAL,2023,Evolução,J3,9.9
SAL,2023,Comissão de Frente,J2,10
SAL,2023,Bateria,J4,10
SAL,2023,Alegorias e Adereços,J1,10
SAL,2023,Alegorias e Adereços,J2,10
SAL,2023,Alegorias e Adereços,J3,9.9
SAL,2023,Alegorias e Adereços,J4,10
SAL,2023,Fantasias,J1,10
SAL,2023,Comissão de Frente,J1,10
SAL,2023,Samba-Enredo,J4,9.9
SAL,2023,Evolução,J4,9.8
SAL,2023,Samba-Enredo,J3,9.9
SAL,2023,Samba-Enredo,J2,9.8
SAL,2023,Samba-Enredo,J1,9.8
SAL,2023,Fantasias,J4,10
SAL,2023,Fantasias,J3,10
TIJ,2023,Mestre-Sala e Porta-Bandeira,J4,9.9
TIJ,2023,Harmonia,J1,9.8
TIJ,2023,Harmonia,J2,9.9
TIJ,2023,Harmonia,J3,9.8
TIJ,2023,Harmonia,J4,9.9
TIJ,2023,Enredo,J1,9.9
TIJ,2023,Enredo,J2,9.7
TIJ,2023,Enredo,J3,9.8
TIJ,2023,Enredo,J4,10
TIJ,2023,Bateria,J1,9.9
TIJ,2023,Bateria,J2,10
TIJ,2023,Bateria,J3,9.9
TIJ,2023,Bateria,J4,10
TIJ,2023,Alegorias e Adereços,J1,9.9
TIJ,2023,Alegorias e Adereços,J2,9.8
TIJ,2023,Alegorias e Adereços,J3,9.7
TIJ,2023,Alegorias e Adereços,J4,9.8
TIJ,2023,Fantasias,J1,9.9
TIJ,2023,Fantasias,J2,10
TIJ,2023,Fantasias,J3,10
TIJ,2023,Fantasias,J4,9.8
TIJ,2023,Samba-Enredo,J1,9.9
TIJ,2023,Samba-Enredo,J2,9.9
TIJ,2023,Samba-Enredo,J3,10
TIJ,2023,Samba-Enredo,J4,10
TIJ,2023,Comissão de Frente,J1,10
TIJ,2023,Comissão de Frente,J2,10
TIJ,2023,Comissão de Frente,J3,10
TIJ,2023,Comissão de Frente,J4,10
TIJ,2023,Mestre-Sala e Porta-Bandeira,J1,10
TIJ,2023,Mestre-Sala e Porta-Bandeira,J2,10
TIJ,2023,Mestre-Sala e Porta-Bandeira,J3,9.8
TIJ,2023,Evolução,J4,9.9
TIJ,2023,Evolução,J3,10
TIJ,2023,Evolução,J2,9.9
TIJ,2023,Evolução,J1,9.9
TUI,2023,Evolução,J1,9.9
TUI,2023,Alegorias e Adereços,J4,9.9
TUI,2023,Evolução,J2,9.9
TUI,2023,Evolução,J3,10
TUI,2023,Fantasias,J3,9.9
TUI,2023,Mestre-Sala e Porta-Bandeira,J1,9.9
TUI,2023,Evolução,J4,10
TUI,2023,Comissão de Frente,J4,10
TUI,2023,Comissão de Frente,J3,10
TUI,2023,Comissão de Frente,J2,9.9
TUI,2023,Comissão de Frente,J1,9.9
TUI,2023,Samba-Enredo,J4,9.9
TUI,2023,Samba-Enredo,J3,10
TUI,2023,Samba-Enredo,J2,10
TUI,2023,Samba-Enredo,J1,10
TUI,2023,Harmonia,J1,9.9
TUI,2023,Harmonia,J2,9.9
TUI,2023,Harmonia,J3,9.8
TUI,2023,Harmonia,J4,9.8
TUI,2023,Enredo,J1,9.8
TUI,2023,Enredo,J2,9.8
TUI,2023,Enredo,J3,9.8
TUI,2023,Enredo,J4,9.9
TUI,2023,Bateria,J1,10
TUI,2023,Bateria,J2,10
TUI,2023,Bateria,J3,10
TUI,2023,Bateria,J4,10
TUI,2023,Alegorias e Adereços,J1,10
TUI,2023,Alegorias e Adereços,J2,10
TUI,2023,Alegorias e Adereços,J3,9.8
TUI,2023,Fantasias,J2,9.8
TUI,2023,Fantasias,J1,9.9
TUI,2023,Mestre-Sala e Porta-Bandeira,J2,10
TUI,2023,Mestre-Sala e Porta-Bandeira,J3,9.9
TUI,2023,Mestre-Sala e Porta-Bandeira,J4,10
TUI,2023,Fantasias,J4,9.7
VIR,2023,Alegorias e Adereços,J3,10
VIR,2023,Mestre-Sala e Porta-Bandeira,J2,9.9
VIR,2023,Mestre-Sala e Porta-Bandeira,J1,10
VIR,2023,Comissão de Frente,J4,10
VIR,2023,Comissão de Frente,J3,10
VIR,2023,Comissão de Frente,J2,10
VIR,2023,Comissão de Frente,J1,10
VIR,2023,Samba-Enredo,J4,9.9
VIR,2023,Samba-Enredo,J3,10
VIR,2023,Samba-Enredo,J2,10
VIR,2023,Samba-Enredo,J1,10
VIR,2023,Fantasias,J4,10
VIR,2023,Fantasias,J3,10
VIR,2023,Fantasias,J2,10
VIR,2023,Fantasias,J1,10
VIR,2023,Alegorias e Adereços,J4,10
VIR,2023,Alegorias e Adereços,J2,10
VIR,2023,Alegorias e Adereços,J1,10
VIR,2023,Bateria,J4,10
VIR,2023,Bateria,J3,10
VIR,2023,Bateria,J2,9.9
VIR,2023,Bateria,J1,9.9
VIR,2023,Enredo,J4,10
VIR,2023,Enredo,J3,10
VIR,2023,Enredo,J2,10
VIR,2023,Enredo,J1,10
VIR,2023,Harmonia,J4,9.8
VIR,2023,Harmonia,J3,9.9
VIR,2023,Harmonia,J2,10
VIR,2023,Harmonia,J1,9.9
VIR,2023,Evolução,J4,10
VIR,2023,Evolução,J3,10
VIR,2023,Evolução,J2,10
VIR,2023,Evolução,J1,10
VIR,2023,Mestre-Sala e Porta-Bandeira,J4,10
VIR,2023,Mestre-Sala e Porta-Bandeira,J3,10
VIS,2023,Bateria,J2,10
VIS,2023,Alegorias e Adereços,J1,9.9
VIS,2023,Enredo,J4,9.9
VIS,2023,Enredo,J3,10
VIS,2023,Enredo,J2,9.9
VIS,2023,Enredo,J1,10
VIS,2023,Harmonia,J4,10
VIS,2023,Samba-Enredo,J2,9.8
VIS,2023,Samba-Enredo,J3,9.9
VIS,2023,Samba-Enredo,J4,10
VIS,2023,Comissão de Frente,J1,9.9
VIS,2023,Comissão de Frente,J2,10
VIS,2023,Comissão de Frente,J3,10
VIS,2023,Comissão de Frente,J4,10
VIS,2023,Mestre-Sala e Porta-Bandeira,J1,9.9
VIS,2023,Mestre-Sala e Porta-Bandeira,J2,9.9
VIS,2023,Mestre-Sala e Porta-Bandeira,J3,10
VIS,2023,Mestre-Sala e Porta-Bandeira,J4,10
VIS,2023,Bateria,J3,9.9
VIS,2023,Bateria,J4,10
VIS,2023,Harmonia,J1,9.9
VIS,2023,Harmonia,J2,10
VIS,2023,Samba-Enredo,J1,9.8
VIS,2023,Fantasias,J4,10
VIS,2023,Fantasias,J3,10
VIS,2023,Fantasias,J2,10
VIS,2023,Fantasias,J1,10
VIS,2023,Alegorias e Adereços,J4,10
VIS,2023,Alegorias e Adereços,J3,9.9
VIS,2023,Alegorias e Adereços,J2,9.9
VIS,2023,Harmonia,J3,10
VIS,2023,Evolução,J4,10
VIS,2023,Evolução,J3,10
VIS,2023,Evolução,J2,9.9
VIS,2023,Evolução,J1,10
VIS,2023,Bateria,J1,10
BJF,2024,Bateria,J4,10
BJF,2024,Fantasias,J1,10
BJF,2024,Fantasias,J2,10
BJF,2024,Fantasias,J3,10
BJF,2024,Fantasias,J4,10
BJF,2024,Enredo,J3,9.9
BJF,2024,Alegorias e Adereços,J1,9.8
BJF,2024,Alegorias e Adereços,J2,9.9
BJF,2024,Alegorias e Adereços,J3,10
BJF,2024,Alegorias e Adereços,J4,10
BJF,2024,Bateria,J1,10
BJF,2024,Bateria,J2,9.9
BJF,2024,Bateria,J3,10
BJF,2024,Evolução,J1,9.9
BJF,2024,Evolução,J2,9.8
BJF,2024,Evolução,J3,9.9
BJF,2024,Evolução,J4,9.9
BJF,2024,Mestre-Sala e Porta-Bandeira,J1,9.9
BJF,2024,Mestre-Sala e Porta-Bandeira,J2,10
BJF,2024,Mestre-Sala e Porta-Bandeira,J3,10
BJF,2024,Mestre-Sala e Porta-Bandeira,J4,10
BJF,2024,Comissão de Frente,J1,10
BJF,2024,Comissão de Frente,J2,9.9
BJF,2024,Comissão de Frente,J3,9.8
BJF,2024,Comissão de Frente,J4,9.9
BJF,2024,Enredo,J1,9.8
BJF,2024,Enredo,J2,9.8
BJF,2024,Enredo,J4,9.9
BJF,2024,Harmonia,J1,10
BJF,2024,Harmonia,J2,9.9
BJF,2024,Harmonia,J3,9.8
BJF,2024,Harmonia,J4,10
BJF,2024,Samba-Enredo,J1,9.9
BJF,2024,Samba-Enredo,J2,9.8
BJF,2024,Samba-Enredo,J3,9.8
BJF,2024,Samba-Enredo,J4,9.9
GRA,2024,Comissão de Frente,J4,10
GRA,2024,Enredo,J1,9.9
GRA,2024,Enredo,J2,9.7
GRA,2024,Enredo,J3,9.9
GRA,2024,Enredo,J4,9.9
GRA,2024,Fantasias,J2,9.8
GRA,2024,Fantasias,J3,10
GRA,2024,Fantasias,J4,9.9
GRA,2024,Harmonia,J1,10
GRA,2024,Bateria,J2,10
GRA,2024,Bateria,J3,10
GRA,2024,Bateria,J4,10
GRA,2024,Evolução,J1,10
GRA,2024,Evolução,J2,10
GRA,2024,Evolução,J3,9.9
GRA,2024,Evolução,J4,10
GRA,2024,Mestre-Sala e Porta-Bandeira,J1,10
GRA,2024,Mestre-Sala e Porta-Bandeira,J2,10
GRA,2024,Mestre-Sala e Porta-Bandeira,J3,10
GRA,2024,Mestre-Sala e Porta-Bandeira,J4,10
GRA,2024,Comissão de Frente,J1,10
GRA,2024,Comissão de Frente,J2,10
GRA,2024,Comissão de Frente,J3,10
GRA,2024,Harmonia,J2,9.9
GRA,2024,Alegorias e Adereços,J1,10
GRA,2024,Bateria,J1,10
GRA,2024,Alegorias e Adereços,J4,9.9
GRA,2024,Harmonia,J3,9.7
GRA,2024,Harmonia,J4,9.9
GRA,2024,Samba-Enredo,J1,10
GRA,2024,Samba-Enredo,J2,9.9
GRA,2024,Samba-Enredo,J3,9.9
GRA,2024,Samba-Enredo,J4,9.8
GRA,2024,Fantasias,J1,10
GRA,2024,Alegorias e Adereços,J3,10
GRA,2024,Alegorias e Adereços,J2,10
IMP,2024,Fantasias,J1,10
IMP,2024,Samba-Enredo,J3,10
IMP,2024,Samba-Enredo,J2,9.9
IMP,2024,Samba-Enredo,J1,10
IMP,2024,Harmonia,J4,10
IMP,2024,Harmonia,J3,9.9
IMP,2024,Harmonia,J2,10
IMP,2024,Harmonia,J1,10
IMP,2024,Enredo,J4,9.9
IMP,2024,Enredo,J3,9.9
IMP,2024,Enredo,J2,9.9
IMP,2024,Enredo,J1,9.9
IMP,2024,Comissão de Frente,J4,10
IMP,2024,Comissão de Frente,J3,9.9
IMP,2024,Comissão de Frente,J2,10
IMP,2024,Comissão de Frente,J1,9.9
IMP,2024,Mestre-Sala e Porta-Bandeira,J4,10
IMP,2024,Mestre-Sala e Porta-Bandeira,J3,10
IMP,2024,Mestre-Sala e Porta-Bandeira,J2,10
IMP,2024,Mestre-Sala e Porta-Bandeira,J1,10
IMP,2024,Evolução,J4,10
IMP,2024,Fantasias,J3,10
IMP,2024,Evolução,J3,10
IMP,2024,Evolução,J2,10
IMP,2024,Evolução,J1,10
IMP,2024,Bateria,J4,9.9
IMP,2024,Bateria,J3,10
IMP,2024,Bateria,J2,10
IMP,2024,Bateria,J1,10
IMP,2024,Alegorias e Adereços,J4,10
IMP,2024,Fantasias,J4,10
IMP,2024,Alegorias e Adereços,J1,9.8
IMP,2024,Alegorias e Adereços,J2,9.8
IMP,2024,Alegorias e Adereços,J3,9.9
IMP,2024,Fantasias,J2,10
IMP,2024,Samba-Enredo,J4,10
MAN,2024,Mestre-Sala e Porta-Bandeira,J3,10
MAN,2024,Fantasias,J4,9.9
MAN,2024,Fantasias,J3,9.9
MAN,2024,Fantasias,J2,9.9
MAN,2024,Fantasias,J1,9.8
MAN,2024,Samba-Enredo,J4,10
MAN,2024,Samba-Enredo,J3,9.9
MAN,2024,Samba-Enredo,J2,10
MAN,2024,Samba-Enredo,J1,10
MAN,2024,Harmonia,J4,10
MAN,2024,Harmonia,J3,10
MAN,2024,Harmonia,J2,10
MAN,2024,Harmonia,J1,10
MAN,2024,Enredo,J4,9.9
MAN,2024,Enredo,J3,9.9
MAN,2024,Enredo,J2,9.9
MAN,2024,Enredo,J1,9.9
MAN,2024,Comissão de Frente,J4,9.9
MAN,2024,Comissão de Frente,J3,10
MAN,2024,Comissão de Frente,J2,10
MAN,2024,Comissão de Frente,J1,10
MAN,2024,Mestre-Sala e Porta-Bandeira,J4,10
MAN,2024,Mestre-Sala e Porta-Bandeira,J2,10
MAN,2024,Mestre-Sala e Porta-Bandeira,J1,10
MAN,2024,Evolução,J4,10
MAN,2024,Evolução,J3,9.9
MAN,2024,Evolução,J2,9.9
MAN,2024,Evolução,J1,9.9
MAN,2024,Bateria,J4,10
MAN,2024,Bateria,J3,10
MAN,2024,Bateria,J2,9.9
MAN,2024,Bateria,J1,10
MAN,2024,Alegorias e Adereços,J4,10
MAN,2024,Alegorias e Adereços,J3,9.8
MAN,2024,Alegorias e Adereços,J2,9.8
MAN,2024,Alegorias e Adereços,J1,9.7
MOC,2024,Samba-Enredo,J2,9.8
MOC,2024,Alegorias e Adereços,J1,9.6
MOC,2024,Alegorias e Adereços,J2,9.7
MOC,2024,Alegorias e Adereços,J3,9.9
MOC,2024,Alegorias e Adereços,J4,10
MOC,2024,Bateria,J1,10
MOC,2024,Bateria,J2,10
MOC,2024,Bateria,J3,10
MOC,2024,Bateria,J4,9.9
MOC,2024,Evolução,J1,9.8
MOC,2024,Evolução,J2,9.8
MOC,2024,Samba-Enredo,J1,10
MOC,2024,Evolução,J3,9.8
MOC,2024,Evolução,J4,9.7
MOC,2024,Mestre-Sala e Porta-Bandeira,J1,10
MOC,2024,Mestre-Sala e Porta-Bandeira,J2,9.9
MOC,2024,Mestre-Sala e Porta-Bandeira,J3,10
MOC,2024,Mestre-Sala e Porta-Bandeira,J4,10
MOC,2024,Comissão de Frente,J1,9.9
MOC,2024,Comissão de Frente,J2,9.9
MOC,2024,Comissão de Frente,J3,9.9
MOC,2024,Comissão de Frente,J4,10
MOC,2024,Enredo,J1,9.7
MOC,2024,Enredo,J2,9.8
MOC,2024,Enredo,J3,9.7
MOC,2024,Enredo,J4,9.7
MOC,2024,Harmonia,J1,9.9
MOC,2024,Harmonia,J2,10
MOC,2024,Harmonia,J3,9.8
MOC,2024,Harmonia,J4,9.9
MOC,2024,Fantasias,J4,9.7
MOC,2024,Fantasias,J3,9.7
MOC,2024,Fantasias,J2,9.8
MOC,2024,Fantasias,J1,10
MOC,2024,Samba-Enredo,J4,10
MOC,2024,Samba-Enredo,J3,9.9
POR,2024,Samba-Enredo,J3,10
POR,2024,Samba-Enredo,J4,10
POR,2024,Fantasias,J1,9.9
POR,2024,Fantasias,J2,10
POR,2024,Samba-Enredo,J2,9.8
POR,2024,Samba-Enredo,J1,10
POR,2024,Harmonia,J4,9.9
POR,2024,Harmonia,J3,9.8
POR,2024,Harmonia,J2,9.9
POR,2024,Harmonia,J1,10
POR,2024,Enredo,J4,10
POR,2024,Enredo,J3,10
POR,2024,Enredo,J2,10
POR,2024,Enredo,J1,10
POR,2024,Comissão de Frente,J4,10
POR,2024,Comissão de Frente,J3,10
POR,2024,Comissão de Frente,J2,9.9
POR,2024,Comissão de Frente,J1,9.9
POR,2024,Mestre-Sala e Porta-Bandeira,J4,9.9
POR,2024,Mestre-Sala e Porta-Bandeira,J3,9.8
POR,2024,Mestre-Sala e Porta-Bandeira,J2,9.9
POR,2024,Mestre-Sala e Porta-Bandeira,J1,9.9
POR,2024,Evolução,J4,9.8
POR,2024,Evolução,J3,10
POR,2024,Evolução,J2,10
POR,2024,Evolução,J1,10
POR,2024,Bateria,J4,10
POR,2024,Bateria,J3,10
POR,2024,Bateria,J2,9.9
POR,2024,Bateria,J1,9.9
POR,2024,Alegorias e Adereços,J4,9.8
POR,2024,Alegorias e Adereços,J3,9.9
POR,2024,Alegorias e Adereços,J2,9.9
POR,2024,Alegorias e Adereços,J1,9.8
POR,2024,Fantasias,J4,10
POR,2024,Fantasias,J3,10
PPE,2024,Enredo,J4,9.8
PPE,2024,Fantasias,J4,9.8
PPE,2024,Fantasias,J3,9.8
PPE,2024,Fantasias,J2,9.8
PPE,2024,Fantasias,J1,9.8
PPE,2024,Samba-Enredo,J4,10
PPE,2024,Samba-Enredo,J3,9.8
PPE,2024,Samba-Enredo,J2,10
PPE,2024,Samba-Enredo,J1,9.9
PPE,2024,Harmonia,J4,9.8
PPE,2024,Harmonia,J3,9.7
PPE,2024,Harmonia,J2,9.8
PPE,2024,Harmonia,J1,9.8
PPE,2024,Enredo,J3,9.8
PPE,2024,Enredo,J2,9.8
PPE,2024,Enredo,J1,9.7
PPE,2024,Comissão de Frente,J4,9.9
PPE,2024,Comissão de Frente,J3,9.9
PPE,2024,Comissão de Frente,J2,9.7
PPE,2024,Comissão de Frente,J1,9.8
PPE,2024,Mestre-Sala e Porta-Bandeira,J4,9.8
PPE,2024,Mestre-Sala e Porta-Bandeira,J3,9.8
PPE,2024,Mestre-Sala e Porta-Bandeira,J2,9.8
PPE,2024,Mestre-Sala e Porta-Bandeira,J1,9.9
PPE,2024,Evolução,J4,9.6
PPE,2024,Evolução,J3,9.7
PPE,2024,Evolução,J2,9.6
PPE,2024,Evolução,J1,9.6
PPE,2024,Bateria,J4,9.8
PPE,2024,Bateria,J3,9.9
PPE,2024,Bateria,J2,9.8
PPE,2024,Bateria,J1,9.9
PPE,2024,Alegorias e Adereços,J4,10
PPE,2024,Alegorias e Adereços,J3,9.6
PPE,2024,Alegorias e Adereços,J2,9.6
PPE,2024,Alegorias e Adereços,J1,9.6
SAL,2024,Mestre-Sala e Porta-Bandeira,J3,10
SAL,2024,Samba-Enredo,J2,10
SAL,2024,Samba-Enredo,J3,10
SAL,2024,Samba-Enredo,J4,10
SAL,2024,Fantasias,J1,10
SAL,2024,Fantasias,J2,10
SAL,2024,Fantasias,J3,9.9
SAL,2024,Fantasias,J4,9.8
SAL,2024,Alegorias e Adereços,J1,9.8
SAL,2024,Alegorias e Adereços,J2,9.8
SAL,2024,Alegorias e Adereços,J3,9.9
SAL,2024,Alegorias e Adereços,J4,9.8
SAL,2024,Bateria,J1,10
SAL,2024,Bateria,J2,10
SAL,2024,Bateria,J3,10
SAL,2024,Bateria,J4,9.9
SAL,2024,Evolução,J1,9.9
SAL,2024,Evolução,J2,9.9
SAL,2024,Samba-Enredo,J1,10
SAL,2024,Harmonia,J4,10
SAL,2024,Harmonia,J3,10
SAL,2024,Evolução,J3,10
SAL,2024,Evolução,J4,10
SAL,2024,Mestre-Sala e Porta-Bandeira,J1,10
SAL,2024,Mestre-Sala e Porta-Bandeira,J2,10
SAL,2024,Harmonia,J2,10
SAL,2024,Harmonia,J1,10
SAL,2024,Enredo,J4,10
SAL,2024,Enredo,J3,10
SAL,2024,Enredo,J2,9.9
SAL,2024,Enredo,J1,9.9
SAL,2024,Comissão de Frente,J4,9.9
SAL,2024,Comissão de Frente,J3,10
SAL,2024,Comissão de Frente,J2,9.9
SAL,2024,Comissão de Frente,J1,9.9
SAL,2024,Mestre-Sala e Porta-Bandeira,J4,10
TIJ,2024,Mestre-Sala e Porta-Bandeira,J3,9.7
TIJ,2024,Fantasias,J4,9.7
TIJ,2024,Fantasias,J3,9.7
TIJ,2024,Fantasias,J2,9.8
TIJ,2024,Fantasias,J1,9.9
TIJ,2024,Samba-Enredo,J4,9.8
TIJ,2024,Samba-Enredo,J3,9.7
TIJ,2024,Samba-Enredo,J2,9.7
TIJ,2024,Samba-Enredo,J1,9.8
TIJ,2024,Harmonia,J4,9.8
TIJ,2024,Harmonia,J3,9.8
TIJ,2024,Harmonia,J2,9.9
TIJ,2024,Harmonia,J1,9.9
TIJ,2024,Enredo,J4,9.7
TIJ,2024,Enredo,J3,9.7
TIJ,2024,Enredo,J2,9.6
TIJ,2024,Enredo,J1,9.7
TIJ,2024,Comissão de Frente,J4,9.8
TIJ,2024,Comissão de Frente,J3,9.8
TIJ,2024,Comissão de Frente,J2,9.8
TIJ,2024,Comissão de Frente,J1,9.8
TIJ,2024,Mestre-Sala e Porta-Bandeira,J4,9.8
TIJ,2024,Mestre-Sala e Porta-Bandeira,J2,9.9
TIJ,2024,Mestre-Sala e Porta-Bandeira,J1,9.9
TIJ,2024,Evolução,J4,10
TIJ,2024,Evolução,J3,10
TIJ,2024,Evolução,J2,10
TIJ,2024,Evolução,J1,10
TIJ,2024,Bateria,J4,10
TIJ,2024,Bateria,J3,10
TIJ,2024,Bateria,J2,10
TIJ,2024,Bateria,J1,10
TIJ,2024,Alegorias e Adereços,J4,9.9
TIJ,2024,Alegorias e Adereços,J3,9.7
TIJ,2024,Alegorias e Adereços,J2,9.7
TIJ,2024,Alegorias e Adereços,J1,9.6
TUI,2024,Fantasias,J4,9.8
TUI,2024,Mestre-Sala e Porta-Bandeira,J4,10
TUI,2024,Mestre-Sala e Porta-Bandeira,J3,9.8
TUI,2024,Comissão de Frente,J3,10
TUI,2024,Comissão de Frente,J2,9.8
TUI,2024,Comissão de Frente,J1,10
TUI,2024,Alegorias e Adereços,J1,9.8
TUI,2024,Alegorias e Adereços,J2,9.8
TUI,2024,Alegorias e Adereços,J3,9.9
TUI,2024,Alegorias e Adereços,J4,9.9
TUI,2024,Fantasias,J1,9.9
TUI,2024,Samba-Enredo,J4,9.9
TUI,2024,Samba-Enredo,J3,9.9
TUI,2024,Samba-Enredo,J2,10
TUI,2024,Samba-Enredo,J1,10
TUI,2024,Harmonia,J4,9.9
TUI,2024,Harmonia,J3,9.8
TUI,2024,Harmonia,J2,9.9
TUI,2024,Harmonia,J1,10
TUI,2024,Enredo,J4,10
TUI,2024,Enredo,J3,9.9
TUI,2024,Enredo,J2,9.9
TUI,2024,Enredo,J1,9.8
TUI,2024,Comissão de Frente,J4,10
TUI,2024,Fantasias,J2,9.8
TUI,2024,Fantasias,J3,9.8
TUI,2024,Bateria,J1,10
TUI,2024,Bateria,J2,10
TUI,2024,Bateria,J3,10
TUI,2024,Bateria,J4,9.9
TUI,2024,Evolução,J1,10
TUI,2024,Evolução,J2,9.8
TUI,2024,Evolução,J3,9.8
TUI,2024,Evolução,J4,9.9
TUI,2024,Mestre-Sala e Porta-Bandeira,J1,10
TUI,2024,Mestre-Sala e Porta-Bandeira,J2,10
VIR,2024,Enredo,J2,9.9
VIR,2024,Harmonia,J1,10
VIR,2024,Harmonia,J2,10
VIR,2024,Alegorias e Adereços,J1,9.9
VIR,2024,Alegorias e Adereços,J2,10
VIR,2024,Alegorias e Adereços,J3,10
VIR,2024,Alegorias e Adereços,J4,10
VIR,2024,Bateria,J1,10
VIR,2024,Bateria,J2,10
VIR,2024,Bateria,J3,10
VIR,2024,Bateria,J4,10
VIR,2024,Evolução,J1,10
VIR,2024,Evolução,J2,10
VIR,2024,Evolução,J3,10
VIR,2024,Evolução,J4,10
VIR,2024,Mestre-Sala e Porta-Bandeira,J1,10
VIR,2024,Mestre-Sala e Porta-Bandeira,J2,9.9
VIR,2024,Mestre-Sala e Porta-Bandeira,J3,10
VIR,2024,Enredo,J3,10
VIR,2024,Harmonia,J3,10
VIR,2024,Harmonia,J4,10
VIR,2024,Samba-Enredo,J1,10
VIR,2024,Samba-Enredo,J2,10
VIR,2024,Samba-Enredo,J3,10
VIR,2024,Samba-Enredo,J4,10
VIR,2024,Fantasias,J1,10
VIR,2024,Fantasias,J2,10
VIR,2024,Fantasias,J3,10
VIR,2024,Fantasias,J4,10
VIR,2024,Mestre-Sala e Porta-Bandeira,J4,10
VIR,2024,Comissão de Frente,J1,10
VIR,2024,Comissão de Frente,J2,10
VIR,2024,Comissão de Frente,J3,10
VIR,2024,Comissão de Frente,J4,10
VIR,2024,Enredo,J1,10
VIR,2024,Enredo,J4,10
VIS,2024,Mestre-Sala e Porta-Bandeira,J1,9.8
VIS,2024,Alegorias e Adereços,J1,9.8
VIS,2024,Alegorias e Adereços,J2,10
VIS,2024,Alegorias e Adereços,J3,10
VIS,2024,Alegorias e Adereços,J4,10
VIS,2024,Bateria,J1,10
VIS,2024,Bateria,J2,10
VIS,2024,Bateria,J3,10
VIS,2024,Bateria,J4,10
VIS,2024,Evolução,J1,10
VIS,2024,Evolução,J2,10
VIS,2024,Evolução,J3,10
VIS,2024,Evolução,J4,9.9
VIS,2024,Mestre-Sala e Porta-Bandeira,J2,9.9
VIS,2024,Mestre-Sala e Porta-Bandeira,J3,9.8
VIS,2024,Mestre-Sala e Porta-Bandeira,J4,9.8
VIS,2024,Comissão de Frente,J1,9.9
VIS,2024,Comissão de Frente,J2,10
VIS,2024,Comissão de Frente,J3,9.9
VIS,2024,Comissão de Frente,J4,9.8
VIS,2024,Enredo,J1,10
VIS,2024,Enredo,J2,10
VIS,2024,Enredo,J3,10
VIS,2024,Enredo,J4,10
VIS,2024,Harmonia,J1,9.9
VIS,2024,Harmonia,J2,9.9
VIS,2024,Harmonia,J3,9.9
VIS,2024,Harmonia,J4,10
VIS,2024,Samba-Enredo,J1,10
VIS,2024,Samba-Enredo,J2,9.8
VIS,2024,Samba-Enredo,J3,10
VIS,2024,Samba-Enredo,J4,9.8
VIS,2024,Fantasias,J1,9.9
VIS,2024,Fantasias,J2,10
VIS,2024,Fantasias,J3,10
VIS,2024,Fantasias,J4,9.8
BJF,2025,Bateria,J4,10
BJF,2025,Bateria,J1,10
BJF,2025,Mestre-Sala e Porta-Bandeira,J4,9.9
BJF,2025,Mestre-Sala e Porta-Bandeira,J3,10
BJF,2025,Mestre-Sala e Porta-Bandeira,J2,10
BJF,2025,Mestre-Sala e Porta-Bandeira,J1,10
BJF,2025,Enredo,J4,10
BJF,2025,Enredo,J3,10
BJF,2025,Enredo,J2,10
BJF,2025,Enredo,J1,10
BJF,2025,Comissão de Frente,J4,10
BJF,2025,Comissão de Frente,J3,10
BJF,2025,Comissão de Frente,J2,10
BJF,2025,Comissão de Frente,J1,10
BJF,2025,Samba-Enredo,J3,10
BJF,2025,Samba-Enredo,J4,10
BJF,2025,Bateria,J3,10
BJF,2025,Bateria,J2,10
BJF,2025,Harmonia,J1,10
BJF,2025,Harmonia,J2,10
BJF,2025,Harmonia,J3,10
BJF,2025,Harmonia,J4,9.9
BJF,2025,Alegorias e Adereços,J1,9.9
BJF,2025,Alegorias e Adereços,J2,10
BJF,2025,Alegorias e Adereços,J3,10
BJF,2025,Alegorias e Adereços,J4,10
BJF,2025,Evolução,J1,10
BJF,2025,Evolução,J2,10
BJF,2025,Evolução,J3,10
BJF,2025,Evolução,J4,10
BJF,2025,Fantasias,J1,10
BJF,2025,Fantasias,J2,10
BJF,2025,Fantasias,J3,10
BJF,2025,Fantasias,J4,10
BJF,2025,Samba-Enredo,J1,10
BJF,2025,Samba-Enredo,J2,10
GRA,2025,Harmonia,J2,10
GRA,2025,Harmonia,J3,10
GRA,2025,Harmonia,J4,10
GRA,2025,Harmonia,J1,10
GRA,2025,Bateria,J4,9.9
GRA,2025,Bateria,J3,10
GRA,2025,Bateria,J2,9.9
GRA,2025,Bateria,J1,10
GRA,2025,Mestre-Sala e Porta-Bandeira,J4,10
GRA,2025,Mestre-Sala e Porta-Bandeira,J3,10
GRA,2025,Mestre-Sala e Porta-Bandeira,J2,10
GRA,2025,Mestre-Sala e Porta-Bandeira,J1,10
GRA,2025,Enredo,J4,10
GRA,2025,Enredo,J3,10
GRA,2025,Enredo,J2,10
GRA,2025,Enredo,J1,10
GRA,2025,Alegorias e Adereços,J1,10
GRA,2025,Alegorias e Adereços,J2,10
GRA,2025,Alegorias e Adereços,J3,10
GRA,2025,Alegorias e Adereços,J4,10
GRA,2025,Evolução,J1,10
GRA,2025,Evolução,J2,10
GRA,2025,Evolução,J3,10
GRA,2025,Evolução,J4,10
GRA,2025,Fantasias,J1,10
GRA,2025,Fantasias,J2,10
GRA,2025,Fantasias,J3,10
GRA,2025,Fantasias,J4,10
GRA,2025,Samba-Enredo,J1,10
GRA,2025,Samba-Enredo,J2,10
GRA,2025,Samba-Enredo,J3,10
GRA,2025,Samba-Enredo,J4,10
GRA,2025,Comissão de Frente,J1,10
GRA,2025,Comissão de Frente,J2,10
GRA,2025,Comissão de Frente,J3,10
GRA,2025,Comissão de Frente,J4,10
IMP,2025,Alegorias e Adereços,J3,10
IMP,2025,Alegorias e Adereços,J4,10
IMP,2025,Evolução,J1,10
IMP,2025,Evolução,J2,10
IMP,2025,Evolução,J3,10
IMP,2025,Evolução,J4,10
IMP,2025,Fantasias,J1,10
IMP,2025,Fantasias,J2,9.9
IMP,2025,Fantasias,J3,10
IMP,2025,Fantasias,J4,9.9
IMP,2025,Samba-Enredo,J1,9.9
IMP,2025,Samba-Enredo,J2,10
IMP,2025,Samba-Enredo,J3,10
IMP,2025,Samba-Enredo,J4,9.9
IMP,2025,Comissão de Frente,J1,10
IMP,2025,Comissão de Frente,J2,10
IMP,2025,Enredo,J3,10
IMP,2025,Enredo,J4,10
IMP,2025,Mestre-Sala e Porta-Bandeira,J1,10
IMP,2025,Mestre-Sala e Porta-Bandeira,J2,10
IMP,2025,Mestre-Sala e Porta-Bandeira,J3,10
IMP,2025,Mestre-Sala e Porta-Bandeira,J4,10
IMP,2025,Bateria,J1,10
IMP,2025,Bateria,J2,10
IMP,2025,Bateria,J3,10
IMP,2025,Bateria,J4,10
IMP,2025,Harmonia,J1,10
IMP,2025,Harmonia,J2,10
IMP,2025,Harmonia,J3,10
IMP,2025,Harmonia,J4,10
IMP,2025,Alegorias e Adereços,J1,10
IMP,2025,Alegorias e Adereços,J2,10
IMP,2025,Comissão de Frente,J3,10
IMP,2025,Enredo,J2,10
IMP,2025,Enredo,J1,10
IMP,2025,Comissão de Frente,J4,10
MAN,2025,Enredo,J3,10
MAN,2025,Evolução,J2,10
MAN,2025,Evolução,J3,10
MAN,2025,Evolução,J4,10
MAN,2025,Fantasias,J1,10
MAN,2025,Fantasias,J2,9.9
MAN,2025,Fantasias,J3,10
MAN,2025,Fantasias,J4,9.9
MAN,2025,Samba-Enredo,J1,9.9
MAN,2025,Samba-Enredo,J2,10
MAN,2025,Samba-Enredo,J3,10
MAN,2025,Samba-Enredo,J4,9.8
MAN,2025,Comissão de Frente,J1,9.9
MAN,2025,Comissão de Frente,J2,9.9
MAN,2025,Comissão de Frente,J3,10
MAN,2025,Comissão de Frente,J4,10
MAN,2025,Harmonia,J4,10
MAN,2025,Harmonia,J3,10
MAN,2025,Harmonia,J2,10
MAN,2025,Harmonia,J1,9.7
MAN,2025,Bateria,J4,10
MAN,2025,Bateria,J3,10
MAN,2025,Bateria,J2,9.9
MAN,2025,Bateria,J1,10
MAN,2025,Mestre-Sala e Porta-Bandeira,J4,10
MAN,2025,Mestre-Sala e Porta-Bandeira,J3,10
MAN,2025,Mestre-Sala e Porta-Bandeira,J2,9.9
MAN,2025,Mestre-Sala e Porta-Bandeira,J1,9.9
MAN,2025,Enredo,J4,10
MAN,2025,Evolução,J1,10
MAN,2025,Enredo,J2,10
MAN,2025,Enredo,J1,10
MAN,2025,Alegorias e Adereços,J1,10
MAN,2025,Alegorias e Adereços,J2,9.9
MAN,2025,Alegorias e Adereços,J3,9.9
MAN,2025,Alegorias e Adereços,J4,9.9
MOC,2025,Comissão de Frente,J3,9.9
MOC,2025,Comissão de Frente,J1,10
MOC,2025,Samba-Enredo,J4,null
MOC,2025,Samba-Enredo,J3,9.9
MOC,2025,Samba-Enredo,J2,9.9
MOC,2025,Samba-Enredo,J1,10
MOC,2025,Fantasias,J4,9.8
MOC,2025,Fantasias,J3,9.9
MOC,2025,Fantasias,J2,9.7
MOC,2025,Fantasias,J1,9.7
MOC,2025,Evolução,J4,10
MOC,2025,Evolução,J3,9.8
MOC,2025,Evolução,J2,9.9
MOC,2025,Evolução,J1,10
MOC,2025,Alegorias e Adereços,J4,9.8
MOC,2025,Alegorias e Adereços,J3,9.9
MOC,2025,Alegorias e Adereços,J2,9.9
MOC,2025,Alegorias e Adereços,J1,9.7
MOC,2025,Harmonia,J4,10
MOC,2025,Harmonia,J3,10
MOC,2025,Harmonia,J2,9.9
MOC,2025,Harmonia,J1,9.8
MOC,2025,Bateria,J4,10
MOC,2025,Bateria,J3,9.9
MOC,2025,Bateria,J2,10
MOC,2025,Bateria,J1,10
MOC,2025,Mestre-Sala e Porta-Bandeira,J4,10
MOC,2025,Mestre-Sala e Porta-Bandeira,J3,10
MOC,2025,Mestre-Sala e Porta-Bandeira,J2,9.8
MOC,2025,Mestre-Sala e Porta-Bandeira,J1,10
MOC,2025,Enredo,J4,9.8
MOC,2025,Enredo,J3,9.8
MOC,2025,Enredo,J2,9.8
MOC,2025,Enredo,J1,9.7
MOC,2025,Comissão de Frente,J4,9.8
MOC,2025,Comissão de Frente,J2,9.9
POR,2025,Harmonia,J1,9.9
POR,2025,Enredo,J3,10
POR,2025,Enredo,J4,9.9
POR,2025,Fantasias,J4,10
POR,2025,Samba-Enredo,J1,10
POR,2025,Samba-Enredo,J2,10
POR,2025,Samba-Enredo,J3,10
POR,2025,Bateria,J4,10
POR,2025,Bateria,J3,10
POR,2025,Bateria,J2,10
POR,2025,Bateria,J1,10
POR,2025,Mestre-Sala e Porta-Bandeira,J4,10
POR,2025,Mestre-Sala e Porta-Bandeira,J3,10
POR,2025,Mestre-Sala e Porta-Bandeira,J2,10
POR,2025,Enredo,J1,9.7
POR,2025,Harmonia,J2,10
POR,2025,Harmonia,J3,10
POR,2025,Harmonia,J4,10
POR,2025,Alegorias e Adereços,J1,9.8
POR,2025,Alegorias e Adereços,J2,9.9
POR,2025,Alegorias e Adereços,J3,9.8
POR,2025,Alegorias e Adereços,J4,9.9
POR,2025,Evolução,J1,9.9
POR,2025,Evolução,J2,10
POR,2025,Enredo,J2,10
POR,2025,Mestre-Sala e Porta-Bandeira,J1,10
POR,2025,Evolução,J3,10
POR,2025,Samba-Enredo,J4,null
POR,2025,Comissão de Frente,J1,9.8
POR,2025,Comissão de Frente,J2,10
POR,2025,Comissão de Frente,J3,9.9
POR,2025,Comissão de Frente,J4,10
POR,2025,Fantasias,J3,10
POR,2025,Fantasias,J2,10
POR,2025,Fantasias,J1,9.8
POR,2025,Evolução,J4,10
SAL,2025,Fantasias,J4,9.9
SAL,2025,Samba-Enredo,J2,9.9
SAL,2025,Bateria,J1,10
SAL,2025,Bateria,J2,10
SAL,2025,Bateria,J3,10
SAL,2025,Bateria,J4,10
SAL,2025,Samba-Enredo,J3,9.9
SAL,2025,Samba-Enredo,J4,10
SAL,2025,Enredo,J1,10
SAL,2025,Harmonia,J1,9.9
SAL,2025,Harmonia,J2,10
SAL,2025,Comissão de Frente,J3,10
SAL,2025,Comissão de Frente,J4,9.9
SAL,2025,Comissão de Frente,J1,10
SAL,2025,Harmonia,J3,10
SAL,2025,Comissão de Frente,J2,10
SAL,2025,Enredo,J2,9.9
SAL,2025,Enredo,J3,9.9
SAL,2025,Enredo,J4,9.8
SAL,2025,Mestre-Sala e Porta-Bandeira,J1,10
SAL,2025,Mestre-Sala e Porta-Bandeira,J2,10
SAL,2025,Harmonia,J4,10
SAL,2025,Mestre-Sala e Porta-Bandeira,J3,10
SAL,2025,Mestre-Sala e Porta-Bandeira,J4,10
SAL,2025,Samba-Enredo,J1,9.9
SAL,2025,Alegorias e Adereços,J1,9.9
SAL,2025,Alegorias e Adereços,J2,9.9
SAL,2025,Alegorias e Adereços,J3,10
SAL,2025,Alegorias e Adereços,J4,9.8
SAL,2025,Evolução,J1,10
SAL,2025,Evolução,J2,10
SAL,2025,Evolução,J3,10
SAL,2025,Evolução,J4,9.9
SAL,2025,Fantasias,J1,10
SAL,2025,Fantasias,J2,9.9
SAL,2025,Fantasias,J3,9.9
TIJ,2025,Evolução,J1,9.9
TIJ,2025,Evolução,J2,9.9
TIJ,2025,Evolução,J3,9.9
TIJ,2025,Evolução,J4,10
TIJ,2025,Fantasias,J1,10
TIJ,2025,Fantasias,J2,9.7
TIJ,2025,Fantasias,J3,9.8
TIJ,2025,Fantasias,J4,10
TIJ,2025,Samba-Enredo,J1,10
TIJ,2025,Samba-Enredo,J2,10
TIJ,2025,Samba-Enredo,J3,10
TIJ,2025,Samba-Enredo,J4,9.8
TIJ,2025,Comissão de Frente,J1,9.9
TIJ,2025,Comissão de Frente,J2,9.8
TIJ,2025,Comissão de Frente,J3,10
TIJ,2025,Comissão de Frente,J4,9.9
TIJ,2025,Enredo,J2,10
TIJ,2025,Enredo,J3,9.9
TIJ,2025,Enredo,J4,10
TIJ,2025,Mestre-Sala e Porta-Bandeira,J1,10
TIJ,2025,Mestre-Sala e Porta-Bandeira,J2,10
TIJ,2025,Mestre-Sala e Porta-Bandeira,J3,9.9
TIJ,2025,Mestre-Sala e Porta-Bandeira,J4,10
TIJ,2025,Bateria,J1,10
TIJ,2025,Bateria,J2,10
TIJ,2025,Bateria,J3,10
TIJ,2025,Enredo,J1,9.9
TIJ,2025,Bateria,J4,10
TIJ,2025,Harmonia,J1,9.9
TIJ,2025,Harmonia,J2,10
TIJ,2025,Harmonia,J3,9.9
TIJ,2025,Harmonia,J4,9.9
TIJ,2025,Alegorias e Adereços,J1,9.8
TIJ,2025,Alegorias e Adereços,J2,9.9
TIJ,2025,Alegorias e Adereços,J3,9.9
TIJ,2025,Alegorias e Adereços,J4,9.9
TUI,2025,Comissão de Frente,J1,9.9
TUI,2025,Comissão de Frente,J4,9.9
TUI,2025,Comissão de Frente,J3,10
TUI,2025,Comissão de Frente,J2,9.9
TUI,2025,Samba-Enredo,J4,null
TUI,2025,Samba-Enredo,J3,9.8
TUI,2025,Samba-Enredo,J2,10
TUI,2025,Samba-Enredo,J1,9.9
TUI,2025,Fantasias,J4,9.9
TUI,2025,Fantasias,J3,9.8
TUI,2025,Fantasias,J2,9.9
TUI,2025,Fantasias,J1,9.7
TUI,2025,Evolução,J4,9.9
TUI,2025,Evolução,J3,9.8
TUI,2025,Evolução,J2,10
TUI,2025,Evolução,J1,9.8
TUI,2025,Alegorias e Adereços,J4,9.9
TUI,2025,Alegorias e Adereços,J3,9.9
TUI,2025,Alegorias e Adereços,J2,10
TUI,2025,Alegorias e Adereços,J1,10
TUI,2025,Harmonia,J4,9.9
TUI,2025,Harmonia,J3,9.9
TUI,2025,Harmonia,J2,10
TUI,2025,Harmonia,J1,9.6
TUI,2025,Bateria,J4,10
TUI,2025,Bateria,J3,10
TUI,2025,Bateria,J2,10
TUI,2025,Bateria,J1,9.9
TUI,2025,Mestre-Sala e Porta-Bandeira,J4,10
TUI,2025,Mestre-Sala e Porta-Bandeira,J3,10
TUI,2025,Mestre-Sala e Porta-Bandeira,J2,10
TUI,2025,Mestre-Sala e Porta-Bandeira,J1,9.9
TUI,2025,Enredo,J4,10
TUI,2025,Enredo,J3,9.9
TUI,2025,Enredo,J2,10
TUI,2025,Enredo,J1,10
UPM,2025,Alegorias e Adereços,J2,9.8
UPM,2025,Alegorias e Adereços,J3,9.8
UPM,2025,Harmonia,J2,9.8
UPM,2025,Harmonia,J1,9.8
UPM,2025,Samba-Enredo,J1,9.9
UPM,2025,Samba-Enredo,J2,9.9
UPM,2025,Samba-Enredo,J3,9.9
UPM,2025,Samba-Enredo,J4,9.7
UPM,2025,Comissão de Frente,J1,9.9
UPM,2025,Comissão de Frente,J2,9.8
UPM,2025,Comissão de Frente,J3,9.9
UPM,2025,Comissão de Frente,J4,9.8
UPM,2025,Fantasias,J4,9.9
UPM,2025,Fantasias,J3,9.8
UPM,2025,Fantasias,J2,9.8
UPM,2025,Fantasias,J1,9.9
UPM,2025,Evolução,J4,10
UPM,2025,Evolução,J3,9.9
UPM,2025,Evolução,J2,9.8
UPM,2025,Evolução,J1,9.9
UPM,2025,Alegorias e Adereços,J4,9.8
UPM,2025,Enredo,J1,10
UPM,2025,Enredo,J2,9.9
UPM,2025,Enredo,J3,10
UPM,2025,Enredo,J4,9.9
UPM,2025,Mestre-Sala e Porta-Bandeira,J1,9.8
UPM,2025,Mestre-Sala e Porta-Bandeira,J2,9.8
UPM,2025,Mestre-Sala e Porta-Bandeira,J3,9.9
UPM,2025,Mestre-Sala e Porta-Bandeira,J4,10
UPM,2025,Bateria,J1,9.9
UPM,2025,Bateria,J2,9.8
UPM,2025,Bateria,J3,9.9
UPM,2025,Bateria,J4,9.9
UPM,2025,Harmonia,J3,9.8
UPM,2025,Harmonia,J4,9.8
UPM,2025,Alegorias e Adereços,J1,9.8
VIR,2025,Evolução,J2,9.9
VIR,2025,Evolução,J3,10
VIR,2025,Alegorias e Adereços,J3,9.9
VIR,2025,Alegorias e Adereços,J4,10
VIR,2025,Comissão de Frente,J4,9.9
VIR,2025,Comissão de Frente,J3,10
VIR,2025,Comissão de Frente,J2,10
VIR,2025,Comissão de Frente,J1,10
VIR,2025,Samba-Enredo,J4,10
VIR,2025,Samba-Enredo,J3,9.9
VIR,2025,Samba-Enredo,J2,10
VIR,2025,Samba-Enredo,J1,10
VIR,2025,Fantasias,J4,10
VIR,2025,Fantasias,J3,10
VIR,2025,Fantasias,J2,10
VIR,2025,Enredo,J1,9.8
VIR,2025,Enredo,J2,9.9
VIR,2025,Fantasias,J1,9.9
VIR,2025,Evolução,J4,9.9
VIR,2025,Enredo,J3,9.9
VIR,2025,Enredo,J4,9.9
VIR,2025,Mestre-Sala e Porta-Bandeira,J1,10
VIR,2025,Mestre-Sala e Porta-Bandeira,J2,10
VIR,2025,Mestre-Sala e Porta-Bandeira,J3,10
VIR,2025,Mestre-Sala e Porta-Bandeira,J4,10
VIR,2025,Bateria,J1,10
VIR,2025,Bateria,J2,9.9
VIR,2025,Bateria,J3,9.9
VIR,2025,Bateria,J4,10
VIR,2025,Harmonia,J1,9.9
VIR,2025,Harmonia,J2,9.9
VIR,2025,Harmonia,J3,10
VIR,2025,Harmonia,J4,10
VIR,2025,Alegorias e Adereços,J1,10
VIR,2025,Alegorias e Adereços,J2,10
VIR,2025,Evolução,J1,10
VIS,2025,Samba-Enredo,J4,9.8
VIS,2025,Comissão de Frente,J1,10
VIS,2025,Comissão de Frente,J2,10
VIS,2025,Comissão de Frente,J3,9.9
VIS,2025,Alegorias e Adereços,J4,10
VIS,2025,Alegorias e Adereços,J3,10
VIS,2025,Alegorias e Adereços,J2,10
VIS,2025,Alegorias e Adereços,J1,10
VIS,2025,Harmonia,J4,10
VIS,2025,Harmonia,J3,10
VIS,2025,Harmonia,J2,10
VIS,2025,Harmonia,J1,9.8
VIS,2025,Bateria,J4,10
VIS,2025,Bateria,J3,9.9
VIS,2025,Bateria,J1,10
VIS,2025,Mestre-Sala e Porta-Bandeira,J4,9.9
VIS,2025,Mestre-Sala e Porta-Bandeira,J3,9.8
VIS,2025,Mestre-Sala e Porta-Bandeira,J2,10
VIS,2025,Mestre-Sala e Porta-Bandeira,J1,9.9
VIS,2025,Bateria,J2,10
VIS,2025,Enredo,J1,10
VIS,2025,Enredo,J4,9.8
VIS,2025,Enredo,J3,10
VIS,2025,Evolução,J1,10
VIS,2025,Evolução,J2,10
VIS,2025,Evolução,J3,10
VIS,2025,Evolução,J4,9.8
VIS,2025,Enredo,J2,9.9
VIS,2025,Fantasias,J1,10
VIS,2025,Fantasias,J2,10
VIS,2025,Fantasias,J3,10
VIS,2025,Comissão de Frente,J4,10
VIS,2025,Fantasias,J4,9.8
VIS,2025,Samba-Enredo,J1,9.8
VIS,2025,Samba-Enredo,J2,9.8
VIS,2025,Samba-Enredo,J3,9.8
BJF,2026,Evolução,J4,10
BJF,2026,Samba-Enredo,J4,10
BJF,2026,Samba-Enredo,J3,10
BJF,2026,Samba-Enredo,J2,10
BJF,2026,Samba-Enredo,J1,10
BJF,2026,Evolução,J3,10
BJF,2026,Evolução,J2,10
BJF,2026,Evolução,J1,10
BJF,2026,Enredo,J4,10
BJF,2026,Enredo,J3,10
BJF,2026,Enredo,J2,10
BJF,2026,Enredo,J1,10
BJF,2026,Fantasias,J4,10
BJF,2026,Fantasias,J3,10
BJF,2026,Fantasias,J2,10
BJF,2026,Fantasias,J1,10
BJF,2026,Harmonia,J4,10
BJF,2026,Harmonia,J3,10
BJF,2026,Harmonia,J2,10
BJF,2026,Harmonia,J1,10
BJF,2026,Alegorias e Adereços,J4,9.9
BJF,2026,Alegorias e Adereços,J3,9.9
BJF,2026,Alegorias e Adereços,J2,10
BJF,2026,Alegorias e Adereços,J1,10
BJF,2026,Mestre-Sala e Porta-Bandeira,J4,10
BJF,2026,Mestre-Sala e Porta-Bandeira,J3,9.9
BJF,2026,Mestre-Sala e Porta-Bandeira,J2,10
BJF,2026,Mestre-Sala e Porta-Bandeira,J1,10
BJF,2026,Bateria,J4,10
BJF,2026,Bateria,J3,10
BJF,2026,Bateria,J2,10
BJF,2026,Bateria,J1,10
BJF,2026,Comissão de Frente,J4,10
BJF,2026,Comissão de Frente,J3,10
BJF,2026,Comissão de Frente,J2,10
BJF,2026,Comissão de Frente,J1,10
GRA,2026,Fantasias,J4,9.9
GRA,2026,Enredo,J1,10
GRA,2026,Enredo,J2,9.8
GRA,2026,Enredo,J3,9.9
GRA,2026,Enredo,J4,9.8
GRA,2026,Evolução,J1,10
GRA,2026,Evolução,J2,10
GRA,2026,Evolução,J3,9.9
GRA,2026,Evolução,J4,9.9
GRA,2026,Samba-Enredo,J1,10
GRA,2026,Samba-Enredo,J2,10
GRA,2026,Harmonia,J2,9.9
GRA,2026,Harmonia,J1,9.9
GRA,2026,Alegorias e Adereços,J4,10
GRA,2026,Harmonia,J3,9.6
GRA,2026,Samba-Enredo,J3,9.9
GRA,2026,Samba-Enredo,J4,9.8
GRA,2026,Alegorias e Adereços,J3,9.9
GRA,2026,Alegorias e Adereços,J2,9.9
GRA,2026,Alegorias e Adereços,J1,9.9
GRA,2026,Mestre-Sala e Porta-Bandeira,J4,10
GRA,2026,Mestre-Sala e Porta-Bandeira,J3,10
GRA,2026,Mestre-Sala e Porta-Bandeira,J2,10
GRA,2026,Mestre-Sala e Porta-Bandeira,J1,9.9
GRA,2026,Bateria,J4,9.9
GRA,2026,Bateria,J3,9.9
GRA,2026,Bateria,J2,9.9
GRA,2026,Bateria,J1,10
GRA,2026,Comissão de Frente,J4,10
GRA,2026,Comissão de Frente,J3,9.9
GRA,2026,Comissão de Frente,J2,10
GRA,2026,Comissão de Frente,J1,10
GRA,2026,Fantasias,J1,10
GRA,2026,Fantasias,J2,9.8
GRA,2026,Harmonia,J4,9.9
GRA,2026,Fantasias,J3,10
IMP,2026,Mestre-Sala e Porta-Bandeira,J3,9.9
IMP,2026,Enredo,J4,10
IMP,2026,Enredo,J3,10
IMP,2026,Enredo,J2,9.9
IMP,2026,Enredo,J1,10
IMP,2026,Fantasias,J4,10
IMP,2026,Fantasias,J3,10
IMP,2026,Fantasias,J2,10
IMP,2026,Fantasias,J1,10
IMP,2026,Harmonia,J4,10
IMP,2026,Harmonia,J3,10
IMP,2026,Harmonia,J2,10
IMP,2026,Harmonia,J1,10
IMP,2026,Alegorias e Adereços,J4,10
IMP,2026,Alegorias e Adereços,J3,10
IMP,2026,Alegorias e Adereços,J2,10
IMP,2026,Alegorias e Adereços,J1,10
IMP,2026,Mestre-Sala e Porta-Bandeira,J4,9.9
IMP,2026,Mestre-Sala e Porta-Bandeira,J2,10
IMP,2026,Mestre-Sala e Porta-Bandeira,J1,10
IMP,2026,Bateria,J4,10
IMP,2026,Bateria,J3,10
IMP,2026,Bateria,J2,10
IMP,2026,Bateria,J1,10
IMP,2026,Comissão de Frente,J3,10
IMP,2026,Comissão de Frente,J2,9.9
IMP,2026,Comissão de Frente,J1,10
IMP,2026,Comissão de Frente,J4,9.9
IMP,2026,Evolução,J4,10
IMP,2026,Evolução,J3,10
IMP,2026,Evolução,J2,9.8
IMP,2026,Evolução,J1,10
IMP,2026,Samba-Enredo,J4,9.8
IMP,2026,Samba-Enredo,J3,9.8
IMP,2026,Samba-Enredo,J2,9.9
IMP,2026,Samba-Enredo,J1,9.9
MAN,2026,Evolução,J4,10
MAN,2026,Evolução,J3,10
MAN,2026,Evolução,J2,10
MAN,2026,Evolução,J1,10
MAN,2026,Fantasias,J3,10
MAN,2026,Fantasias,J2,9.9
MAN,2026,Fantasias,J1,10
MAN,2026,Harmonia,J4,10
MAN,2026,Harmonia,J3,9.9
MAN,2026,Enredo,J4,9.9
MAN,2026,Fantasias,J4,10
MAN,2026,Enredo,J1,10
MAN,2026,Enredo,J2,9.9
MAN,2026,Enredo,J3,9.9
MAN,2026,Comissão de Frente,J1,9.9
MAN,2026,Comissão de Frente,J2,9.9
MAN,2026,Comissão de Frente,J3,9.9
MAN,2026,Comissão de Frente,J4,10
MAN,2026,Bateria,J1,9.9
MAN,2026,Bateria,J2,10
MAN,2026,Bateria,J3,10
MAN,2026,Bateria,J4,10
MAN,2026,Mestre-Sala e Porta-Bandeira,J1,9.9
MAN,2026,Mestre-Sala e Porta-Bandeira,J2,9.9
MAN,2026,Mestre-Sala e Porta-Bandeira,J3,10
MAN,2026,Mestre-Sala e Porta-Bandeira,J4,9.9
MAN,2026,Alegorias e Adereços,J1,10
MAN,2026,Alegorias e Adereços,J2,9.9
MAN,2026,Alegorias e Adereços,J3,10
MAN,2026,Alegorias e Adereços,J4,10
MAN,2026,Harmonia,J1,10
MAN,2026,Harmonia,J2,10
MAN,2026,Samba-Enredo,J4,9.8
MAN,2026,Samba-Enredo,J3,9.9
MAN,2026,Samba-Enredo,J2,9.9
MAN,2026,Samba-Enredo,J1,10
MOC,2026,Alegorias e Adereços,J1,9.9
MOC,2026,Enredo,J1,10
MOC,2026,Enredo,J2,9.8
MOC,2026,Enredo,J3,9.6
MOC,2026,Enredo,J4,9.7
MOC,2026,Evolução,J1,9.9
MOC,2026,Evolução,J2,10
MOC,2026,Evolução,J3,9.9
MOC,2026,Evolução,J4,9.8
MOC,2026,Harmonia,J2,9.9
MOC,2026,Samba-Enredo,J4,9.9
MOC,2026,Samba-Enredo,J3,9.8
MOC,2026,Samba-Enredo,J2,9.9
MOC,2026,Samba-Enredo,J1,9.9
MOC,2026,Harmonia,J1,9.9
MOC,2026,Alegorias e Adereços,J4,9.8
MOC,2026,Alegorias e Adereços,J3,9.8
MOC,2026,Alegorias e Adereços,J2,9.8
MOC,2026,Mestre-Sala e Porta-Bandeira,J4,9.9
MOC,2026,Mestre-Sala e Porta-Bandeira,J3,9.8
MOC,2026,Mestre-Sala e Porta-Bandeira,J2,9.9
MOC,2026,Mestre-Sala e Porta-Bandeira,J1,10
MOC,2026,Bateria,J4,10
MOC,2026,Bateria,J3,9.9
MOC,2026,Bateria,J2,10
MOC,2026,Bateria,J1,9.9
MOC,2026,Comissão de Frente,J4,9.8
MOC,2026,Comissão de Frente,J3,9.9
MOC,2026,Comissão de Frente,J2,9.9
MOC,2026,Comissão de Frente,J1,10
MOC,2026,Fantasias,J4,9.8
MOC,2026,Fantasias,J3,9.9
MOC,2026,Fantasias,J2,9.9
MOC,2026,Fantasias,J1,10
MOC,2026,Harmonia,J4,9.8
MOC,2026,Harmonia,J3,9.7
NIT,2026,Fantasias,J3,9.8
NIT,2026,Fantasias,J4,9.6
NIT,2026,Enredo,J1,9.8
NIT,2026,Enredo,J2,9.6
NIT,2026,Enredo,J3,9.7
NIT,2026,Enredo,J4,9.8
NIT,2026,Evolução,J1,9.9
NIT,2026,Evolução,J2,9.7
NIT,2026,Evolução,J3,9.8
NIT,2026,Comissão de Frente,J1,9.8
NIT,2026,Comissão de Frente,J2,9.8
NIT,2026,Comissão de Frente,J3,9.9
NIT,2026,Comissão de Frente,J4,9.7
NIT,2026,Bateria,J1,9.8
NIT,2026,Bateria,J2,9.6
NIT,2026,Bateria,J3,9.7
NIT,2026,Bateria,J4,9.9
NIT,2026,Mestre-Sala e Porta-Bandeira,J1,9.8
NIT,2026,Mestre-Sala e Porta-Bandeira,J2,9.8
NIT,2026,Mestre-Sala e Porta-Bandeira,J3,9.8
NIT,2026,Mestre-Sala e Porta-Bandeira,J4,9.8
NIT,2026,Alegorias e Adereços,J1,9.6
NIT,2026,Alegorias e Adereços,J2,9.7
NIT,2026,Alegorias e Adereços,J3,9.8
NIT,2026,Alegorias e Adereços,J4,9.6
NIT,2026,Harmonia,J1,9.8
NIT,2026,Harmonia,J2,9.9
NIT,2026,Harmonia,J3,9.7
NIT,2026,Evolução,J4,9.8
NIT,2026,Harmonia,J4,9.8
NIT,2026,Fantasias,J1,9.6
NIT,2026,Fantasias,J2,9.6
NIT,2026,Samba-Enredo,J2,10
NIT,2026,Samba-Enredo,J1,10
NIT,2026,Samba-Enredo,J4,9.9
NIT,2026,Samba-Enredo,J3,9.9
POR,2026,Comissão de Frente,J4,9.9
POR,2026,Samba-Enredo,J4,9.9
POR,2026,Samba-Enredo,J3,9.9
POR,2026,Samba-Enredo,J2,10
POR,2026,Samba-Enredo,J1,10
POR,2026,Comissão de Frente,J1,10
POR,2026,Comissão de Frente,J2,9.9
POR,2026,Comissão de Frente,J3,9.9
POR,2026,Bateria,J1,10
POR,2026,Bateria,J2,9.9
POR,2026,Bateria,J3,10
POR,2026,Mestre-Sala e Porta-Bandeira,J1,10
POR,2026,Mestre-Sala e Porta-Bandeira,J2,9.8
POR,2026,Mestre-Sala e Porta-Bandeira,J3,10
POR,2026,Mestre-Sala e Porta-Bandeira,J4,10
POR,2026,Alegorias e Adereços,J1,9.8
POR,2026,Alegorias e Adereços,J2,9.8
POR,2026,Alegorias e Adereços,J3,9.8
POR,2026,Alegorias e Adereços,J4,9.8
POR,2026,Harmonia,J1,9.9
POR,2026,Harmonia,J2,9.9
POR,2026,Harmonia,J3,9.8
POR,2026,Evolução,J4,9.8
POR,2026,Evolução,J3,9.7
POR,2026,Evolução,J2,9.9
POR,2026,Evolução,J1,9.9
POR,2026,Enredo,J4,10
POR,2026,Enredo,J3,10
POR,2026,Enredo,J2,9.9
POR,2026,Enredo,J1,10
POR,2026,Fantasias,J4,10
POR,2026,Fantasias,J3,9.9
POR,2026,Fantasias,J2,9.8
POR,2026,Fantasias,J1,9.8
POR,2026,Harmonia,J4,9.8
POR,2026,Bateria,J4,9.9
SAL,2026,Bateria,J3,9.9
SAL,2026,Bateria,J2,10
SAL,2026,Evolução,J4,10
SAL,2026,Evolução,J3,10
SAL,2026,Evolução,J2,10
SAL,2026,Harmonia,J4,10
SAL,2026,Samba-Enredo,J3,9.9
SAL,2026,Samba-Enredo,J2,9.9
SAL,2026,Samba-Enredo,J1,9.9
SAL,2026,Enredo,J3,10
SAL,2026,Evolução,J1,10
SAL,2026,Enredo,J4,10
SAL,2026,Fantasias,J1,10
SAL,2026,Fantasias,J2,9.9
SAL,2026,Fantasias,J3,10
SAL,2026,Fantasias,J4,10
SAL,2026,Enredo,J1,10
SAL,2026,Enredo,J2,10
SAL,2026,Bateria,J1,10
SAL,2026,Comissão de Frente,J4,10
SAL,2026,Comissão de Frente,J3,10
SAL,2026,Comissão de Frente,J2,10
SAL,2026,Comissão de Frente,J1,10
SAL,2026,Samba-Enredo,J4,10
SAL,2026,Harmonia,J3,10
SAL,2026,Harmonia,J2,10
SAL,2026,Harmonia,J1,10
SAL,2026,Alegorias e Adereços,J4,10
SAL,2026,Alegorias e Adereços,J3,10
SAL,2026,Alegorias e Adereços,J2,9.9
SAL,2026,Alegorias e Adereços,J1,9.9
SAL,2026,Mestre-Sala e Porta-Bandeira,J4,10
SAL,2026,Mestre-Sala e Porta-Bandeira,J3,10
SAL,2026,Mestre-Sala e Porta-Bandeira,J2,10
SAL,2026,Mestre-Sala e Porta-Bandeira,J1,10
SAL,2026,Bateria,J4,10
TIJ,2026,Harmonia,J2,9.9
TIJ,2026,Mestre-Sala e Porta-Bandeira,J2,10
TIJ,2026,Mestre-Sala e Porta-Bandeira,J1,9.9
TIJ,2026,Bateria,J4,10
TIJ,2026,Bateria,J3,10
TIJ,2026,Bateria,J2,10
TIJ,2026,Bateria,J1,10
TIJ,2026,Comissão de Frente,J4,9.9
TIJ,2026,Comissão de Frente,J3,10
TIJ,2026,Comissão de Frente,J2,9.9
TIJ,2026,Comissão de Frente,J1,10
TIJ,2026,Mestre-Sala e Porta-Bandeira,J4,9.9
TIJ,2026,Alegorias e Adereços,J1,9.9
TIJ,2026,Alegorias e Adereços,J2,9.8
TIJ,2026,Alegorias e Adereços,J3,9.8
TIJ,2026,Alegorias e Adereços,J4,9.8
TIJ,2026,Harmonia,J1,9.9
TIJ,2026,Mestre-Sala e Porta-Bandeira,J3,9.9
TIJ,2026,Harmonia,J3,10
TIJ,2026,Harmonia,J4,9.9
TIJ,2026,Fantasias,J1,10
TIJ,2026,Fantasias,J2,9.9
TIJ,2026,Fantasias,J3,9.8
TIJ,2026,Fantasias,J4,10
TIJ,2026,Enredo,J1,9.9
TIJ,2026,Enredo,J2,9.9
TIJ,2026,Enredo,J3,9.9
TIJ,2026,Enredo,J4,10
TIJ,2026,Evolução,J1,9.9
TIJ,2026,Evolução,J2,10
TIJ,2026,Evolução,J3,10
TIJ,2026,Evolução,J4,10
TIJ,2026,Samba-Enredo,J1,10
TIJ,2026,Samba-Enredo,J2,10
TIJ,2026,Samba-Enredo,J3,9.9
TIJ,2026,Samba-Enredo,J4,10
TUI,2026,Enredo,J1,9.8
TUI,2026,Fantasias,J4,10
TUI,2026,Fantasias,J3,10
TUI,2026,Fantasias,J2,9.9
TUI,2026,Fantasias,J1,9.9
TUI,2026,Harmonia,J4,9.9
TUI,2026,Harmonia,J3,9.9
TUI,2026,Harmonia,J2,9.9
TUI,2026,Harmonia,J1,9.9
TUI,2026,Alegorias e Adereços,J4,9.9
TUI,2026,Alegorias e Adereços,J3,9.9
TUI,2026,Alegorias e Adereços,J2,10
TUI,2026,Mestre-Sala e Porta-Bandeira,J4,9.9
TUI,2026,Comissão de Frente,J1,9.9
TUI,2026,Comissão de Frente,J2,9.8
TUI,2026,Comissão de Frente,J3,10
TUI,2026,Comissão de Frente,J4,9.9
TUI,2026,Bateria,J1,9.9
TUI,2026,Bateria,J2,10
TUI,2026,Bateria,J3,10
TUI,2026,Bateria,J4,10
TUI,2026,Mestre-Sala e Porta-Bandeira,J1,9.9
TUI,2026,Mestre-Sala e Porta-Bandeira,J2,10
TUI,2026,Mestre-Sala e Porta-Bandeira,J3,9.9
TUI,2026,Alegorias e Adereços,J1,9.8
TUI,2026,Samba-Enredo,J4,10
TUI,2026,Samba-Enredo,J3,10
TUI,2026,Samba-Enredo,J2,10
TUI,2026,Samba-Enredo,J1,10
TUI,2026,Evolução,J4,9.9
TUI,2026,Evolução,J3,9.9
TUI,2026,Evolução,J2,9.8
TUI,2026,Evolução,J1,9.9
TUI,2026,Enredo,J4,10
TUI,2026,Enredo,J3,9.8
TUI,2026,Enredo,J2,10
VIR,2026,Fantasias,J2,10
VIR,2026,Fantasias,J1,10
VIR,2026,Fantasias,J3,10
VIR,2026,Fantasias,J4,9.9
VIR,2026,Enredo,J1,10
VIR,2026,Enredo,J2,10
VIR,2026,Enredo,J3,10
VIR,2026,Enredo,J4,10
VIR,2026,Evolução,J1,10
VIR,2026,Evolução,J2,10
VIR,2026,Evolução,J3,10
VIR,2026,Evolução,J4,10
VIR,2026,Comissão de Frente,J1,10
VIR,2026,Comissão de Frente,J2,10
VIR,2026,Comissão de Frente,J3,10
VIR,2026,Comissão de Frente,J4,10
VIR,2026,Bateria,J1,10
VIR,2026,Bateria,J2,10
VIR,2026,Bateria,J3,10
VIR,2026,Bateria,J4,10
VIR,2026,Mestre-Sala e Porta-Bandeira,J1,10
VIR,2026,Mestre-Sala e Porta-Bandeira,J2,10
VIR,2026,Mestre-Sala e Porta-Bandeira,J3,10
VIR,2026,Mestre-Sala e Porta-Bandeira,J4,10
VIR,2026,Alegorias e Adereços,J1,10
VIR,2026,Alegorias e Adereços,J2,10
VIR,2026,Alegorias e Adereços,J3,10
VIR,2026,Alegorias e Adereços,J4,10
VIR,2026,Harmonia,J1,10
VIR,2026,Harmonia,J2,10
VIR,2026,Harmonia,J3,10
VIR,2026,Harmonia,J4,10
VIR,2026,Samba-Enredo,J1,10
VIR,2026,Samba-Enredo,J2,10
VIR,2026,Samba-Enredo,J3,10
VIR,2026,Samba-Enredo,J4,9.9
VIS,2026,Alegorias e Adereços,J1,10
VIS,2026,Mestre-Sala e Porta-Bandeira,J4,10
VIS,2026,Mestre-Sala e Porta-Bandeira,J3,10
VIS,2026,Mestre-Sala e Porta-Bandeira,J2,9.9
VIS,2026,Mestre-Sala e Porta-Bandeira,J1,10
VIS,2026,Bateria,J4,10
VIS,2026,Bateria,J3,10
VIS,2026,Bateria,J2,10
VIS,2026,Bateria,J1,10
VIS,2026,Comissão de Frente,J4,10
VIS,2026,Comissão de Frente,J3,9.9
VIS,2026,Comissão de Frente,J2,10
VIS,2026,Comissão de Frente,J1,10
VIS,2026,Fantasias,J1,10
VIS,2026,Fantasias,J2,10
VIS,2026,Fantasias,J3,10
VIS,2026,Fantasias,J4,9.9
VIS,2026,Enredo,J1,10
VIS,2026,Enredo,J2,10
VIS,2026,Enredo,J3,10
VIS,2026,Enredo,J4,10
VIS,2026,Evolução,J4,10
VIS,2026,Samba-Enredo,J4,10
VIS,2026,Samba-Enredo,J3,10
VIS,2026,Samba-Enredo,J2,10
VIS,2026,Samba-Enredo,J1,10
VIS,2026,Harmonia,J4,10
VIS,2026,Harmonia,J3,9.9
VIS,2026,Harmonia,J2,10
VIS,2026,Harmonia,J1,9.9
VIS,2026,Alegorias e Adereços,J4,10
VIS,2026,Alegorias e Adereços,J3,10
VIS,2026,Alegorias e Adereços,J2,10
VIS,2026,Evolução,J1,10
VIS,2026,Evolução,J2,10
VIS,2026,Evolução,J3,10